 
****************************************
Report : timing
        -path full
        -delay max
        -max_paths 100
Design : System_Top
Version: K-2015.06
Date   : Sun Aug 10 17:11:06 2025
****************************************

Operating Conditions: scmetro_tsmc_cl013g_rvt_ss_1p08v_125c   Library: scmetro_tsmc_cl013g_rvt_ss_1p08v_125c
Wire Load Model Mode: top

  Startpoint: U0_RegFile/regArr_reg[1][6]
              (rising edge-triggered flip-flop clocked by REG_CLK)
  Endpoint: U0_ALU/ALU_OUT_reg[0]
            (rising edge-triggered flip-flop clocked by ALU_CLK)
  Path Group: ALU_CLK
  Path Type: max

  Des/Clust/Port     Wire Load Model       Library
  ------------------------------------------------
  System_Top         tsmc13_wl30           scmetro_tsmc_cl013g_rvt_ss_1p08v_125c

  Point                                                   Incr       Path
  --------------------------------------------------------------------------
  clock REG_CLK (rise edge)                               0.00       0.00
  clock network delay (ideal)                             0.00       0.00
  U0_RegFile/regArr_reg[1][6]/CK (DFFRQX1M)               0.00       0.00 r
  U0_RegFile/regArr_reg[1][6]/Q (DFFRQX1M)                0.66       0.66 r
  U0_RegFile/U325/Y (INVX2M)                              0.25       0.90 f
  U0_RegFile/U323/Y (INVX6M)                              0.84       1.74 r
  U0_RegFile/REG1[6] (RegFile)                            0.00       1.74 r
  U0_ALU/B[6] (ALU)                                       0.00       1.74 r
  U0_ALU/div_51/b[6] (ALU_DW_div_uns_0)                   0.00       1.74 r
  U0_ALU/div_51/U202/Y (INVX2M)                           0.75       2.49 f
  U0_ALU/div_51/U244/Y (NAND3BX2M)                        0.83       3.32 r
  U0_ALU/div_51/U150/Y (NOR2X2M)                          0.47       3.78 f
  U0_ALU/div_51/U174/Y (INVX4M)                           0.60       4.38 r
  U0_ALU/div_51/U152/Y (NOR2X2M)                          0.42       4.80 f
  U0_ALU/div_51/U121/Y (OAI221X4M)                        0.43       5.24 r
  U0_ALU/div_51/U240/Y (OAI21X4M)                         0.50       5.74 f
  U0_ALU/div_51/U218/Y (NOR2X2M)                          0.56       6.29 r
  U0_ALU/div_51/U230/Y (OAI2BB2X4M)                       0.33       6.62 f
  U0_ALU/div_51/U229/Y (OAI31X2M)                         0.81       7.44 r
  U0_ALU/div_51/U228/Y (NAND2X2M)                         0.43       7.86 f
  U0_ALU/div_51/U205/Y (OAI32X2M)                         0.87       8.74 r
  U0_ALU/div_51/U204/Y (BUFX4M)                           0.65       9.39 r
  U0_ALU/div_51/U283/Y (AOI21X1M)                         0.56       9.95 f
  U0_ALU/div_51/U107/Y (AOI31X4M)                         0.86      10.81 r
  U0_ALU/div_51/U248/Y (OAI21X2M)                         0.38      11.18 f
  U0_ALU/div_51/U247/Y (OAI2BB1X2M)                       0.69      11.87 r
  U0_ALU/div_51/U227/Y (AO21XLM)                          0.70      12.57 r
  U0_ALU/div_51/U225/Y (OAI211X2M)                        0.46      13.03 f
  U0_ALU/div_51/U170/Y (OAI31X2M)                         0.35      13.39 r
  U0_ALU/div_51/U168/Y (BUFX4M)                           0.83      14.21 r
  U0_ALU/div_51/U211/Y (AO21XLM)                          0.70      14.92 r
  U0_ALU/div_51/U166/Y (OAI31X2M)                         0.39      15.30 f
  U0_ALU/div_51/U165/Y (BUFX2M)                           0.51      15.81 f
  U0_ALU/div_51/U290/Y (AO21XLM)                          0.71      16.52 f
  U0_ALU/div_51/U289/Y (OAI21X4M)                         0.46      16.99 r
  U0_ALU/div_51/U180/Y (OR2X2M)                           0.40      17.39 r
  U0_ALU/div_51/U288/Y (AO2B2X2M)                         0.70      18.09 r
  U0_ALU/div_51/U254/Y (OAI2B1X2M)                        0.67      18.76 r
  U0_ALU/div_51/U233/Y (OAI21X4M)                         0.38      19.14 f
  U0_ALU/div_51/U232/Y (AOI2BB1X2M)                       0.41      19.54 f
  U0_ALU/div_51/U84/Y (OAI32X4M)                          0.93      20.47 r
  U0_ALU/div_51/U212/Y (AO21XLM)                          0.71      21.18 r
  U0_ALU/div_51/U157/Y (OAI31X2M)                         0.39      21.57 f
  U0_ALU/div_51/U155/Y (BUFX2M)                           0.50      22.06 f
  U0_ALU/div_51/U156/Y (INVXLM)                           0.58      22.65 r
  U0_ALU/div_51/U171/Y (NAND2X2M)                         0.33      22.98 f
  U0_ALU/div_51/U172/Y (NAND2X2M)                         0.48      23.46 r
  U0_ALU/div_51/U255/Y (INVX2M)                           0.39      23.85 f
  U0_ALU/div_51/U241/Y (OAI21X4M)                         0.73      24.58 r
  U0_ALU/div_51/U177/Y (OR2X2M)                           0.40      24.98 r
  U0_ALU/div_51/U239/Y (AO2B2X2M)                         0.69      25.67 r
  U0_ALU/div_51/U183/Y (NOR2BX2M)                         0.32      25.99 f
  U0_ALU/div_51/U214/Y (OAI22X4M)                         0.59      26.57 r
  U0_ALU/div_51/U176/Y (INVX2M)                           0.31      26.89 f
  U0_ALU/div_51/U60/Y (OAI32X4M)                          0.88      27.76 r
  U0_ALU/div_51/U178/Y (CLKINVX3M)                        1.19      28.95 f
  U0_ALU/div_51/U217/Y (OAI21X2M)                         0.81      29.77 r
  U0_ALU/div_51/U216/Y (OAI2BB1X2M)                       0.65      30.42 f
  U0_ALU/div_51/U246/Y (OAI21X2M)                         0.66      31.08 r
  U0_ALU/div_51/U245/Y (OAI2BB1X2M)                       0.64      31.72 f
  U0_ALU/div_51/U298/Y (OR2X2M)                           0.41      32.13 f
  U0_ALU/div_51/U297/Y (AO2B2X2M)                         0.62      32.75 f
  U0_ALU/div_51/U243/Y (OAI2BB1X2M)                       0.46      33.21 f
  U0_ALU/div_51/U242/Y (OAI21X4M)                         0.43      33.64 r
  U0_ALU/div_51/U175/Y (AO21XLM)                          0.74      34.38 r
  U0_ALU/div_51/U213/Y (OAI21X4M)                         0.48      34.86 f
  U0_ALU/div_51/U295/Y (OAI2BB1X2M)                       0.45      35.31 f
  U0_ALU/div_51/U294/Y (OAI21X2M)                         0.49      35.80 r
  U0_ALU/div_51/U293/Y (OAI22X1M)                         0.62      36.42 f
  U0_ALU/div_51/U162/Y (OAI2B11X2M)                       0.57      36.99 r
  U0_ALU/div_51/U238/Y (CLKINVX3M)                        1.21      38.19 f
  U0_ALU/div_51/U253/Y (AOI2BB2X2M)                       0.72      38.91 r
  U0_ALU/div_51/U258/Y (NOR2X2M)                          0.28      39.19 f
  U0_ALU/div_51/U256/Y (OA21X2M)                          0.63      39.82 f
  U0_ALU/div_51/U260/Y (AND2X2M)                          0.37      40.19 f
  U0_ALU/div_51/U154/Y (OAI22X4M)                         0.56      40.74 r
  U0_ALU/div_51/U291/Y (OAI2BB1X2M)                       0.38      41.12 r
  U0_ALU/div_51/U201/Y (OAI21X2M)                         0.43      41.55 f
  U0_ALU/div_51/U259/Y (AO21XLM)                          0.70      42.25 f
  U0_ALU/div_51/U251/Y (OAI21X2M)                         0.53      42.78 r
  U0_ALU/div_51/U250/Y (NOR2X2M)                          0.36      43.14 f
  U0_ALU/div_51/U249/Y (OAI2BB2X2M)                       0.92      44.06 r
  U0_ALU/div_51/U287/Y (AO21XLM)                          0.71      44.77 r
  U0_ALU/div_51/U286/Y (OAI21X2M)                         0.55      45.32 f
  U0_ALU/div_51/U285/Y (AO21XLM)                          0.72      46.03 f
  U0_ALU/div_51/U284/Y (OAI32X2M)                         0.90      46.93 r
  U0_ALU/div_51/quotient[0] (ALU_DW_div_uns_0)            0.00      46.93 r
  U0_ALU/U153/Y (AOI222X2M)                               0.49      47.42 f
  U0_ALU/U214/Y (AOI31X2M)                                0.58      47.99 r
  U0_ALU/ALU_OUT_reg[0]/D (DFFRQX2M)                      0.00      47.99 r
  data arrival time                                                 47.99

  clock ALU_CLK (rise edge)                              50.00      50.00
  clock network delay (ideal)                             0.00      50.00
  clock uncertainty                                      -0.20      49.80
  U0_ALU/ALU_OUT_reg[0]/CK (DFFRQX2M)                     0.00      49.80 r
  library setup time                                     -0.39      49.41
  data required time                                                49.41
  --------------------------------------------------------------------------
  data required time                                                49.41
  data arrival time                                                -47.99
  --------------------------------------------------------------------------
  slack (MET)                                                        1.42


  Startpoint: U0_RegFile/regArr_reg[1][6]
              (rising edge-triggered flip-flop clocked by REG_CLK)
  Endpoint: U0_ALU/ALU_OUT_reg[1]
            (rising edge-triggered flip-flop clocked by ALU_CLK)
  Path Group: ALU_CLK
  Path Type: max

  Des/Clust/Port     Wire Load Model       Library
  ------------------------------------------------
  System_Top         tsmc13_wl30           scmetro_tsmc_cl013g_rvt_ss_1p08v_125c

  Point                                                   Incr       Path
  --------------------------------------------------------------------------
  clock REG_CLK (rise edge)                               0.00       0.00
  clock network delay (ideal)                             0.00       0.00
  U0_RegFile/regArr_reg[1][6]/CK (DFFRQX1M)               0.00       0.00 r
  U0_RegFile/regArr_reg[1][6]/Q (DFFRQX1M)                0.66       0.66 r
  U0_RegFile/U325/Y (INVX2M)                              0.25       0.90 f
  U0_RegFile/U323/Y (INVX6M)                              0.84       1.74 r
  U0_RegFile/REG1[6] (RegFile)                            0.00       1.74 r
  U0_ALU/B[6] (ALU)                                       0.00       1.74 r
  U0_ALU/div_51/b[6] (ALU_DW_div_uns_0)                   0.00       1.74 r
  U0_ALU/div_51/U202/Y (INVX2M)                           0.75       2.49 f
  U0_ALU/div_51/U244/Y (NAND3BX2M)                        0.83       3.32 r
  U0_ALU/div_51/U150/Y (NOR2X2M)                          0.47       3.78 f
  U0_ALU/div_51/U174/Y (INVX4M)                           0.60       4.38 r
  U0_ALU/div_51/U152/Y (NOR2X2M)                          0.42       4.80 f
  U0_ALU/div_51/U121/Y (OAI221X4M)                        0.43       5.24 r
  U0_ALU/div_51/U240/Y (OAI21X4M)                         0.50       5.74 f
  U0_ALU/div_51/U218/Y (NOR2X2M)                          0.56       6.29 r
  U0_ALU/div_51/U230/Y (OAI2BB2X4M)                       0.33       6.62 f
  U0_ALU/div_51/U229/Y (OAI31X2M)                         0.81       7.44 r
  U0_ALU/div_51/U228/Y (NAND2X2M)                         0.43       7.86 f
  U0_ALU/div_51/U205/Y (OAI32X2M)                         0.87       8.74 r
  U0_ALU/div_51/U204/Y (BUFX4M)                           0.65       9.39 r
  U0_ALU/div_51/U283/Y (AOI21X1M)                         0.56       9.95 f
  U0_ALU/div_51/U107/Y (AOI31X4M)                         0.86      10.81 r
  U0_ALU/div_51/U248/Y (OAI21X2M)                         0.38      11.18 f
  U0_ALU/div_51/U247/Y (OAI2BB1X2M)                       0.69      11.87 r
  U0_ALU/div_51/U227/Y (AO21XLM)                          0.70      12.57 r
  U0_ALU/div_51/U225/Y (OAI211X2M)                        0.46      13.03 f
  U0_ALU/div_51/U170/Y (OAI31X2M)                         0.35      13.39 r
  U0_ALU/div_51/U168/Y (BUFX4M)                           0.83      14.21 r
  U0_ALU/div_51/U211/Y (AO21XLM)                          0.70      14.92 r
  U0_ALU/div_51/U166/Y (OAI31X2M)                         0.39      15.30 f
  U0_ALU/div_51/U165/Y (BUFX2M)                           0.51      15.81 f
  U0_ALU/div_51/U290/Y (AO21XLM)                          0.71      16.52 f
  U0_ALU/div_51/U289/Y (OAI21X4M)                         0.46      16.99 r
  U0_ALU/div_51/U180/Y (OR2X2M)                           0.40      17.39 r
  U0_ALU/div_51/U288/Y (AO2B2X2M)                         0.70      18.09 r
  U0_ALU/div_51/U254/Y (OAI2B1X2M)                        0.67      18.76 r
  U0_ALU/div_51/U233/Y (OAI21X4M)                         0.38      19.14 f
  U0_ALU/div_51/U232/Y (AOI2BB1X2M)                       0.41      19.54 f
  U0_ALU/div_51/U84/Y (OAI32X4M)                          0.93      20.47 r
  U0_ALU/div_51/U212/Y (AO21XLM)                          0.71      21.18 r
  U0_ALU/div_51/U157/Y (OAI31X2M)                         0.39      21.57 f
  U0_ALU/div_51/U155/Y (BUFX2M)                           0.50      22.06 f
  U0_ALU/div_51/U156/Y (INVXLM)                           0.58      22.65 r
  U0_ALU/div_51/U171/Y (NAND2X2M)                         0.33      22.98 f
  U0_ALU/div_51/U172/Y (NAND2X2M)                         0.48      23.46 r
  U0_ALU/div_51/U255/Y (INVX2M)                           0.39      23.85 f
  U0_ALU/div_51/U241/Y (OAI21X4M)                         0.73      24.58 r
  U0_ALU/div_51/U177/Y (OR2X2M)                           0.40      24.98 r
  U0_ALU/div_51/U239/Y (AO2B2X2M)                         0.69      25.67 r
  U0_ALU/div_51/U183/Y (NOR2BX2M)                         0.32      25.99 f
  U0_ALU/div_51/U214/Y (OAI22X4M)                         0.59      26.57 r
  U0_ALU/div_51/U176/Y (INVX2M)                           0.31      26.89 f
  U0_ALU/div_51/U60/Y (OAI32X4M)                          0.88      27.76 r
  U0_ALU/div_51/U178/Y (CLKINVX3M)                        1.19      28.95 f
  U0_ALU/div_51/U217/Y (OAI21X2M)                         0.81      29.77 r
  U0_ALU/div_51/U216/Y (OAI2BB1X2M)                       0.65      30.42 f
  U0_ALU/div_51/U246/Y (OAI21X2M)                         0.66      31.08 r
  U0_ALU/div_51/U245/Y (OAI2BB1X2M)                       0.64      31.72 f
  U0_ALU/div_51/U298/Y (OR2X2M)                           0.41      32.13 f
  U0_ALU/div_51/U297/Y (AO2B2X2M)                         0.62      32.75 f
  U0_ALU/div_51/U243/Y (OAI2BB1X2M)                       0.46      33.21 f
  U0_ALU/div_51/U242/Y (OAI21X4M)                         0.43      33.64 r
  U0_ALU/div_51/U175/Y (AO21XLM)                          0.74      34.38 r
  U0_ALU/div_51/U213/Y (OAI21X4M)                         0.48      34.86 f
  U0_ALU/div_51/U295/Y (OAI2BB1X2M)                       0.45      35.31 f
  U0_ALU/div_51/U294/Y (OAI21X2M)                         0.49      35.80 r
  U0_ALU/div_51/U293/Y (OAI22X1M)                         0.62      36.42 f
  U0_ALU/div_51/U162/Y (OAI2B11X2M)                       0.57      36.99 r
  U0_ALU/div_51/U238/Y (CLKINVX3M)                        1.21      38.19 f
  U0_ALU/div_51/quotient[1] (ALU_DW_div_uns_0)            0.00      38.19 f
  U0_ALU/U159/Y (AOI222X2M)                               1.07      39.26 r
  U0_ALU/U168/Y (AOI31X1M)                                0.69      39.95 f
  U0_ALU/ALU_OUT_reg[1]/D (DFFRQX1M)                      0.00      39.95 f
  data arrival time                                                 39.95

  clock ALU_CLK (rise edge)                              50.00      50.00
  clock network delay (ideal)                             0.00      50.00
  clock uncertainty                                      -0.20      49.80
  U0_ALU/ALU_OUT_reg[1]/CK (DFFRQX1M)                     0.00      49.80 r
  library setup time                                     -0.26      49.54
  data required time                                                49.54
  --------------------------------------------------------------------------
  data required time                                                49.54
  data arrival time                                                -39.95
  --------------------------------------------------------------------------
  slack (MET)                                                        9.59


  Startpoint: U0_RegFile/regArr_reg[1][6]
              (rising edge-triggered flip-flop clocked by REG_CLK)
  Endpoint: U0_ALU/ALU_OUT_reg[2]
            (rising edge-triggered flip-flop clocked by ALU_CLK)
  Path Group: ALU_CLK
  Path Type: max

  Des/Clust/Port     Wire Load Model       Library
  ------------------------------------------------
  System_Top         tsmc13_wl30           scmetro_tsmc_cl013g_rvt_ss_1p08v_125c

  Point                                                   Incr       Path
  --------------------------------------------------------------------------
  clock REG_CLK (rise edge)                               0.00       0.00
  clock network delay (ideal)                             0.00       0.00
  U0_RegFile/regArr_reg[1][6]/CK (DFFRQX1M)               0.00       0.00 r
  U0_RegFile/regArr_reg[1][6]/Q (DFFRQX1M)                0.66       0.66 r
  U0_RegFile/U325/Y (INVX2M)                              0.25       0.90 f
  U0_RegFile/U323/Y (INVX6M)                              0.84       1.74 r
  U0_RegFile/REG1[6] (RegFile)                            0.00       1.74 r
  U0_ALU/B[6] (ALU)                                       0.00       1.74 r
  U0_ALU/div_51/b[6] (ALU_DW_div_uns_0)                   0.00       1.74 r
  U0_ALU/div_51/U202/Y (INVX2M)                           0.75       2.49 f
  U0_ALU/div_51/U244/Y (NAND3BX2M)                        0.83       3.32 r
  U0_ALU/div_51/U150/Y (NOR2X2M)                          0.47       3.78 f
  U0_ALU/div_51/U174/Y (INVX4M)                           0.60       4.38 r
  U0_ALU/div_51/U152/Y (NOR2X2M)                          0.42       4.80 f
  U0_ALU/div_51/U121/Y (OAI221X4M)                        0.43       5.24 r
  U0_ALU/div_51/U240/Y (OAI21X4M)                         0.50       5.74 f
  U0_ALU/div_51/U218/Y (NOR2X2M)                          0.56       6.29 r
  U0_ALU/div_51/U230/Y (OAI2BB2X4M)                       0.33       6.62 f
  U0_ALU/div_51/U229/Y (OAI31X2M)                         0.81       7.44 r
  U0_ALU/div_51/U228/Y (NAND2X2M)                         0.43       7.86 f
  U0_ALU/div_51/U205/Y (OAI32X2M)                         0.87       8.74 r
  U0_ALU/div_51/U204/Y (BUFX4M)                           0.65       9.39 r
  U0_ALU/div_51/U283/Y (AOI21X1M)                         0.56       9.95 f
  U0_ALU/div_51/U107/Y (AOI31X4M)                         0.86      10.81 r
  U0_ALU/div_51/U248/Y (OAI21X2M)                         0.38      11.18 f
  U0_ALU/div_51/U247/Y (OAI2BB1X2M)                       0.69      11.87 r
  U0_ALU/div_51/U227/Y (AO21XLM)                          0.70      12.57 r
  U0_ALU/div_51/U225/Y (OAI211X2M)                        0.46      13.03 f
  U0_ALU/div_51/U170/Y (OAI31X2M)                         0.35      13.39 r
  U0_ALU/div_51/U168/Y (BUFX4M)                           0.83      14.21 r
  U0_ALU/div_51/U211/Y (AO21XLM)                          0.70      14.92 r
  U0_ALU/div_51/U166/Y (OAI31X2M)                         0.39      15.30 f
  U0_ALU/div_51/U165/Y (BUFX2M)                           0.51      15.81 f
  U0_ALU/div_51/U290/Y (AO21XLM)                          0.71      16.52 f
  U0_ALU/div_51/U289/Y (OAI21X4M)                         0.46      16.99 r
  U0_ALU/div_51/U180/Y (OR2X2M)                           0.40      17.39 r
  U0_ALU/div_51/U288/Y (AO2B2X2M)                         0.70      18.09 r
  U0_ALU/div_51/U254/Y (OAI2B1X2M)                        0.67      18.76 r
  U0_ALU/div_51/U233/Y (OAI21X4M)                         0.38      19.14 f
  U0_ALU/div_51/U232/Y (AOI2BB1X2M)                       0.41      19.54 f
  U0_ALU/div_51/U84/Y (OAI32X4M)                          0.93      20.47 r
  U0_ALU/div_51/U212/Y (AO21XLM)                          0.71      21.18 r
  U0_ALU/div_51/U157/Y (OAI31X2M)                         0.39      21.57 f
  U0_ALU/div_51/U155/Y (BUFX2M)                           0.50      22.06 f
  U0_ALU/div_51/U156/Y (INVXLM)                           0.58      22.65 r
  U0_ALU/div_51/U171/Y (NAND2X2M)                         0.33      22.98 f
  U0_ALU/div_51/U172/Y (NAND2X2M)                         0.48      23.46 r
  U0_ALU/div_51/U255/Y (INVX2M)                           0.39      23.85 f
  U0_ALU/div_51/U241/Y (OAI21X4M)                         0.73      24.58 r
  U0_ALU/div_51/U177/Y (OR2X2M)                           0.40      24.98 r
  U0_ALU/div_51/U239/Y (AO2B2X2M)                         0.69      25.67 r
  U0_ALU/div_51/U183/Y (NOR2BX2M)                         0.32      25.99 f
  U0_ALU/div_51/U214/Y (OAI22X4M)                         0.59      26.57 r
  U0_ALU/div_51/U176/Y (INVX2M)                           0.31      26.89 f
  U0_ALU/div_51/U60/Y (OAI32X4M)                          0.88      27.76 r
  U0_ALU/div_51/U178/Y (CLKINVX3M)                        1.19      28.95 f
  U0_ALU/div_51/U167/Y (INVX2M)                           0.93      29.89 r
  U0_ALU/div_51/quotient[2] (ALU_DW_div_uns_0)            0.00      29.89 r
  U0_ALU/U158/Y (AOI222X2M)                               0.42      30.30 f
  U0_ALU/U169/Y (AOI31X1M)                                0.75      31.05 r
  U0_ALU/ALU_OUT_reg[2]/D (DFFRQX2M)                      0.00      31.05 r
  data arrival time                                                 31.05

  clock ALU_CLK (rise edge)                              50.00      50.00
  clock network delay (ideal)                             0.00      50.00
  clock uncertainty                                      -0.20      49.80
  U0_ALU/ALU_OUT_reg[2]/CK (DFFRQX2M)                     0.00      49.80 r
  library setup time                                     -0.42      49.38
  data required time                                                49.38
  --------------------------------------------------------------------------
  data required time                                                49.38
  data arrival time                                                -31.05
  --------------------------------------------------------------------------
  slack (MET)                                                       18.33


  Startpoint: U0_RegFile/regArr_reg[1][6]
              (rising edge-triggered flip-flop clocked by REG_CLK)
  Endpoint: U0_ALU/ALU_OUT_reg[3]
            (rising edge-triggered flip-flop clocked by ALU_CLK)
  Path Group: ALU_CLK
  Path Type: max

  Des/Clust/Port     Wire Load Model       Library
  ------------------------------------------------
  System_Top         tsmc13_wl30           scmetro_tsmc_cl013g_rvt_ss_1p08v_125c

  Point                                                   Incr       Path
  --------------------------------------------------------------------------
  clock REG_CLK (rise edge)                               0.00       0.00
  clock network delay (ideal)                             0.00       0.00
  U0_RegFile/regArr_reg[1][6]/CK (DFFRQX1M)               0.00       0.00 r
  U0_RegFile/regArr_reg[1][6]/Q (DFFRQX1M)                0.66       0.66 r
  U0_RegFile/U325/Y (INVX2M)                              0.25       0.90 f
  U0_RegFile/U323/Y (INVX6M)                              0.84       1.74 r
  U0_RegFile/REG1[6] (RegFile)                            0.00       1.74 r
  U0_ALU/B[6] (ALU)                                       0.00       1.74 r
  U0_ALU/div_51/b[6] (ALU_DW_div_uns_0)                   0.00       1.74 r
  U0_ALU/div_51/U202/Y (INVX2M)                           0.75       2.49 f
  U0_ALU/div_51/U244/Y (NAND3BX2M)                        0.83       3.32 r
  U0_ALU/div_51/U150/Y (NOR2X2M)                          0.47       3.78 f
  U0_ALU/div_51/U174/Y (INVX4M)                           0.60       4.38 r
  U0_ALU/div_51/U152/Y (NOR2X2M)                          0.42       4.80 f
  U0_ALU/div_51/U121/Y (OAI221X4M)                        0.43       5.24 r
  U0_ALU/div_51/U240/Y (OAI21X4M)                         0.50       5.74 f
  U0_ALU/div_51/U218/Y (NOR2X2M)                          0.56       6.29 r
  U0_ALU/div_51/U230/Y (OAI2BB2X4M)                       0.33       6.62 f
  U0_ALU/div_51/U229/Y (OAI31X2M)                         0.81       7.44 r
  U0_ALU/div_51/U228/Y (NAND2X2M)                         0.43       7.86 f
  U0_ALU/div_51/U205/Y (OAI32X2M)                         0.87       8.74 r
  U0_ALU/div_51/U204/Y (BUFX4M)                           0.65       9.39 r
  U0_ALU/div_51/U283/Y (AOI21X1M)                         0.56       9.95 f
  U0_ALU/div_51/U107/Y (AOI31X4M)                         0.86      10.81 r
  U0_ALU/div_51/U248/Y (OAI21X2M)                         0.38      11.18 f
  U0_ALU/div_51/U247/Y (OAI2BB1X2M)                       0.69      11.87 r
  U0_ALU/div_51/U227/Y (AO21XLM)                          0.70      12.57 r
  U0_ALU/div_51/U225/Y (OAI211X2M)                        0.46      13.03 f
  U0_ALU/div_51/U170/Y (OAI31X2M)                         0.35      13.39 r
  U0_ALU/div_51/U168/Y (BUFX4M)                           0.83      14.21 r
  U0_ALU/div_51/U210/Y (INVXLM)                           0.58      14.79 f
  U0_ALU/div_51/U166/Y (OAI31X2M)                         0.84      15.63 r
  U0_ALU/div_51/U165/Y (BUFX2M)                           0.71      16.35 r
  U0_ALU/div_51/U290/Y (AO21XLM)                          0.74      17.09 r
  U0_ALU/div_51/U289/Y (OAI21X4M)                         0.47      17.56 f
  U0_ALU/div_51/U180/Y (OR2X2M)                           0.36      17.93 f
  U0_ALU/div_51/U288/Y (AO2B2X2M)                         0.61      18.54 f
  U0_ALU/div_51/U254/Y (OAI2B1X2M)                        0.45      18.99 f
  U0_ALU/div_51/U233/Y (OAI21X4M)                         0.35      19.35 r
  U0_ALU/div_51/U232/Y (AOI2BB1X2M)                       0.62      19.96 r
  U0_ALU/div_51/U84/Y (OAI32X4M)                          0.38      20.35 f
  U0_ALU/div_51/U164/Y (INVX4M)                           0.57      20.92 r
  U0_ALU/div_51/U163/Y (CLKINVX1M)                        0.83      21.75 f
  U0_ALU/div_51/quotient[3] (ALU_DW_div_uns_0)            0.00      21.75 f
  U0_ALU/U157/Y (AOI222X2M)                               1.01      22.76 r
  U0_ALU/U171/Y (AOI31X1M)                                0.69      23.44 f
  U0_ALU/ALU_OUT_reg[3]/D (DFFRQX2M)                      0.00      23.44 f
  data arrival time                                                 23.44

  clock ALU_CLK (rise edge)                              50.00      50.00
  clock network delay (ideal)                             0.00      50.00
  clock uncertainty                                      -0.20      49.80
  U0_ALU/ALU_OUT_reg[3]/CK (DFFRQX2M)                     0.00      49.80 r
  library setup time                                     -0.29      49.51
  data required time                                                49.51
  --------------------------------------------------------------------------
  data required time                                                49.51
  data arrival time                                                -23.44
  --------------------------------------------------------------------------
  slack (MET)                                                       26.07


  Startpoint: U0_RegFile/regArr_reg[1][7]
              (rising edge-triggered flip-flop clocked by REG_CLK)
  Endpoint: U0_ALU/ALU_OUT_reg[4]
            (rising edge-triggered flip-flop clocked by ALU_CLK)
  Path Group: ALU_CLK
  Path Type: max

  Des/Clust/Port     Wire Load Model       Library
  ------------------------------------------------
  System_Top         tsmc13_wl30           scmetro_tsmc_cl013g_rvt_ss_1p08v_125c

  Point                                                   Incr       Path
  --------------------------------------------------------------------------
  clock REG_CLK (rise edge)                               0.00       0.00
  clock network delay (ideal)                             0.00       0.00
  U0_RegFile/regArr_reg[1][7]/CK (DFFRQX2M)               0.00       0.00 r
  U0_RegFile/regArr_reg[1][7]/Q (DFFRQX2M)                0.56       0.56 f
  U0_RegFile/U330/Y (INVXLM)                              0.58       1.14 r
  U0_RegFile/U331/Y (INVX6M)                              0.58       1.72 f
  U0_RegFile/REG1[7] (RegFile)                            0.00       1.72 f
  U0_ALU/B[7] (ALU)                                       0.00       1.72 f
  U0_ALU/div_51/b[7] (ALU_DW_div_uns_0)                   0.00       1.72 f
  U0_ALU/div_51/U296/Y (INVX2M)                           0.70       2.42 r
  U0_ALU/div_51/U244/Y (NAND3BX2M)                        0.86       3.29 f
  U0_ALU/div_51/U150/Y (NOR2X2M)                          1.10       4.38 r
  U0_ALU/div_51/U174/Y (INVX4M)                           0.58       4.96 f
  U0_ALU/div_51/U152/Y (NOR2X2M)                          0.92       5.88 r
  U0_ALU/div_51/U121/Y (OAI221X4M)                        0.72       6.60 f
  U0_ALU/div_51/U240/Y (OAI21X4M)                         0.82       7.42 r
  U0_ALU/div_51/U218/Y (NOR2X2M)                          0.34       7.76 f
  U0_ALU/div_51/U230/Y (OAI2BB2X4M)                       0.57       8.34 r
  U0_ALU/div_51/U229/Y (OAI31X2M)                         0.34       8.68 f
  U0_ALU/div_51/U228/Y (NAND2X2M)                         0.32       9.00 r
  U0_ALU/div_51/U205/Y (OAI32X2M)                         0.29       9.30 f
  U0_ALU/div_51/U204/Y (BUFX4M)                           0.44       9.73 f
  U0_ALU/div_51/U283/Y (AOI21X1M)                         0.76      10.49 r
  U0_ALU/div_51/U107/Y (AOI31X4M)                         0.40      10.89 f
  U0_ALU/div_51/U248/Y (OAI21X2M)                         0.64      11.53 r
  U0_ALU/div_51/U247/Y (OAI2BB1X2M)                       0.63      12.16 f
  U0_ALU/div_51/U227/Y (AO21XLM)                          0.74      12.90 f
  U0_ALU/div_51/U225/Y (OAI211X2M)                        0.37      13.28 r
  U0_ALU/div_51/U170/Y (OAI31X2M)                         0.39      13.67 f
  U0_ALU/div_51/U168/Y (BUFX4M)                           0.53      14.20 f
  U0_ALU/div_51/quotient[4] (ALU_DW_div_uns_0)            0.00      14.20 f
  U0_ALU/U160/Y (AOI222X2M)                               0.91      15.11 r
  U0_ALU/U173/Y (AOI31X1M)                                0.69      15.80 f
  U0_ALU/ALU_OUT_reg[4]/D (DFFRQX2M)                      0.00      15.80 f
  data arrival time                                                 15.80

  clock ALU_CLK (rise edge)                              50.00      50.00
  clock network delay (ideal)                             0.00      50.00
  clock uncertainty                                      -0.20      49.80
  U0_ALU/ALU_OUT_reg[4]/CK (DFFRQX2M)                     0.00      49.80 r
  library setup time                                     -0.29      49.51
  data required time                                                49.51
  --------------------------------------------------------------------------
  data required time                                                49.51
  data arrival time                                                -15.80
  --------------------------------------------------------------------------
  slack (MET)                                                       33.72


  Startpoint: U0_RegFile/regArr_reg[0][0]
              (rising edge-triggered flip-flop clocked by REG_CLK)
  Endpoint: U0_ALU/ALU_OUT_reg[7]
            (rising edge-triggered flip-flop clocked by ALU_CLK)
  Path Group: ALU_CLK
  Path Type: max

  Des/Clust/Port     Wire Load Model       Library
  ------------------------------------------------
  System_Top         tsmc13_wl30           scmetro_tsmc_cl013g_rvt_ss_1p08v_125c

  Point                                                   Incr       Path
  --------------------------------------------------------------------------
  clock REG_CLK (rise edge)                               0.00       0.00
  clock network delay (ideal)                             0.00       0.00
  U0_RegFile/regArr_reg[0][0]/CK (DFFRQX2M)               0.00       0.00 r
  U0_RegFile/regArr_reg[0][0]/Q (DFFRQX2M)                0.86       0.86 r
  U0_RegFile/REG0[0] (RegFile)                            0.00       0.86 r
  U0_ALU/A[0] (ALU)                                       0.00       0.86 r
  U0_ALU/U293/Y (INVX2M)                                  0.48       1.33 f
  U0_ALU/U254/Y (INVX6M)                                  0.74       2.07 r
  U0_ALU/sub_45/A[0] (ALU_DW01_sub_0)                     0.00       2.07 r
  U0_ALU/sub_45/U29/Y (INVX2M)                            0.46       2.53 f
  U0_ALU/sub_45/U39/Y (NAND2X2M)                          0.84       3.37 r
  U0_ALU/sub_45/U41/Y (OR2X2M)                            0.41       3.78 r
  U0_ALU/sub_45/U40/Y (AO2B2X2M)                          0.53       4.31 r
  U0_ALU/sub_45/U38/Y (INVX2M)                            0.37       4.68 f
  U0_ALU/sub_45/U37/Y (AO21XLM)                           0.71       5.39 f
  U0_ALU/sub_45/U36/Y (OAI21X4M)                          0.46       5.85 r
  U0_ALU/sub_45/U34/Y (OR2X2M)                            0.40       6.25 r
  U0_ALU/sub_45/U33/Y (AO2B2X2M)                          0.68       6.93 r
  U0_ALU/sub_45/U26/Y (OR2X2M)                            0.39       7.32 r
  U0_ALU/sub_45/U25/Y (AO2B2X2M)                          0.68       8.00 r
  U0_ALU/sub_45/U28/Y (OR2X2M)                            0.39       8.39 r
  U0_ALU/sub_45/U27/Y (AO2B2X2M)                          0.69       9.08 r
  U0_ALU/sub_45/U44/Y (OAI2BB1X2M)                        0.38       9.46 r
  U0_ALU/sub_45/U43/Y (OAI21X2M)                          0.29       9.75 f
  U0_ALU/sub_45/U42/Y (XOR3XLM)                           0.72      10.47 r
  U0_ALU/sub_45/DIFF[7] (ALU_DW01_sub_0)                  0.00      10.47 r
  U0_ALU/U266/Y (AOI22X1M)                                0.53      11.00 f
  U0_ALU/U184/Y (AOI31X1M)                                0.74      11.75 r
  U0_ALU/ALU_OUT_reg[7]/D (DFFRQX2M)                      0.00      11.75 r
  data arrival time                                                 11.75

  clock ALU_CLK (rise edge)                              50.00      50.00
  clock network delay (ideal)                             0.00      50.00
  clock uncertainty                                      -0.20      49.80
  U0_ALU/ALU_OUT_reg[7]/CK (DFFRQX2M)                     0.00      49.80 r
  library setup time                                     -0.42      49.38
  data required time                                                49.38
  --------------------------------------------------------------------------
  data required time                                                49.38
  data arrival time                                                -11.75
  --------------------------------------------------------------------------
  slack (MET)                                                       37.63


  Startpoint: U0_RegFile/regArr_reg[1][7]
              (rising edge-triggered flip-flop clocked by REG_CLK)
  Endpoint: U0_ALU/ALU_OUT_reg[5]
            (rising edge-triggered flip-flop clocked by ALU_CLK)
  Path Group: ALU_CLK
  Path Type: max

  Des/Clust/Port     Wire Load Model       Library
  ------------------------------------------------
  System_Top         tsmc13_wl30           scmetro_tsmc_cl013g_rvt_ss_1p08v_125c

  Point                                                   Incr       Path
  --------------------------------------------------------------------------
  clock REG_CLK (rise edge)                               0.00       0.00
  clock network delay (ideal)                             0.00       0.00
  U0_RegFile/regArr_reg[1][7]/CK (DFFRQX2M)               0.00       0.00 r
  U0_RegFile/regArr_reg[1][7]/Q (DFFRQX2M)                0.56       0.56 f
  U0_RegFile/U330/Y (INVXLM)                              0.58       1.14 r
  U0_RegFile/U331/Y (INVX6M)                              0.58       1.72 f
  U0_RegFile/REG1[7] (RegFile)                            0.00       1.72 f
  U0_ALU/B[7] (ALU)                                       0.00       1.72 f
  U0_ALU/div_51/b[7] (ALU_DW_div_uns_0)                   0.00       1.72 f
  U0_ALU/div_51/U296/Y (INVX2M)                           0.70       2.42 r
  U0_ALU/div_51/U244/Y (NAND3BX2M)                        0.86       3.29 f
  U0_ALU/div_51/U150/Y (NOR2X2M)                          1.10       4.38 r
  U0_ALU/div_51/U174/Y (INVX4M)                           0.58       4.96 f
  U0_ALU/div_51/U152/Y (NOR2X2M)                          0.92       5.88 r
  U0_ALU/div_51/U121/Y (OAI221X4M)                        0.72       6.60 f
  U0_ALU/div_51/U240/Y (OAI21X4M)                         0.82       7.42 r
  U0_ALU/div_51/U218/Y (NOR2X2M)                          0.34       7.76 f
  U0_ALU/div_51/U230/Y (OAI2BB2X4M)                       0.57       8.34 r
  U0_ALU/div_51/U229/Y (OAI31X2M)                         0.34       8.68 f
  U0_ALU/div_51/U228/Y (NAND2X2M)                         0.32       9.00 r
  U0_ALU/div_51/U205/Y (OAI32X2M)                         0.29       9.30 f
  U0_ALU/div_51/U204/Y (BUFX4M)                           0.44       9.73 f
  U0_ALU/div_51/quotient[5] (ALU_DW_div_uns_0)            0.00       9.73 f
  U0_ALU/U156/Y (AOI222X2M)                               0.89      10.62 r
  U0_ALU/U174/Y (AOI31X1M)                                0.69      11.31 f
  U0_ALU/ALU_OUT_reg[5]/D (DFFRQX2M)                      0.00      11.31 f
  data arrival time                                                 11.31

  clock ALU_CLK (rise edge)                              50.00      50.00
  clock network delay (ideal)                             0.00      50.00
  clock uncertainty                                      -0.20      49.80
  U0_ALU/ALU_OUT_reg[5]/CK (DFFRQX2M)                     0.00      49.80 r
  library setup time                                     -0.29      49.51
  data required time                                                49.51
  --------------------------------------------------------------------------
  data required time                                                49.51
  data arrival time                                                -11.31
  --------------------------------------------------------------------------
  slack (MET)                                                       38.20


  Startpoint: U0_RegFile/regArr_reg[0][0]
              (rising edge-triggered flip-flop clocked by REG_CLK)
  Endpoint: U0_ALU/ALU_OUT_reg[6]
            (rising edge-triggered flip-flop clocked by ALU_CLK)
  Path Group: ALU_CLK
  Path Type: max

  Des/Clust/Port     Wire Load Model       Library
  ------------------------------------------------
  System_Top         tsmc13_wl30           scmetro_tsmc_cl013g_rvt_ss_1p08v_125c

  Point                                                   Incr       Path
  --------------------------------------------------------------------------
  clock REG_CLK (rise edge)                               0.00       0.00
  clock network delay (ideal)                             0.00       0.00
  U0_RegFile/regArr_reg[0][0]/CK (DFFRQX2M)               0.00       0.00 r
  U0_RegFile/regArr_reg[0][0]/Q (DFFRQX2M)                0.86       0.86 r
  U0_RegFile/REG0[0] (RegFile)                            0.00       0.86 r
  U0_ALU/A[0] (ALU)                                       0.00       0.86 r
  U0_ALU/U293/Y (INVX2M)                                  0.48       1.33 f
  U0_ALU/U254/Y (INVX6M)                                  0.74       2.07 r
  U0_ALU/sub_45/A[0] (ALU_DW01_sub_0)                     0.00       2.07 r
  U0_ALU/sub_45/U29/Y (INVX2M)                            0.46       2.53 f
  U0_ALU/sub_45/U39/Y (NAND2X2M)                          0.84       3.37 r
  U0_ALU/sub_45/U41/Y (OR2X2M)                            0.41       3.78 r
  U0_ALU/sub_45/U40/Y (AO2B2X2M)                          0.53       4.31 r
  U0_ALU/sub_45/U38/Y (INVX2M)                            0.37       4.68 f
  U0_ALU/sub_45/U37/Y (AO21XLM)                           0.71       5.39 f
  U0_ALU/sub_45/U36/Y (OAI21X4M)                          0.46       5.85 r
  U0_ALU/sub_45/U34/Y (OR2X2M)                            0.40       6.25 r
  U0_ALU/sub_45/U33/Y (AO2B2X2M)                          0.68       6.93 r
  U0_ALU/sub_45/U26/Y (OR2X2M)                            0.39       7.32 r
  U0_ALU/sub_45/U25/Y (AO2B2X2M)                          0.68       8.00 r
  U0_ALU/sub_45/U28/Y (OR2X2M)                            0.39       8.39 r
  U0_ALU/sub_45/U27/Y (AO2B2X2M)                          0.69       9.08 r
  U0_ALU/sub_45/U45/Y (XNOR3X2M)                          0.39       9.46 f
  U0_ALU/sub_45/DIFF[6] (ALU_DW01_sub_0)                  0.00       9.46 f
  U0_ALU/U231/Y (AOI22X1M)                                0.70      10.16 r
  U0_ALU/U163/Y (AOI31X1M)                                0.67      10.83 f
  U0_ALU/ALU_OUT_reg[6]/D (DFFRQX2M)                      0.00      10.83 f
  data arrival time                                                 10.83

  clock ALU_CLK (rise edge)                              50.00      50.00
  clock network delay (ideal)                             0.00      50.00
  clock uncertainty                                      -0.20      49.80
  U0_ALU/ALU_OUT_reg[6]/CK (DFFRQX2M)                     0.00      49.80 r
  library setup time                                     -0.29      49.51
  data required time                                                49.51
  --------------------------------------------------------------------------
  data required time                                                49.51
  data arrival time                                                -10.83
  --------------------------------------------------------------------------
  slack (MET)                                                       38.69


  Startpoint: CLKG_EN (input port clocked by MASTER_CLK)
  Endpoint: U0_CLK_GATE/Latch_Out_reg
            (negative level-sensitive latch clocked by MASTER_CLK)
  Path Group: INREG
  Path Type: max

  Des/Clust/Port     Wire Load Model       Library
  ------------------------------------------------
  System_Top         tsmc13_wl30           scmetro_tsmc_cl013g_rvt_ss_1p08v_125c

  Point                                                   Incr       Path
  --------------------------------------------------------------------------
  clock MASTER_CLK (rise edge)                            0.00       0.00
  clock network delay (ideal)                             0.00       0.00
  input external delay                                   10.00      10.00 r
  CLKG_EN (in)                                            0.18      10.18 r
  U0_CLK_GATE/CLK_EN (CLK_GATE)                           0.00      10.18 r
  U0_CLK_GATE/Latch_Out_reg/D (TLATNX2M)                  0.00      10.18 r
  data arrival time                                                 10.18

  clock MASTER_CLK (fall edge)                           25.00      25.00
  clock network delay (ideal)                             0.00      25.00
  clock uncertainty                                      -0.20      24.80
  U0_CLK_GATE/Latch_Out_reg/GN (TLATNX2M)                 0.00      24.80 f
  time borrowed from endpoint                             0.00      24.80
  data required time                                                24.80
  --------------------------------------------------------------------------
  data required time                                                24.80
  data arrival time                                                -10.18
  --------------------------------------------------------------------------
  slack (MET)                                                       14.62

  Time Borrowing Information
  --------------------------------------------------------------
  MASTER_CLK nominal pulse width                         25.00   
  library setup time                                     -0.11   
  --------------------------------------------------------------
  max time borrow                                        24.89   
  actual time borrow                                      0.00   
  --------------------------------------------------------------


  Startpoint: ALU_FUN[0] (input port clocked by ALU_CLK)
  Endpoint: U0_ALU/ALU_OUT_reg[5]
            (rising edge-triggered flip-flop clocked by ALU_CLK)
  Path Group: INREG
  Path Type: max

  Des/Clust/Port     Wire Load Model       Library
  ------------------------------------------------
  System_Top         tsmc13_wl30           scmetro_tsmc_cl013g_rvt_ss_1p08v_125c

  Point                                    Incr       Path
  -----------------------------------------------------------
  clock ALU_CLK (rise edge)                0.00       0.00
  clock network delay (ideal)              0.00       0.00
  input external delay                    10.00      10.00 r
  ALU_FUN[0] (in)                          0.18      10.18 r
  U3/Y (BUFX4M)                            0.70      10.87 r
  U0_ALU/ALU_FUN[0] (ALU)                  0.00      10.87 r
  U0_ALU/U233/Y (INVX2M)                   0.66      11.53 f
  U0_ALU/U194/Y (NAND2X2M)                 0.79      12.32 r
  U0_ALU/U187/Y (INVX2M)                   0.47      12.80 f
  U0_ALU/U239/Y (NAND3X4M)                 0.63      13.43 r
  U0_ALU/U193/Y (INVX4M)                   0.61      14.04 f
  U0_ALU/U192/Y (AOI221X2M)                0.92      14.96 r
  U0_ALU/U190/Y (OAI222X1M)                0.79      15.75 f
  U0_ALU/U230/Y (AOI221X2M)                0.93      16.68 r
  U0_ALU/U174/Y (AOI31X1M)                 0.63      17.31 f
  U0_ALU/ALU_OUT_reg[5]/D (DFFRQX2M)       0.00      17.31 f
  data arrival time                                  17.31

  clock ALU_CLK (rise edge)               50.00      50.00
  clock network delay (ideal)              0.00      50.00
  clock uncertainty                       -0.20      49.80
  U0_ALU/ALU_OUT_reg[5]/CK (DFFRQX2M)      0.00      49.80 r
  library setup time                      -0.29      49.51
  data required time                                 49.51
  -----------------------------------------------------------
  data required time                                 49.51
  data arrival time                                 -17.31
  -----------------------------------------------------------
  slack (MET)                                        32.20


  Startpoint: ALU_FUN[0] (input port clocked by ALU_CLK)
  Endpoint: U0_ALU/ALU_OUT_reg[3]
            (rising edge-triggered flip-flop clocked by ALU_CLK)
  Path Group: INREG
  Path Type: max

  Des/Clust/Port     Wire Load Model       Library
  ------------------------------------------------
  System_Top         tsmc13_wl30           scmetro_tsmc_cl013g_rvt_ss_1p08v_125c

  Point                                    Incr       Path
  -----------------------------------------------------------
  clock ALU_CLK (rise edge)                0.00       0.00
  clock network delay (ideal)              0.00       0.00
  input external delay                    10.00      10.00 r
  ALU_FUN[0] (in)                          0.18      10.18 r
  U3/Y (BUFX4M)                            0.70      10.87 r
  U0_ALU/ALU_FUN[0] (ALU)                  0.00      10.87 r
  U0_ALU/U233/Y (INVX2M)                   0.66      11.53 f
  U0_ALU/U194/Y (NAND2X2M)                 0.79      12.32 r
  U0_ALU/U187/Y (INVX2M)                   0.47      12.80 f
  U0_ALU/U239/Y (NAND3X4M)                 0.63      13.43 r
  U0_ALU/U193/Y (INVX4M)                   0.61      14.04 f
  U0_ALU/U236/Y (AOI221X2M)                0.92      14.96 r
  U0_ALU/U234/Y (OAI222X1M)                0.79      15.75 f
  U0_ALU/U225/Y (AOI221X2M)                0.93      16.68 r
  U0_ALU/U171/Y (AOI31X1M)                 0.63      17.31 f
  U0_ALU/ALU_OUT_reg[3]/D (DFFRQX2M)       0.00      17.31 f
  data arrival time                                  17.31

  clock ALU_CLK (rise edge)               50.00      50.00
  clock network delay (ideal)              0.00      50.00
  clock uncertainty                       -0.20      49.80
  U0_ALU/ALU_OUT_reg[3]/CK (DFFRQX2M)      0.00      49.80 r
  library setup time                      -0.29      49.51
  data required time                                 49.51
  -----------------------------------------------------------
  data required time                                 49.51
  data arrival time                                 -17.31
  -----------------------------------------------------------
  slack (MET)                                        32.20


  Startpoint: ALU_FUN[0] (input port clocked by ALU_CLK)
  Endpoint: U0_ALU/ALU_OUT_reg[1]
            (rising edge-triggered flip-flop clocked by ALU_CLK)
  Path Group: INREG
  Path Type: max

  Des/Clust/Port     Wire Load Model       Library
  ------------------------------------------------
  System_Top         tsmc13_wl30           scmetro_tsmc_cl013g_rvt_ss_1p08v_125c

  Point                                    Incr       Path
  -----------------------------------------------------------
  clock ALU_CLK (rise edge)                0.00       0.00
  clock network delay (ideal)              0.00       0.00
  input external delay                    10.00      10.00 r
  ALU_FUN[0] (in)                          0.18      10.18 r
  U3/Y (BUFX4M)                            0.70      10.87 r
  U0_ALU/ALU_FUN[0] (ALU)                  0.00      10.87 r
  U0_ALU/U233/Y (INVX2M)                   0.66      11.53 f
  U0_ALU/U194/Y (NAND2X2M)                 0.79      12.32 r
  U0_ALU/U187/Y (INVX2M)                   0.47      12.80 f
  U0_ALU/U239/Y (NAND3X4M)                 0.63      13.43 r
  U0_ALU/U193/Y (INVX4M)                   0.61      14.04 f
  U0_ALU/U269/Y (AOI221X2M)                0.92      14.96 r
  U0_ALU/U268/Y (OAI221X1M)                0.77      15.73 f
  U0_ALU/U219/Y (AOI211X2M)                0.89      16.62 r
  U0_ALU/U168/Y (AOI31X1M)                 0.63      17.25 f
  U0_ALU/ALU_OUT_reg[1]/D (DFFRQX1M)       0.00      17.25 f
  data arrival time                                  17.25

  clock ALU_CLK (rise edge)               50.00      50.00
  clock network delay (ideal)              0.00      50.00
  clock uncertainty                       -0.20      49.80
  U0_ALU/ALU_OUT_reg[1]/CK (DFFRQX1M)      0.00      49.80 r
  library setup time                      -0.26      49.54
  data required time                                 49.54
  -----------------------------------------------------------
  data required time                                 49.54
  data arrival time                                 -17.25
  -----------------------------------------------------------
  slack (MET)                                        32.29


  Startpoint: ALU_FUN[3] (input port clocked by ALU_CLK)
  Endpoint: U0_ALU/ALU_OUT_reg[7]
            (rising edge-triggered flip-flop clocked by ALU_CLK)
  Path Group: INREG
  Path Type: max

  Des/Clust/Port     Wire Load Model       Library
  ------------------------------------------------
  System_Top         tsmc13_wl30           scmetro_tsmc_cl013g_rvt_ss_1p08v_125c

  Point                                    Incr       Path
  -----------------------------------------------------------
  clock ALU_CLK (rise edge)                0.00       0.00
  clock network delay (ideal)              0.00       0.00
  input external delay                    10.00      10.00 f
  ALU_FUN[3] (in)                          0.11      10.11 f
  U2/Y (CLKBUFX6M)                         0.70      10.81 f
  U0_ALU/ALU_FUN[3] (ALU)                  0.00      10.81 f
  U0_ALU/U134/Y (INVX2M)                   0.97      11.77 r
  U0_ALU/U240/Y (NAND2X2M)                 0.73      12.50 f
  U0_ALU/U149/Y (OAI22X1M)                 0.92      13.42 r
  U0_ALU/U148/Y (BUFX4M)                   0.91      14.33 r
  U0_ALU/U284/Y (AOI21X1M)                 0.61      14.95 f
  U0_ALU/U281/Y (OAI222X1M)                0.89      15.84 r
  U0_ALU/U267/Y (AOI221X2M)                0.35      16.19 f
  U0_ALU/U184/Y (AOI31X1M)                 0.73      16.92 r
  U0_ALU/ALU_OUT_reg[7]/D (DFFRQX2M)       0.00      16.92 r
  data arrival time                                  16.92

  clock ALU_CLK (rise edge)               50.00      50.00
  clock network delay (ideal)              0.00      50.00
  clock uncertainty                       -0.20      49.80
  U0_ALU/ALU_OUT_reg[7]/CK (DFFRQX2M)      0.00      49.80 r
  library setup time                      -0.42      49.38
  data required time                                 49.38
  -----------------------------------------------------------
  data required time                                 49.38
  data arrival time                                 -16.92
  -----------------------------------------------------------
  slack (MET)                                        32.46


  Startpoint: ALU_FUN[3] (input port clocked by ALU_CLK)
  Endpoint: U0_ALU/ALU_OUT_reg[2]
            (rising edge-triggered flip-flop clocked by ALU_CLK)
  Path Group: INREG
  Path Type: max

  Des/Clust/Port     Wire Load Model       Library
  ------------------------------------------------
  System_Top         tsmc13_wl30           scmetro_tsmc_cl013g_rvt_ss_1p08v_125c

  Point                                    Incr       Path
  -----------------------------------------------------------
  clock ALU_CLK (rise edge)                0.00       0.00
  clock network delay (ideal)              0.00       0.00
  input external delay                    10.00      10.00 f
  ALU_FUN[3] (in)                          0.11      10.11 f
  U2/Y (CLKBUFX6M)                         0.70      10.81 f
  U0_ALU/ALU_FUN[3] (ALU)                  0.00      10.81 f
  U0_ALU/U134/Y (INVX2M)                   0.97      11.77 r
  U0_ALU/U240/Y (NAND2X2M)                 0.73      12.50 f
  U0_ALU/U149/Y (OAI22X1M)                 0.92      13.42 r
  U0_ALU/U148/Y (BUFX4M)                   0.91      14.33 r
  U0_ALU/U277/Y (AOI21X1M)                 0.61      14.95 f
  U0_ALU/U275/Y (OAI22X1M)                 0.86      15.80 r
  U0_ALU/U223/Y (AOI211X2M)                0.34      16.14 f
  U0_ALU/U169/Y (AOI31X1M)                 0.73      16.87 r
  U0_ALU/ALU_OUT_reg[2]/D (DFFRQX2M)       0.00      16.87 r
  data arrival time                                  16.87

  clock ALU_CLK (rise edge)               50.00      50.00
  clock network delay (ideal)              0.00      50.00
  clock uncertainty                       -0.20      49.80
  U0_ALU/ALU_OUT_reg[2]/CK (DFFRQX2M)      0.00      49.80 r
  library setup time                      -0.42      49.38
  data required time                                 49.38
  -----------------------------------------------------------
  data required time                                 49.38
  data arrival time                                 -16.87
  -----------------------------------------------------------
  slack (MET)                                        32.51


  Startpoint: ALU_FUN[3] (input port clocked by ALU_CLK)
  Endpoint: U0_ALU/ALU_OUT_reg[6]
            (rising edge-triggered flip-flop clocked by ALU_CLK)
  Path Group: INREG
  Path Type: max

  Des/Clust/Port     Wire Load Model       Library
  ------------------------------------------------
  System_Top         tsmc13_wl30           scmetro_tsmc_cl013g_rvt_ss_1p08v_125c

  Point                                    Incr       Path
  -----------------------------------------------------------
  clock ALU_CLK (rise edge)                0.00       0.00
  clock network delay (ideal)              0.00       0.00
  input external delay                    10.00      10.00 f
  ALU_FUN[3] (in)                          0.11      10.11 f
  U2/Y (CLKBUFX6M)                         0.70      10.81 f
  U0_ALU/ALU_FUN[3] (ALU)                  0.00      10.81 f
  U0_ALU/U134/Y (INVX2M)                   0.97      11.77 r
  U0_ALU/U240/Y (NAND2X2M)                 0.73      12.50 f
  U0_ALU/U149/Y (OAI22X1M)                 0.92      13.42 r
  U0_ALU/U148/Y (BUFX4M)                   0.91      14.33 r
  U0_ALU/U280/Y (AOI21X1M)                 0.61      14.95 f
  U0_ALU/U278/Y (OAI22X1M)                 0.86      15.80 r
  U0_ALU/U232/Y (AOI211X2M)                0.34      16.14 f
  U0_ALU/U163/Y (AOI31X1M)                 0.72      16.86 r
  U0_ALU/ALU_OUT_reg[6]/D (DFFRQX2M)       0.00      16.86 r
  data arrival time                                  16.86

  clock ALU_CLK (rise edge)               50.00      50.00
  clock network delay (ideal)              0.00      50.00
  clock uncertainty                       -0.20      49.80
  U0_ALU/ALU_OUT_reg[6]/CK (DFFRQX2M)      0.00      49.80 r
  library setup time                      -0.42      49.38
  data required time                                 49.38
  -----------------------------------------------------------
  data required time                                 49.38
  data arrival time                                 -16.86
  -----------------------------------------------------------
  slack (MET)                                        32.52


  Startpoint: ALU_FUN[3] (input port clocked by ALU_CLK)
  Endpoint: U0_ALU/ALU_OUT_reg[4]
            (rising edge-triggered flip-flop clocked by ALU_CLK)
  Path Group: INREG
  Path Type: max

  Des/Clust/Port     Wire Load Model       Library
  ------------------------------------------------
  System_Top         tsmc13_wl30           scmetro_tsmc_cl013g_rvt_ss_1p08v_125c

  Point                                    Incr       Path
  -----------------------------------------------------------
  clock ALU_CLK (rise edge)                0.00       0.00
  clock network delay (ideal)              0.00       0.00
  input external delay                    10.00      10.00 f
  ALU_FUN[3] (in)                          0.11      10.11 f
  U2/Y (CLKBUFX6M)                         0.70      10.81 f
  U0_ALU/ALU_FUN[3] (ALU)                  0.00      10.81 f
  U0_ALU/U134/Y (INVX2M)                   0.97      11.77 r
  U0_ALU/U240/Y (NAND2X2M)                 0.73      12.50 f
  U0_ALU/U149/Y (OAI22X1M)                 0.92      13.42 r
  U0_ALU/U148/Y (BUFX4M)                   0.91      14.33 r
  U0_ALU/U199/Y (AOI21X1M)                 0.61      14.95 f
  U0_ALU/U197/Y (OAI2B2X1M)                0.83      15.77 r
  U0_ALU/U228/Y (AOI211X2M)                0.33      16.10 f
  U0_ALU/U173/Y (AOI31X1M)                 0.71      16.82 r
  U0_ALU/ALU_OUT_reg[4]/D (DFFRQX2M)       0.00      16.82 r
  data arrival time                                  16.82

  clock ALU_CLK (rise edge)               50.00      50.00
  clock network delay (ideal)              0.00      50.00
  clock uncertainty                       -0.20      49.80
  U0_ALU/ALU_OUT_reg[4]/CK (DFFRQX2M)      0.00      49.80 r
  library setup time                      -0.42      49.38
  data required time                                 49.38
  -----------------------------------------------------------
  data required time                                 49.38
  data arrival time                                 -16.82
  -----------------------------------------------------------
  slack (MET)                                        32.56


  Startpoint: ALU_FUN[0] (input port clocked by ALU_CLK)
  Endpoint: U0_ALU/ALU_OUT_reg[0]
            (rising edge-triggered flip-flop clocked by ALU_CLK)
  Path Group: INREG
  Path Type: max

  Des/Clust/Port     Wire Load Model       Library
  ------------------------------------------------
  System_Top         tsmc13_wl30           scmetro_tsmc_cl013g_rvt_ss_1p08v_125c

  Point                                    Incr       Path
  -----------------------------------------------------------
  clock ALU_CLK (rise edge)                0.00       0.00
  clock network delay (ideal)              0.00       0.00
  input external delay                    10.00      10.00 r
  ALU_FUN[0] (in)                          0.18      10.18 r
  U3/Y (BUFX4M)                            0.70      10.87 r
  U0_ALU/ALU_FUN[0] (ALU)                  0.00      10.87 r
  U0_ALU/U233/Y (INVX2M)                   0.66      11.53 f
  U0_ALU/U194/Y (NAND2X2M)                 0.79      12.32 r
  U0_ALU/U187/Y (INVX2M)                   0.47      12.80 f
  U0_ALU/U239/Y (NAND3X4M)                 0.63      13.43 r
  U0_ALU/U193/Y (INVX4M)                   0.61      14.04 f
  U0_ALU/U273/Y (AOI221X2M)                0.92      14.96 r
  U0_ALU/U271/Y (OAI211X1M)                0.67      15.63 f
  U0_ALU/U216/Y (AOI211X2M)                0.89      16.52 r
  U0_ALU/U214/Y (AOI31X2M)                 0.44      16.96 f
  U0_ALU/ALU_OUT_reg[0]/D (DFFRQX2M)       0.00      16.96 f
  data arrival time                                  16.96

  clock ALU_CLK (rise edge)               50.00      50.00
  clock network delay (ideal)              0.00      50.00
  clock uncertainty                       -0.20      49.80
  U0_ALU/ALU_OUT_reg[0]/CK (DFFRQX2M)      0.00      49.80 r
  library setup time                      -0.24      49.56
  data required time                                 49.56
  -----------------------------------------------------------
  data required time                                 49.56
  data arrival time                                 -16.96
  -----------------------------------------------------------
  slack (MET)                                        32.59


  Startpoint: CLKDIV_EN (input port clocked by MASTER_CLK)
  Endpoint: U0_ClkDiv/count_reg[5]
            (rising edge-triggered flip-flop clocked by MASTER_CLK)
  Path Group: INREG
  Path Type: max

  Des/Clust/Port     Wire Load Model       Library
  ------------------------------------------------
  System_Top         tsmc13_wl30           scmetro_tsmc_cl013g_rvt_ss_1p08v_125c

  Point                                    Incr       Path
  -----------------------------------------------------------
  clock MASTER_CLK (rise edge)             0.00       0.00
  clock network delay (ideal)              0.00       0.00
  input external delay                    10.00      10.00 f
  CLKDIV_EN (in)                           0.11      10.11 f
  U0_ClkDiv/i_clk_en (ClkDiv)              0.00      10.11 f
  U0_ClkDiv/U49/Y (OAI31X2M)               0.26      10.37 r
  U0_ClkDiv/U48/Y (BUFX4M)                 0.89      11.25 r
  U0_ClkDiv/U51/Y (CLKINVX2M)              1.12      12.38 f
  U0_ClkDiv/U52/Y (AND3X4M)                0.77      13.15 f
  U0_ClkDiv/U57/Y (AO22XLM)                0.76      13.91 f
  U0_ClkDiv/count_reg[5]/D (DFFRQX2M)      0.00      13.91 f
  data arrival time                                  13.91

  clock MASTER_CLK (rise edge)            50.00      50.00
  clock network delay (ideal)              0.00      50.00
  clock uncertainty                       -0.20      49.80
  U0_ClkDiv/count_reg[5]/CK (DFFRQX2M)     0.00      49.80 r
  library setup time                      -0.23      49.57
  data required time                                 49.57
  -----------------------------------------------------------
  data required time                                 49.57
  data arrival time                                 -13.91
  -----------------------------------------------------------
  slack (MET)                                        35.66


  Startpoint: CLKDIV_EN (input port clocked by MASTER_CLK)
  Endpoint: U0_ClkDiv/count_reg[6]
            (rising edge-triggered flip-flop clocked by MASTER_CLK)
  Path Group: INREG
  Path Type: max

  Des/Clust/Port     Wire Load Model       Library
  ------------------------------------------------
  System_Top         tsmc13_wl30           scmetro_tsmc_cl013g_rvt_ss_1p08v_125c

  Point                                    Incr       Path
  -----------------------------------------------------------
  clock MASTER_CLK (rise edge)             0.00       0.00
  clock network delay (ideal)              0.00       0.00
  input external delay                    10.00      10.00 f
  CLKDIV_EN (in)                           0.11      10.11 f
  U0_ClkDiv/i_clk_en (ClkDiv)              0.00      10.11 f
  U0_ClkDiv/U49/Y (OAI31X2M)               0.26      10.37 r
  U0_ClkDiv/U48/Y (BUFX4M)                 0.89      11.25 r
  U0_ClkDiv/U51/Y (CLKINVX2M)              1.12      12.38 f
  U0_ClkDiv/U52/Y (AND3X4M)                0.77      13.15 f
  U0_ClkDiv/U58/Y (AO22XLM)                0.76      13.91 f
  U0_ClkDiv/count_reg[6]/D (DFFRQX2M)      0.00      13.91 f
  data arrival time                                  13.91

  clock MASTER_CLK (rise edge)            50.00      50.00
  clock network delay (ideal)              0.00      50.00
  clock uncertainty                       -0.20      49.80
  U0_ClkDiv/count_reg[6]/CK (DFFRQX2M)     0.00      49.80 r
  library setup time                      -0.23      49.57
  data required time                                 49.57
  -----------------------------------------------------------
  data required time                                 49.57
  data arrival time                                 -13.91
  -----------------------------------------------------------
  slack (MET)                                        35.66


  Startpoint: CLKDIV_EN (input port clocked by MASTER_CLK)
  Endpoint: U0_ClkDiv/count_reg[4]
            (rising edge-triggered flip-flop clocked by MASTER_CLK)
  Path Group: INREG
  Path Type: max

  Des/Clust/Port     Wire Load Model       Library
  ------------------------------------------------
  System_Top         tsmc13_wl30           scmetro_tsmc_cl013g_rvt_ss_1p08v_125c

  Point                                    Incr       Path
  -----------------------------------------------------------
  clock MASTER_CLK (rise edge)             0.00       0.00
  clock network delay (ideal)              0.00       0.00
  input external delay                    10.00      10.00 f
  CLKDIV_EN (in)                           0.11      10.11 f
  U0_ClkDiv/i_clk_en (ClkDiv)              0.00      10.11 f
  U0_ClkDiv/U49/Y (OAI31X2M)               0.26      10.37 r
  U0_ClkDiv/U48/Y (BUFX4M)                 0.89      11.25 r
  U0_ClkDiv/U51/Y (CLKINVX2M)              1.12      12.38 f
  U0_ClkDiv/U52/Y (AND3X4M)                0.77      13.15 f
  U0_ClkDiv/U60/Y (AO22XLM)                0.76      13.91 f
  U0_ClkDiv/count_reg[4]/D (DFFRQX4M)      0.00      13.91 f
  data arrival time                                  13.91

  clock MASTER_CLK (rise edge)            50.00      50.00
  clock network delay (ideal)              0.00      50.00
  clock uncertainty                       -0.20      49.80
  U0_ClkDiv/count_reg[4]/CK (DFFRQX4M)     0.00      49.80 r
  library setup time                      -0.23      49.57
  data required time                                 49.57
  -----------------------------------------------------------
  data required time                                 49.57
  data arrival time                                 -13.91
  -----------------------------------------------------------
  slack (MET)                                        35.66


  Startpoint: CLKDIV_EN (input port clocked by MASTER_CLK)
  Endpoint: U0_ClkDiv/count_reg[2]
            (rising edge-triggered flip-flop clocked by MASTER_CLK)
  Path Group: INREG
  Path Type: max

  Des/Clust/Port     Wire Load Model       Library
  ------------------------------------------------
  System_Top         tsmc13_wl30           scmetro_tsmc_cl013g_rvt_ss_1p08v_125c

  Point                                    Incr       Path
  -----------------------------------------------------------
  clock MASTER_CLK (rise edge)             0.00       0.00
  clock network delay (ideal)              0.00       0.00
  input external delay                    10.00      10.00 f
  CLKDIV_EN (in)                           0.11      10.11 f
  U0_ClkDiv/i_clk_en (ClkDiv)              0.00      10.11 f
  U0_ClkDiv/U49/Y (OAI31X2M)               0.26      10.37 r
  U0_ClkDiv/U48/Y (BUFX4M)                 0.89      11.25 r
  U0_ClkDiv/U51/Y (CLKINVX2M)              1.12      12.38 f
  U0_ClkDiv/U52/Y (AND3X4M)                0.77      13.15 f
  U0_ClkDiv/U61/Y (AO22XLM)                0.76      13.91 f
  U0_ClkDiv/count_reg[2]/D (DFFRQX4M)      0.00      13.91 f
  data arrival time                                  13.91

  clock MASTER_CLK (rise edge)            50.00      50.00
  clock network delay (ideal)              0.00      50.00
  clock uncertainty                       -0.20      49.80
  U0_ClkDiv/count_reg[2]/CK (DFFRQX4M)     0.00      49.80 r
  library setup time                      -0.23      49.57
  data required time                                 49.57
  -----------------------------------------------------------
  data required time                                 49.57
  data arrival time                                 -13.91
  -----------------------------------------------------------
  slack (MET)                                        35.66


  Startpoint: CLKDIV_EN (input port clocked by MASTER_CLK)
  Endpoint: U0_ClkDiv/count_reg[0]
            (rising edge-triggered flip-flop clocked by MASTER_CLK)
  Path Group: INREG
  Path Type: max

  Des/Clust/Port     Wire Load Model       Library
  ------------------------------------------------
  System_Top         tsmc13_wl30           scmetro_tsmc_cl013g_rvt_ss_1p08v_125c

  Point                                    Incr       Path
  -----------------------------------------------------------
  clock MASTER_CLK (rise edge)             0.00       0.00
  clock network delay (ideal)              0.00       0.00
  input external delay                    10.00      10.00 f
  CLKDIV_EN (in)                           0.11      10.11 f
  U0_ClkDiv/i_clk_en (ClkDiv)              0.00      10.11 f
  U0_ClkDiv/U49/Y (OAI31X2M)               0.26      10.37 r
  U0_ClkDiv/U48/Y (BUFX4M)                 0.89      11.25 r
  U0_ClkDiv/U51/Y (CLKINVX2M)              1.12      12.38 f
  U0_ClkDiv/U52/Y (AND3X4M)                0.77      13.15 f
  U0_ClkDiv/U59/Y (AO22XLM)                0.76      13.91 f
  U0_ClkDiv/count_reg[0]/D (DFFRQX4M)      0.00      13.91 f
  data arrival time                                  13.91

  clock MASTER_CLK (rise edge)            50.00      50.00
  clock network delay (ideal)              0.00      50.00
  clock uncertainty                       -0.20      49.80
  U0_ClkDiv/count_reg[0]/CK (DFFRQX4M)     0.00      49.80 r
  library setup time                      -0.23      49.57
  data required time                                 49.57
  -----------------------------------------------------------
  data required time                                 49.57
  data arrival time                                 -13.91
  -----------------------------------------------------------
  slack (MET)                                        35.66


  Startpoint: CLKDIV_EN (input port clocked by MASTER_CLK)
  Endpoint: U0_ClkDiv/count_reg[1]
            (rising edge-triggered flip-flop clocked by MASTER_CLK)
  Path Group: INREG
  Path Type: max

  Des/Clust/Port     Wire Load Model       Library
  ------------------------------------------------
  System_Top         tsmc13_wl30           scmetro_tsmc_cl013g_rvt_ss_1p08v_125c

  Point                                    Incr       Path
  -----------------------------------------------------------
  clock MASTER_CLK (rise edge)             0.00       0.00
  clock network delay (ideal)              0.00       0.00
  input external delay                    10.00      10.00 f
  CLKDIV_EN (in)                           0.11      10.11 f
  U0_ClkDiv/i_clk_en (ClkDiv)              0.00      10.11 f
  U0_ClkDiv/U49/Y (OAI31X2M)               0.26      10.37 r
  U0_ClkDiv/U48/Y (BUFX4M)                 0.89      11.25 r
  U0_ClkDiv/U51/Y (CLKINVX2M)              1.12      12.38 f
  U0_ClkDiv/U52/Y (AND3X4M)                0.77      13.15 f
  U0_ClkDiv/U56/Y (OAI2BB2X1M)             0.62      13.78 f
  U0_ClkDiv/count_reg[1]/D (DFFRX2M)       0.00      13.78 f
  data arrival time                                  13.78

  clock MASTER_CLK (rise edge)            50.00      50.00
  clock network delay (ideal)              0.00      50.00
  clock uncertainty                       -0.20      49.80
  U0_ClkDiv/count_reg[1]/CK (DFFRX2M)      0.00      49.80 r
  library setup time                      -0.25      49.55
  data required time                                 49.55
  -----------------------------------------------------------
  data required time                                 49.55
  data arrival time                                 -13.78
  -----------------------------------------------------------
  slack (MET)                                        35.77


  Startpoint: CLKDIV_EN (input port clocked by MASTER_CLK)
  Endpoint: U0_ClkDiv/count_reg[3]
            (rising edge-triggered flip-flop clocked by MASTER_CLK)
  Path Group: INREG
  Path Type: max

  Des/Clust/Port     Wire Load Model       Library
  ------------------------------------------------
  System_Top         tsmc13_wl30           scmetro_tsmc_cl013g_rvt_ss_1p08v_125c

  Point                                    Incr       Path
  -----------------------------------------------------------
  clock MASTER_CLK (rise edge)             0.00       0.00
  clock network delay (ideal)              0.00       0.00
  input external delay                    10.00      10.00 f
  CLKDIV_EN (in)                           0.11      10.11 f
  U0_ClkDiv/i_clk_en (ClkDiv)              0.00      10.11 f
  U0_ClkDiv/U49/Y (OAI31X2M)               0.26      10.37 r
  U0_ClkDiv/U48/Y (BUFX4M)                 0.89      11.25 r
  U0_ClkDiv/U51/Y (CLKINVX2M)              1.12      12.38 f
  U0_ClkDiv/U52/Y (AND3X4M)                0.77      13.15 f
  U0_ClkDiv/U55/Y (OAI2BB2X1M)             0.62      13.78 f
  U0_ClkDiv/count_reg[3]/D (DFFRX2M)       0.00      13.78 f
  data arrival time                                  13.78

  clock MASTER_CLK (rise edge)            50.00      50.00
  clock network delay (ideal)              0.00      50.00
  clock uncertainty                       -0.20      49.80
  U0_ClkDiv/count_reg[3]/CK (DFFRX2M)      0.00      49.80 r
  library setup time                      -0.25      49.55
  data required time                                 49.55
  -----------------------------------------------------------
  data required time                                 49.55
  data arrival time                                 -13.78
  -----------------------------------------------------------
  slack (MET)                                        35.77


  Startpoint: CLKDIV_EN (input port clocked by MASTER_CLK)
  Endpoint: U0_ClkDiv/div_clk_reg
            (rising edge-triggered flip-flop clocked by MASTER_CLK)
  Path Group: INREG
  Path Type: max

  Des/Clust/Port     Wire Load Model       Library
  ------------------------------------------------
  System_Top         tsmc13_wl30           scmetro_tsmc_cl013g_rvt_ss_1p08v_125c

  Point                                    Incr       Path
  -----------------------------------------------------------
  clock MASTER_CLK (rise edge)             0.00       0.00
  clock network delay (ideal)              0.00       0.00
  input external delay                    10.00      10.00 r
  CLKDIV_EN (in)                           0.18      10.18 r
  U0_ClkDiv/i_clk_en (ClkDiv)              0.00      10.18 r
  U0_ClkDiv/U49/Y (OAI31X2M)               0.28      10.46 f
  U0_ClkDiv/U48/Y (BUFX4M)                 0.56      11.01 f
  U0_ClkDiv/U63/Y (AOI21X1M)               0.73      11.75 r
  U0_ClkDiv/U62/Y (CLKXOR2X2M)             0.56      12.31 r
  U0_ClkDiv/div_clk_reg/D (DFFRQX2M)       0.00      12.31 r
  data arrival time                                  12.31

  clock MASTER_CLK (rise edge)            50.00      50.00
  clock network delay (ideal)              0.00      50.00
  clock uncertainty                       -0.20      49.80
  U0_ClkDiv/div_clk_reg/CK (DFFRQX2M)      0.00      49.80 r
  library setup time                      -0.33      49.47
  data required time                                 49.47
  -----------------------------------------------------------
  data required time                                 49.47
  data arrival time                                 -12.31
  -----------------------------------------------------------
  slack (MET)                                        37.16


  Startpoint: CLKDIV_EN (input port clocked by MASTER_CLK)
  Endpoint: U0_ClkDiv/odd_edge_tog_reg
            (rising edge-triggered flip-flop clocked by MASTER_CLK)
  Path Group: INREG
  Path Type: max

  Des/Clust/Port     Wire Load Model       Library
  ------------------------------------------------
  System_Top         tsmc13_wl30           scmetro_tsmc_cl013g_rvt_ss_1p08v_125c

  Point                                                   Incr       Path
  --------------------------------------------------------------------------
  clock MASTER_CLK (rise edge)                            0.00       0.00
  clock network delay (ideal)                             0.00       0.00
  input external delay                                   10.00      10.00 r
  CLKDIV_EN (in)                                          0.18      10.18 r
  U0_ClkDiv/i_clk_en (ClkDiv)                             0.00      10.18 r
  U0_ClkDiv/U49/Y (OAI31X2M)                              0.28      10.46 f
  U0_ClkDiv/U48/Y (BUFX4M)                                0.56      11.01 f
  U0_ClkDiv/U65/Y (NOR2X1M)                               0.71      11.72 r
  U0_ClkDiv/U64/Y (CLKXOR2X2M)                            0.62      12.34 f
  U0_ClkDiv/odd_edge_tog_reg/D (DFFSX1M)                  0.00      12.34 f
  data arrival time                                                 12.34

  clock MASTER_CLK (rise edge)                           50.00      50.00
  clock network delay (ideal)                             0.00      50.00
  clock uncertainty                                      -0.20      49.80
  U0_ClkDiv/odd_edge_tog_reg/CK (DFFSX1M)                 0.00      49.80 r
  library setup time                                     -0.14      49.66
  data required time                                                49.66
  --------------------------------------------------------------------------
  data required time                                                49.66
  data arrival time                                                -12.34
  --------------------------------------------------------------------------
  slack (MET)                                                       37.31


  Startpoint: ALU_Enable (input port clocked by ALU_CLK)
  Endpoint: U0_ALU/OUT_VALID_reg
            (rising edge-triggered flip-flop clocked by ALU_CLK)
  Path Group: INREG
  Path Type: max

  Des/Clust/Port     Wire Load Model       Library
  ------------------------------------------------
  System_Top         tsmc13_wl30           scmetro_tsmc_cl013g_rvt_ss_1p08v_125c

  Point                                    Incr       Path
  -----------------------------------------------------------
  clock ALU_CLK (rise edge)                0.00       0.00
  clock network delay (ideal)              0.00       0.00
  input external delay                    10.00      10.00 r
  ALU_Enable (in)                          0.36      10.36 r
  U0_ALU/Enable (ALU)                      0.00      10.36 r
  U0_ALU/OUT_VALID_reg/D (DFFRQX2M)        0.00      10.36 r
  data arrival time                                  10.36

  clock ALU_CLK (rise edge)               50.00      50.00
  clock network delay (ideal)              0.00      50.00
  clock uncertainty                       -0.20      49.80
  U0_ALU/OUT_VALID_reg/CK (DFFRQX2M)       0.00      49.80 r
  library setup time                      -0.38      49.42
  data required time                                 49.42
  -----------------------------------------------------------
  data required time                                 49.42
  data arrival time                                 -10.36
  -----------------------------------------------------------
  slack (MET)                                        39.06


  Startpoint: Address[1] (input port clocked by REG_CLK)
  Endpoint: U0_RegFile/RdData_reg[6]
            (rising edge-triggered flip-flop clocked by REG_CLK)
  Path Group: INREG
  Path Type: max

  Des/Clust/Port     Wire Load Model       Library
  ------------------------------------------------
  System_Top         tsmc13_wl30           scmetro_tsmc_cl013g_rvt_ss_1p08v_125c

  Point                                                   Incr       Path
  --------------------------------------------------------------------------
  clock REG_CLK (rise edge)                               0.00       0.00
  clock network delay (ideal)                             0.00       0.00
  input external delay                                   20.00      20.00 r
  Address[1] (in)                                         0.52      20.52 r
  U0_RegFile/Address[1] (RegFile)                         0.00      20.52 r
  U0_RegFile/U417/Y (INVX2M)                              0.44      20.97 f
  U0_RegFile/U509/Y (NAND2X2M)                            0.67      21.64 r
  U0_RegFile/U326/Y (INVX1M)                              0.69      22.33 f
  U0_RegFile/U361/Y (INVX8M)                              1.02      23.36 r
  U0_RegFile/U546/Y (OAI221X1M)                           0.74      24.09 f
  U0_RegFile/U575/Y (AOI22X1M)                            0.82      24.92 r
  U0_RegFile/U572/Y (OAI221X1M)                           0.72      25.64 f
  U0_RegFile/RdData_reg[6]/D (EDFFHQX2M)                  0.00      25.64 f
  data arrival time                                                 25.64

  clock REG_CLK (rise edge)                             100.00     100.00
  clock network delay (ideal)                             0.00     100.00
  clock uncertainty                                      -0.20      99.80
  U0_RegFile/RdData_reg[6]/CK (EDFFHQX2M)                 0.00      99.80 r
  library setup time                                     -0.54      99.26
  data required time                                                99.26
  --------------------------------------------------------------------------
  data required time                                                99.26
  data arrival time                                                -25.64
  --------------------------------------------------------------------------
  slack (MET)                                                       73.62


  Startpoint: Address[1] (input port clocked by REG_CLK)
  Endpoint: U0_RegFile/RdData_reg[5]
            (rising edge-triggered flip-flop clocked by REG_CLK)
  Path Group: INREG
  Path Type: max

  Des/Clust/Port     Wire Load Model       Library
  ------------------------------------------------
  System_Top         tsmc13_wl30           scmetro_tsmc_cl013g_rvt_ss_1p08v_125c

  Point                                                   Incr       Path
  --------------------------------------------------------------------------
  clock REG_CLK (rise edge)                               0.00       0.00
  clock network delay (ideal)                             0.00       0.00
  input external delay                                   20.00      20.00 r
  Address[1] (in)                                         0.52      20.52 r
  U0_RegFile/Address[1] (RegFile)                         0.00      20.52 r
  U0_RegFile/U417/Y (INVX2M)                              0.44      20.97 f
  U0_RegFile/U509/Y (NAND2X2M)                            0.67      21.64 r
  U0_RegFile/U326/Y (INVX1M)                              0.69      22.33 f
  U0_RegFile/U361/Y (INVX8M)                              1.02      23.36 r
  U0_RegFile/U544/Y (OAI221X1M)                           0.74      24.09 f
  U0_RegFile/U571/Y (AOI22X1M)                            0.82      24.92 r
  U0_RegFile/U568/Y (OAI221X1M)                           0.72      25.64 f
  U0_RegFile/RdData_reg[5]/D (EDFFHQX2M)                  0.00      25.64 f
  data arrival time                                                 25.64

  clock REG_CLK (rise edge)                             100.00     100.00
  clock network delay (ideal)                             0.00     100.00
  clock uncertainty                                      -0.20      99.80
  U0_RegFile/RdData_reg[5]/CK (EDFFHQX2M)                 0.00      99.80 r
  library setup time                                     -0.54      99.26
  data required time                                                99.26
  --------------------------------------------------------------------------
  data required time                                                99.26
  data arrival time                                                -25.64
  --------------------------------------------------------------------------
  slack (MET)                                                       73.62


  Startpoint: Address[1] (input port clocked by REG_CLK)
  Endpoint: U0_RegFile/RdData_reg[4]
            (rising edge-triggered flip-flop clocked by REG_CLK)
  Path Group: INREG
  Path Type: max

  Des/Clust/Port     Wire Load Model       Library
  ------------------------------------------------
  System_Top         tsmc13_wl30           scmetro_tsmc_cl013g_rvt_ss_1p08v_125c

  Point                                                   Incr       Path
  --------------------------------------------------------------------------
  clock REG_CLK (rise edge)                               0.00       0.00
  clock network delay (ideal)                             0.00       0.00
  input external delay                                   20.00      20.00 r
  Address[1] (in)                                         0.52      20.52 r
  U0_RegFile/Address[1] (RegFile)                         0.00      20.52 r
  U0_RegFile/U417/Y (INVX2M)                              0.44      20.97 f
  U0_RegFile/U509/Y (NAND2X2M)                            0.67      21.64 r
  U0_RegFile/U326/Y (INVX1M)                              0.69      22.33 f
  U0_RegFile/U361/Y (INVX8M)                              1.02      23.36 r
  U0_RegFile/U542/Y (OAI221X1M)                           0.74      24.09 f
  U0_RegFile/U567/Y (AOI22X1M)                            0.82      24.92 r
  U0_RegFile/U564/Y (OAI221X1M)                           0.72      25.64 f
  U0_RegFile/RdData_reg[4]/D (EDFFHQX2M)                  0.00      25.64 f
  data arrival time                                                 25.64

  clock REG_CLK (rise edge)                             100.00     100.00
  clock network delay (ideal)                             0.00     100.00
  clock uncertainty                                      -0.20      99.80
  U0_RegFile/RdData_reg[4]/CK (EDFFHQX2M)                 0.00      99.80 r
  library setup time                                     -0.54      99.26
  data required time                                                99.26
  --------------------------------------------------------------------------
  data required time                                                99.26
  data arrival time                                                -25.64
  --------------------------------------------------------------------------
  slack (MET)                                                       73.62


  Startpoint: Address[1] (input port clocked by REG_CLK)
  Endpoint: U0_RegFile/RdData_reg[3]
            (rising edge-triggered flip-flop clocked by REG_CLK)
  Path Group: INREG
  Path Type: max

  Des/Clust/Port     Wire Load Model       Library
  ------------------------------------------------
  System_Top         tsmc13_wl30           scmetro_tsmc_cl013g_rvt_ss_1p08v_125c

  Point                                                   Incr       Path
  --------------------------------------------------------------------------
  clock REG_CLK (rise edge)                               0.00       0.00
  clock network delay (ideal)                             0.00       0.00
  input external delay                                   20.00      20.00 r
  Address[1] (in)                                         0.52      20.52 r
  U0_RegFile/Address[1] (RegFile)                         0.00      20.52 r
  U0_RegFile/U417/Y (INVX2M)                              0.44      20.97 f
  U0_RegFile/U509/Y (NAND2X2M)                            0.67      21.64 r
  U0_RegFile/U326/Y (INVX1M)                              0.69      22.33 f
  U0_RegFile/U361/Y (INVX8M)                              1.02      23.36 r
  U0_RegFile/U540/Y (OAI221X1M)                           0.74      24.09 f
  U0_RegFile/U563/Y (AOI22X1M)                            0.82      24.92 r
  U0_RegFile/U560/Y (OAI221X1M)                           0.72      25.64 f
  U0_RegFile/RdData_reg[3]/D (EDFFHQX2M)                  0.00      25.64 f
  data arrival time                                                 25.64

  clock REG_CLK (rise edge)                             100.00     100.00
  clock network delay (ideal)                             0.00     100.00
  clock uncertainty                                      -0.20      99.80
  U0_RegFile/RdData_reg[3]/CK (EDFFHQX2M)                 0.00      99.80 r
  library setup time                                     -0.54      99.26
  data required time                                                99.26
  --------------------------------------------------------------------------
  data required time                                                99.26
  data arrival time                                                -25.64
  --------------------------------------------------------------------------
  slack (MET)                                                       73.62


  Startpoint: Address[1] (input port clocked by REG_CLK)
  Endpoint: U0_RegFile/RdData_reg[2]
            (rising edge-triggered flip-flop clocked by REG_CLK)
  Path Group: INREG
  Path Type: max

  Des/Clust/Port     Wire Load Model       Library
  ------------------------------------------------
  System_Top         tsmc13_wl30           scmetro_tsmc_cl013g_rvt_ss_1p08v_125c

  Point                                                   Incr       Path
  --------------------------------------------------------------------------
  clock REG_CLK (rise edge)                               0.00       0.00
  clock network delay (ideal)                             0.00       0.00
  input external delay                                   20.00      20.00 r
  Address[1] (in)                                         0.52      20.52 r
  U0_RegFile/Address[1] (RegFile)                         0.00      20.52 r
  U0_RegFile/U417/Y (INVX2M)                              0.44      20.97 f
  U0_RegFile/U509/Y (NAND2X2M)                            0.67      21.64 r
  U0_RegFile/U326/Y (INVX1M)                              0.69      22.33 f
  U0_RegFile/U361/Y (INVX8M)                              1.02      23.36 r
  U0_RegFile/U538/Y (OAI221X1M)                           0.74      24.09 f
  U0_RegFile/U559/Y (AOI22X1M)                            0.82      24.92 r
  U0_RegFile/U556/Y (OAI221X1M)                           0.72      25.64 f
  U0_RegFile/RdData_reg[2]/D (EDFFHQX2M)                  0.00      25.64 f
  data arrival time                                                 25.64

  clock REG_CLK (rise edge)                             100.00     100.00
  clock network delay (ideal)                             0.00     100.00
  clock uncertainty                                      -0.20      99.80
  U0_RegFile/RdData_reg[2]/CK (EDFFHQX2M)                 0.00      99.80 r
  library setup time                                     -0.54      99.26
  data required time                                                99.26
  --------------------------------------------------------------------------
  data required time                                                99.26
  data arrival time                                                -25.64
  --------------------------------------------------------------------------
  slack (MET)                                                       73.62


  Startpoint: Address[1] (input port clocked by REG_CLK)
  Endpoint: U0_RegFile/RdData_reg[1]
            (rising edge-triggered flip-flop clocked by REG_CLK)
  Path Group: INREG
  Path Type: max

  Des/Clust/Port     Wire Load Model       Library
  ------------------------------------------------
  System_Top         tsmc13_wl30           scmetro_tsmc_cl013g_rvt_ss_1p08v_125c

  Point                                                   Incr       Path
  --------------------------------------------------------------------------
  clock REG_CLK (rise edge)                               0.00       0.00
  clock network delay (ideal)                             0.00       0.00
  input external delay                                   20.00      20.00 r
  Address[1] (in)                                         0.52      20.52 r
  U0_RegFile/Address[1] (RegFile)                         0.00      20.52 r
  U0_RegFile/U417/Y (INVX2M)                              0.44      20.97 f
  U0_RegFile/U509/Y (NAND2X2M)                            0.67      21.64 r
  U0_RegFile/U326/Y (INVX1M)                              0.69      22.33 f
  U0_RegFile/U361/Y (INVX8M)                              1.02      23.36 r
  U0_RegFile/U536/Y (OAI221X1M)                           0.74      24.09 f
  U0_RegFile/U555/Y (AOI22X1M)                            0.82      24.92 r
  U0_RegFile/U552/Y (OAI221X1M)                           0.72      25.64 f
  U0_RegFile/RdData_reg[1]/D (EDFFHQX2M)                  0.00      25.64 f
  data arrival time                                                 25.64

  clock REG_CLK (rise edge)                             100.00     100.00
  clock network delay (ideal)                             0.00     100.00
  clock uncertainty                                      -0.20      99.80
  U0_RegFile/RdData_reg[1]/CK (EDFFHQX2M)                 0.00      99.80 r
  library setup time                                     -0.54      99.26
  data required time                                                99.26
  --------------------------------------------------------------------------
  data required time                                                99.26
  data arrival time                                                -25.64
  --------------------------------------------------------------------------
  slack (MET)                                                       73.62


  Startpoint: Address[1] (input port clocked by REG_CLK)
  Endpoint: U0_RegFile/RdData_reg[0]
            (rising edge-triggered flip-flop clocked by REG_CLK)
  Path Group: INREG
  Path Type: max

  Des/Clust/Port     Wire Load Model       Library
  ------------------------------------------------
  System_Top         tsmc13_wl30           scmetro_tsmc_cl013g_rvt_ss_1p08v_125c

  Point                                                   Incr       Path
  --------------------------------------------------------------------------
  clock REG_CLK (rise edge)                               0.00       0.00
  clock network delay (ideal)                             0.00       0.00
  input external delay                                   20.00      20.00 r
  Address[1] (in)                                         0.52      20.52 r
  U0_RegFile/Address[1] (RegFile)                         0.00      20.52 r
  U0_RegFile/U417/Y (INVX2M)                              0.44      20.97 f
  U0_RegFile/U509/Y (NAND2X2M)                            0.67      21.64 r
  U0_RegFile/U326/Y (INVX1M)                              0.69      22.33 f
  U0_RegFile/U361/Y (INVX8M)                              1.02      23.36 r
  U0_RegFile/U534/Y (OAI221X1M)                           0.74      24.09 f
  U0_RegFile/U551/Y (AOI22X1M)                            0.82      24.92 r
  U0_RegFile/U548/Y (OAI221X1M)                           0.72      25.64 f
  U0_RegFile/RdData_reg[0]/D (EDFFHQX2M)                  0.00      25.64 f
  data arrival time                                                 25.64

  clock REG_CLK (rise edge)                             100.00     100.00
  clock network delay (ideal)                             0.00     100.00
  clock uncertainty                                      -0.20      99.80
  U0_RegFile/RdData_reg[0]/CK (EDFFHQX2M)                 0.00      99.80 r
  library setup time                                     -0.54      99.26
  data required time                                                99.26
  --------------------------------------------------------------------------
  data required time                                                99.26
  data arrival time                                                -25.64
  --------------------------------------------------------------------------
  slack (MET)                                                       73.62


  Startpoint: Address[1] (input port clocked by REG_CLK)
  Endpoint: U0_RegFile/RdData_reg[7]
            (rising edge-triggered flip-flop clocked by REG_CLK)
  Path Group: INREG
  Path Type: max

  Des/Clust/Port     Wire Load Model       Library
  ------------------------------------------------
  System_Top         tsmc13_wl30           scmetro_tsmc_cl013g_rvt_ss_1p08v_125c

  Point                                                   Incr       Path
  --------------------------------------------------------------------------
  clock REG_CLK (rise edge)                               0.00       0.00
  clock network delay (ideal)                             0.00       0.00
  input external delay                                   20.00      20.00 r
  Address[1] (in)                                         0.52      20.52 r
  U0_RegFile/Address[1] (RegFile)                         0.00      20.52 r
  U0_RegFile/U417/Y (INVX2M)                              0.44      20.97 f
  U0_RegFile/U509/Y (NAND2X2M)                            0.67      21.64 r
  U0_RegFile/U326/Y (INVX1M)                              0.69      22.33 f
  U0_RegFile/U361/Y (INVX8M)                              1.02      23.36 r
  U0_RegFile/U576/Y (OAI221X1M)                           0.74      24.09 f
  U0_RegFile/U583/Y (AOI22X1M)                            0.82      24.91 r
  U0_RegFile/U580/Y (OAI221X1M)                           0.72      25.64 f
  U0_RegFile/RdData_reg[7]/D (EDFFHQX2M)                  0.00      25.64 f
  data arrival time                                                 25.64

  clock REG_CLK (rise edge)                             100.00     100.00
  clock network delay (ideal)                             0.00     100.00
  clock uncertainty                                      -0.20      99.80
  U0_RegFile/RdData_reg[7]/CK (EDFFHQX2M)                 0.00      99.80 r
  library setup time                                     -0.54      99.26
  data required time                                                99.26
  --------------------------------------------------------------------------
  data required time                                                99.26
  data arrival time                                                -25.64
  --------------------------------------------------------------------------
  slack (MET)                                                       73.62


  Startpoint: Address[0] (input port clocked by REG_CLK)
  Endpoint: U0_RegFile/regArr_reg[7][7]
            (rising edge-triggered flip-flop clocked by REG_CLK)
  Path Group: INREG
  Path Type: max

  Des/Clust/Port     Wire Load Model       Library
  ------------------------------------------------
  System_Top         tsmc13_wl30           scmetro_tsmc_cl013g_rvt_ss_1p08v_125c

  Point                                                   Incr       Path
  --------------------------------------------------------------------------
  clock REG_CLK (rise edge)                               0.00       0.00
  clock network delay (ideal)                             0.00       0.00
  input external delay                                   20.00      20.00 r
  Address[0] (in)                                         0.52      20.52 r
  U0_RegFile/Address[0] (RegFile)                         0.00      20.52 r
  U0_RegFile/U506/Y (INVX2M)                              0.44      20.97 f
  U0_RegFile/U505/Y (NOR2X2M)                             0.50      21.47 r
  U0_RegFile/U504/Y (CLKBUFX6M)                           0.82      22.29 r
  U0_RegFile/U339/Y (AND2X2M)                             0.90      23.19 r
  U0_RegFile/U394/Y (NAND2X2M)                            0.39      23.58 f
  U0_RegFile/U393/Y (CLKBUFX6M)                           0.78      24.36 f
  U0_RegFile/U352/Y (INVX4M)                              0.99      25.35 r
  U0_RegFile/U443/Y (OAI22X1M)                            0.58      25.93 f
  U0_RegFile/regArr_reg[7][7]/D (DFFRQX1M)                0.00      25.93 f
  data arrival time                                                 25.93

  clock REG_CLK (rise edge)                             100.00     100.00
  clock network delay (ideal)                             0.00     100.00
  clock uncertainty                                      -0.20      99.80
  U0_RegFile/regArr_reg[7][7]/CK (DFFRQX1M)               0.00      99.80 r
  library setup time                                     -0.23      99.57
  data required time                                                99.57
  --------------------------------------------------------------------------
  data required time                                                99.57
  data arrival time                                                -25.93
  --------------------------------------------------------------------------
  slack (MET)                                                       73.64


  Startpoint: Address[0] (input port clocked by REG_CLK)
  Endpoint: U0_RegFile/regArr_reg[7][6]
            (rising edge-triggered flip-flop clocked by REG_CLK)
  Path Group: INREG
  Path Type: max

  Des/Clust/Port     Wire Load Model       Library
  ------------------------------------------------
  System_Top         tsmc13_wl30           scmetro_tsmc_cl013g_rvt_ss_1p08v_125c

  Point                                                   Incr       Path
  --------------------------------------------------------------------------
  clock REG_CLK (rise edge)                               0.00       0.00
  clock network delay (ideal)                             0.00       0.00
  input external delay                                   20.00      20.00 r
  Address[0] (in)                                         0.52      20.52 r
  U0_RegFile/Address[0] (RegFile)                         0.00      20.52 r
  U0_RegFile/U506/Y (INVX2M)                              0.44      20.97 f
  U0_RegFile/U505/Y (NOR2X2M)                             0.50      21.47 r
  U0_RegFile/U504/Y (CLKBUFX6M)                           0.82      22.29 r
  U0_RegFile/U339/Y (AND2X2M)                             0.90      23.19 r
  U0_RegFile/U394/Y (NAND2X2M)                            0.39      23.58 f
  U0_RegFile/U393/Y (CLKBUFX6M)                           0.78      24.36 f
  U0_RegFile/U352/Y (INVX4M)                              0.99      25.35 r
  U0_RegFile/U442/Y (OAI22X1M)                            0.58      25.93 f
  U0_RegFile/regArr_reg[7][6]/D (DFFRQX1M)                0.00      25.93 f
  data arrival time                                                 25.93

  clock REG_CLK (rise edge)                             100.00     100.00
  clock network delay (ideal)                             0.00     100.00
  clock uncertainty                                      -0.20      99.80
  U0_RegFile/regArr_reg[7][6]/CK (DFFRQX1M)               0.00      99.80 r
  library setup time                                     -0.23      99.57
  data required time                                                99.57
  --------------------------------------------------------------------------
  data required time                                                99.57
  data arrival time                                                -25.93
  --------------------------------------------------------------------------
  slack (MET)                                                       73.64


  Startpoint: Address[0] (input port clocked by REG_CLK)
  Endpoint: U0_RegFile/regArr_reg[7][5]
            (rising edge-triggered flip-flop clocked by REG_CLK)
  Path Group: INREG
  Path Type: max

  Des/Clust/Port     Wire Load Model       Library
  ------------------------------------------------
  System_Top         tsmc13_wl30           scmetro_tsmc_cl013g_rvt_ss_1p08v_125c

  Point                                                   Incr       Path
  --------------------------------------------------------------------------
  clock REG_CLK (rise edge)                               0.00       0.00
  clock network delay (ideal)                             0.00       0.00
  input external delay                                   20.00      20.00 r
  Address[0] (in)                                         0.52      20.52 r
  U0_RegFile/Address[0] (RegFile)                         0.00      20.52 r
  U0_RegFile/U506/Y (INVX2M)                              0.44      20.97 f
  U0_RegFile/U505/Y (NOR2X2M)                             0.50      21.47 r
  U0_RegFile/U504/Y (CLKBUFX6M)                           0.82      22.29 r
  U0_RegFile/U339/Y (AND2X2M)                             0.90      23.19 r
  U0_RegFile/U394/Y (NAND2X2M)                            0.39      23.58 f
  U0_RegFile/U393/Y (CLKBUFX6M)                           0.78      24.36 f
  U0_RegFile/U352/Y (INVX4M)                              0.99      25.35 r
  U0_RegFile/U441/Y (OAI22X1M)                            0.58      25.93 f
  U0_RegFile/regArr_reg[7][5]/D (DFFRQX1M)                0.00      25.93 f
  data arrival time                                                 25.93

  clock REG_CLK (rise edge)                             100.00     100.00
  clock network delay (ideal)                             0.00     100.00
  clock uncertainty                                      -0.20      99.80
  U0_RegFile/regArr_reg[7][5]/CK (DFFRQX1M)               0.00      99.80 r
  library setup time                                     -0.23      99.57
  data required time                                                99.57
  --------------------------------------------------------------------------
  data required time                                                99.57
  data arrival time                                                -25.93
  --------------------------------------------------------------------------
  slack (MET)                                                       73.64


  Startpoint: Address[0] (input port clocked by REG_CLK)
  Endpoint: U0_RegFile/regArr_reg[7][4]
            (rising edge-triggered flip-flop clocked by REG_CLK)
  Path Group: INREG
  Path Type: max

  Des/Clust/Port     Wire Load Model       Library
  ------------------------------------------------
  System_Top         tsmc13_wl30           scmetro_tsmc_cl013g_rvt_ss_1p08v_125c

  Point                                                   Incr       Path
  --------------------------------------------------------------------------
  clock REG_CLK (rise edge)                               0.00       0.00
  clock network delay (ideal)                             0.00       0.00
  input external delay                                   20.00      20.00 r
  Address[0] (in)                                         0.52      20.52 r
  U0_RegFile/Address[0] (RegFile)                         0.00      20.52 r
  U0_RegFile/U506/Y (INVX2M)                              0.44      20.97 f
  U0_RegFile/U505/Y (NOR2X2M)                             0.50      21.47 r
  U0_RegFile/U504/Y (CLKBUFX6M)                           0.82      22.29 r
  U0_RegFile/U339/Y (AND2X2M)                             0.90      23.19 r
  U0_RegFile/U394/Y (NAND2X2M)                            0.39      23.58 f
  U0_RegFile/U393/Y (CLKBUFX6M)                           0.78      24.36 f
  U0_RegFile/U352/Y (INVX4M)                              0.99      25.35 r
  U0_RegFile/U440/Y (OAI22X1M)                            0.58      25.93 f
  U0_RegFile/regArr_reg[7][4]/D (DFFRQX1M)                0.00      25.93 f
  data arrival time                                                 25.93

  clock REG_CLK (rise edge)                             100.00     100.00
  clock network delay (ideal)                             0.00     100.00
  clock uncertainty                                      -0.20      99.80
  U0_RegFile/regArr_reg[7][4]/CK (DFFRQX1M)               0.00      99.80 r
  library setup time                                     -0.23      99.57
  data required time                                                99.57
  --------------------------------------------------------------------------
  data required time                                                99.57
  data arrival time                                                -25.93
  --------------------------------------------------------------------------
  slack (MET)                                                       73.64


  Startpoint: Address[0] (input port clocked by REG_CLK)
  Endpoint: U0_RegFile/regArr_reg[7][3]
            (rising edge-triggered flip-flop clocked by REG_CLK)
  Path Group: INREG
  Path Type: max

  Des/Clust/Port     Wire Load Model       Library
  ------------------------------------------------
  System_Top         tsmc13_wl30           scmetro_tsmc_cl013g_rvt_ss_1p08v_125c

  Point                                                   Incr       Path
  --------------------------------------------------------------------------
  clock REG_CLK (rise edge)                               0.00       0.00
  clock network delay (ideal)                             0.00       0.00
  input external delay                                   20.00      20.00 r
  Address[0] (in)                                         0.52      20.52 r
  U0_RegFile/Address[0] (RegFile)                         0.00      20.52 r
  U0_RegFile/U506/Y (INVX2M)                              0.44      20.97 f
  U0_RegFile/U505/Y (NOR2X2M)                             0.50      21.47 r
  U0_RegFile/U504/Y (CLKBUFX6M)                           0.82      22.29 r
  U0_RegFile/U339/Y (AND2X2M)                             0.90      23.19 r
  U0_RegFile/U394/Y (NAND2X2M)                            0.39      23.58 f
  U0_RegFile/U393/Y (CLKBUFX6M)                           0.78      24.36 f
  U0_RegFile/U352/Y (INVX4M)                              0.99      25.35 r
  U0_RegFile/U439/Y (OAI22X1M)                            0.58      25.93 f
  U0_RegFile/regArr_reg[7][3]/D (DFFRQX1M)                0.00      25.93 f
  data arrival time                                                 25.93

  clock REG_CLK (rise edge)                             100.00     100.00
  clock network delay (ideal)                             0.00     100.00
  clock uncertainty                                      -0.20      99.80
  U0_RegFile/regArr_reg[7][3]/CK (DFFRQX1M)               0.00      99.80 r
  library setup time                                     -0.23      99.57
  data required time                                                99.57
  --------------------------------------------------------------------------
  data required time                                                99.57
  data arrival time                                                -25.93
  --------------------------------------------------------------------------
  slack (MET)                                                       73.64


  Startpoint: Address[0] (input port clocked by REG_CLK)
  Endpoint: U0_RegFile/regArr_reg[7][2]
            (rising edge-triggered flip-flop clocked by REG_CLK)
  Path Group: INREG
  Path Type: max

  Des/Clust/Port     Wire Load Model       Library
  ------------------------------------------------
  System_Top         tsmc13_wl30           scmetro_tsmc_cl013g_rvt_ss_1p08v_125c

  Point                                                   Incr       Path
  --------------------------------------------------------------------------
  clock REG_CLK (rise edge)                               0.00       0.00
  clock network delay (ideal)                             0.00       0.00
  input external delay                                   20.00      20.00 r
  Address[0] (in)                                         0.52      20.52 r
  U0_RegFile/Address[0] (RegFile)                         0.00      20.52 r
  U0_RegFile/U506/Y (INVX2M)                              0.44      20.97 f
  U0_RegFile/U505/Y (NOR2X2M)                             0.50      21.47 r
  U0_RegFile/U504/Y (CLKBUFX6M)                           0.82      22.29 r
  U0_RegFile/U339/Y (AND2X2M)                             0.90      23.19 r
  U0_RegFile/U394/Y (NAND2X2M)                            0.39      23.58 f
  U0_RegFile/U393/Y (CLKBUFX6M)                           0.78      24.36 f
  U0_RegFile/U352/Y (INVX4M)                              0.99      25.35 r
  U0_RegFile/U438/Y (OAI22X1M)                            0.58      25.93 f
  U0_RegFile/regArr_reg[7][2]/D (DFFRQX1M)                0.00      25.93 f
  data arrival time                                                 25.93

  clock REG_CLK (rise edge)                             100.00     100.00
  clock network delay (ideal)                             0.00     100.00
  clock uncertainty                                      -0.20      99.80
  U0_RegFile/regArr_reg[7][2]/CK (DFFRQX1M)               0.00      99.80 r
  library setup time                                     -0.23      99.57
  data required time                                                99.57
  --------------------------------------------------------------------------
  data required time                                                99.57
  data arrival time                                                -25.93
  --------------------------------------------------------------------------
  slack (MET)                                                       73.64


  Startpoint: Address[0] (input port clocked by REG_CLK)
  Endpoint: U0_RegFile/regArr_reg[7][1]
            (rising edge-triggered flip-flop clocked by REG_CLK)
  Path Group: INREG
  Path Type: max

  Des/Clust/Port     Wire Load Model       Library
  ------------------------------------------------
  System_Top         tsmc13_wl30           scmetro_tsmc_cl013g_rvt_ss_1p08v_125c

  Point                                                   Incr       Path
  --------------------------------------------------------------------------
  clock REG_CLK (rise edge)                               0.00       0.00
  clock network delay (ideal)                             0.00       0.00
  input external delay                                   20.00      20.00 r
  Address[0] (in)                                         0.52      20.52 r
  U0_RegFile/Address[0] (RegFile)                         0.00      20.52 r
  U0_RegFile/U506/Y (INVX2M)                              0.44      20.97 f
  U0_RegFile/U505/Y (NOR2X2M)                             0.50      21.47 r
  U0_RegFile/U504/Y (CLKBUFX6M)                           0.82      22.29 r
  U0_RegFile/U339/Y (AND2X2M)                             0.90      23.19 r
  U0_RegFile/U394/Y (NAND2X2M)                            0.39      23.58 f
  U0_RegFile/U393/Y (CLKBUFX6M)                           0.78      24.36 f
  U0_RegFile/U352/Y (INVX4M)                              0.99      25.35 r
  U0_RegFile/U437/Y (OAI22X1M)                            0.58      25.93 f
  U0_RegFile/regArr_reg[7][1]/D (DFFRQX1M)                0.00      25.93 f
  data arrival time                                                 25.93

  clock REG_CLK (rise edge)                             100.00     100.00
  clock network delay (ideal)                             0.00     100.00
  clock uncertainty                                      -0.20      99.80
  U0_RegFile/regArr_reg[7][1]/CK (DFFRQX1M)               0.00      99.80 r
  library setup time                                     -0.23      99.57
  data required time                                                99.57
  --------------------------------------------------------------------------
  data required time                                                99.57
  data arrival time                                                -25.93
  --------------------------------------------------------------------------
  slack (MET)                                                       73.64


  Startpoint: Address[0] (input port clocked by REG_CLK)
  Endpoint: U0_RegFile/regArr_reg[7][0]
            (rising edge-triggered flip-flop clocked by REG_CLK)
  Path Group: INREG
  Path Type: max

  Des/Clust/Port     Wire Load Model       Library
  ------------------------------------------------
  System_Top         tsmc13_wl30           scmetro_tsmc_cl013g_rvt_ss_1p08v_125c

  Point                                                   Incr       Path
  --------------------------------------------------------------------------
  clock REG_CLK (rise edge)                               0.00       0.00
  clock network delay (ideal)                             0.00       0.00
  input external delay                                   20.00      20.00 r
  Address[0] (in)                                         0.52      20.52 r
  U0_RegFile/Address[0] (RegFile)                         0.00      20.52 r
  U0_RegFile/U506/Y (INVX2M)                              0.44      20.97 f
  U0_RegFile/U505/Y (NOR2X2M)                             0.50      21.47 r
  U0_RegFile/U504/Y (CLKBUFX6M)                           0.82      22.29 r
  U0_RegFile/U339/Y (AND2X2M)                             0.90      23.19 r
  U0_RegFile/U394/Y (NAND2X2M)                            0.39      23.58 f
  U0_RegFile/U393/Y (CLKBUFX6M)                           0.78      24.36 f
  U0_RegFile/U352/Y (INVX4M)                              0.99      25.35 r
  U0_RegFile/U436/Y (OAI22X1M)                            0.58      25.93 f
  U0_RegFile/regArr_reg[7][0]/D (DFFRQX1M)                0.00      25.93 f
  data arrival time                                                 25.93

  clock REG_CLK (rise edge)                             100.00     100.00
  clock network delay (ideal)                             0.00     100.00
  clock uncertainty                                      -0.20      99.80
  U0_RegFile/regArr_reg[7][0]/CK (DFFRQX1M)               0.00      99.80 r
  library setup time                                     -0.23      99.57
  data required time                                                99.57
  --------------------------------------------------------------------------
  data required time                                                99.57
  data arrival time                                                -25.93
  --------------------------------------------------------------------------
  slack (MET)                                                       73.64


  Startpoint: Address[0] (input port clocked by REG_CLK)
  Endpoint: U0_RegFile/regArr_reg[5][7]
            (rising edge-triggered flip-flop clocked by REG_CLK)
  Path Group: INREG
  Path Type: max

  Des/Clust/Port     Wire Load Model       Library
  ------------------------------------------------
  System_Top         tsmc13_wl30           scmetro_tsmc_cl013g_rvt_ss_1p08v_125c

  Point                                                   Incr       Path
  --------------------------------------------------------------------------
  clock REG_CLK (rise edge)                               0.00       0.00
  clock network delay (ideal)                             0.00       0.00
  input external delay                                   20.00      20.00 r
  Address[0] (in)                                         0.52      20.52 r
  U0_RegFile/Address[0] (RegFile)                         0.00      20.52 r
  U0_RegFile/U506/Y (INVX2M)                              0.44      20.97 f
  U0_RegFile/U505/Y (NOR2X2M)                             0.50      21.47 r
  U0_RegFile/U504/Y (CLKBUFX6M)                           0.82      22.29 r
  U0_RegFile/U339/Y (AND2X2M)                             0.90      23.19 r
  U0_RegFile/U398/Y (NAND2X2M)                            0.39      23.58 f
  U0_RegFile/U397/Y (CLKBUFX6M)                           0.78      24.35 f
  U0_RegFile/U353/Y (INVX4M)                              0.99      25.34 r
  U0_RegFile/U451/Y (OAI22X1M)                            0.58      25.92 f
  U0_RegFile/regArr_reg[5][7]/D (DFFRQX1M)                0.00      25.92 f
  data arrival time                                                 25.92

  clock REG_CLK (rise edge)                             100.00     100.00
  clock network delay (ideal)                             0.00     100.00
  clock uncertainty                                      -0.20      99.80
  U0_RegFile/regArr_reg[5][7]/CK (DFFRQX1M)               0.00      99.80 r
  library setup time                                     -0.23      99.57
  data required time                                                99.57
  --------------------------------------------------------------------------
  data required time                                                99.57
  data arrival time                                                -25.92
  --------------------------------------------------------------------------
  slack (MET)                                                       73.64


  Startpoint: Address[0] (input port clocked by REG_CLK)
  Endpoint: U0_RegFile/regArr_reg[5][6]
            (rising edge-triggered flip-flop clocked by REG_CLK)
  Path Group: INREG
  Path Type: max

  Des/Clust/Port     Wire Load Model       Library
  ------------------------------------------------
  System_Top         tsmc13_wl30           scmetro_tsmc_cl013g_rvt_ss_1p08v_125c

  Point                                                   Incr       Path
  --------------------------------------------------------------------------
  clock REG_CLK (rise edge)                               0.00       0.00
  clock network delay (ideal)                             0.00       0.00
  input external delay                                   20.00      20.00 r
  Address[0] (in)                                         0.52      20.52 r
  U0_RegFile/Address[0] (RegFile)                         0.00      20.52 r
  U0_RegFile/U506/Y (INVX2M)                              0.44      20.97 f
  U0_RegFile/U505/Y (NOR2X2M)                             0.50      21.47 r
  U0_RegFile/U504/Y (CLKBUFX6M)                           0.82      22.29 r
  U0_RegFile/U339/Y (AND2X2M)                             0.90      23.19 r
  U0_RegFile/U398/Y (NAND2X2M)                            0.39      23.58 f
  U0_RegFile/U397/Y (CLKBUFX6M)                           0.78      24.35 f
  U0_RegFile/U353/Y (INVX4M)                              0.99      25.34 r
  U0_RegFile/U450/Y (OAI22X1M)                            0.58      25.92 f
  U0_RegFile/regArr_reg[5][6]/D (DFFRQX1M)                0.00      25.92 f
  data arrival time                                                 25.92

  clock REG_CLK (rise edge)                             100.00     100.00
  clock network delay (ideal)                             0.00     100.00
  clock uncertainty                                      -0.20      99.80
  U0_RegFile/regArr_reg[5][6]/CK (DFFRQX1M)               0.00      99.80 r
  library setup time                                     -0.23      99.57
  data required time                                                99.57
  --------------------------------------------------------------------------
  data required time                                                99.57
  data arrival time                                                -25.92
  --------------------------------------------------------------------------
  slack (MET)                                                       73.64


  Startpoint: Address[0] (input port clocked by REG_CLK)
  Endpoint: U0_RegFile/regArr_reg[5][5]
            (rising edge-triggered flip-flop clocked by REG_CLK)
  Path Group: INREG
  Path Type: max

  Des/Clust/Port     Wire Load Model       Library
  ------------------------------------------------
  System_Top         tsmc13_wl30           scmetro_tsmc_cl013g_rvt_ss_1p08v_125c

  Point                                                   Incr       Path
  --------------------------------------------------------------------------
  clock REG_CLK (rise edge)                               0.00       0.00
  clock network delay (ideal)                             0.00       0.00
  input external delay                                   20.00      20.00 r
  Address[0] (in)                                         0.52      20.52 r
  U0_RegFile/Address[0] (RegFile)                         0.00      20.52 r
  U0_RegFile/U506/Y (INVX2M)                              0.44      20.97 f
  U0_RegFile/U505/Y (NOR2X2M)                             0.50      21.47 r
  U0_RegFile/U504/Y (CLKBUFX6M)                           0.82      22.29 r
  U0_RegFile/U339/Y (AND2X2M)                             0.90      23.19 r
  U0_RegFile/U398/Y (NAND2X2M)                            0.39      23.58 f
  U0_RegFile/U397/Y (CLKBUFX6M)                           0.78      24.35 f
  U0_RegFile/U353/Y (INVX4M)                              0.99      25.34 r
  U0_RegFile/U449/Y (OAI22X1M)                            0.58      25.92 f
  U0_RegFile/regArr_reg[5][5]/D (DFFRQX1M)                0.00      25.92 f
  data arrival time                                                 25.92

  clock REG_CLK (rise edge)                             100.00     100.00
  clock network delay (ideal)                             0.00     100.00
  clock uncertainty                                      -0.20      99.80
  U0_RegFile/regArr_reg[5][5]/CK (DFFRQX1M)               0.00      99.80 r
  library setup time                                     -0.23      99.57
  data required time                                                99.57
  --------------------------------------------------------------------------
  data required time                                                99.57
  data arrival time                                                -25.92
  --------------------------------------------------------------------------
  slack (MET)                                                       73.64


  Startpoint: Address[0] (input port clocked by REG_CLK)
  Endpoint: U0_RegFile/regArr_reg[5][4]
            (rising edge-triggered flip-flop clocked by REG_CLK)
  Path Group: INREG
  Path Type: max

  Des/Clust/Port     Wire Load Model       Library
  ------------------------------------------------
  System_Top         tsmc13_wl30           scmetro_tsmc_cl013g_rvt_ss_1p08v_125c

  Point                                                   Incr       Path
  --------------------------------------------------------------------------
  clock REG_CLK (rise edge)                               0.00       0.00
  clock network delay (ideal)                             0.00       0.00
  input external delay                                   20.00      20.00 r
  Address[0] (in)                                         0.52      20.52 r
  U0_RegFile/Address[0] (RegFile)                         0.00      20.52 r
  U0_RegFile/U506/Y (INVX2M)                              0.44      20.97 f
  U0_RegFile/U505/Y (NOR2X2M)                             0.50      21.47 r
  U0_RegFile/U504/Y (CLKBUFX6M)                           0.82      22.29 r
  U0_RegFile/U339/Y (AND2X2M)                             0.90      23.19 r
  U0_RegFile/U398/Y (NAND2X2M)                            0.39      23.58 f
  U0_RegFile/U397/Y (CLKBUFX6M)                           0.78      24.35 f
  U0_RegFile/U353/Y (INVX4M)                              0.99      25.34 r
  U0_RegFile/U448/Y (OAI22X1M)                            0.58      25.92 f
  U0_RegFile/regArr_reg[5][4]/D (DFFRQX1M)                0.00      25.92 f
  data arrival time                                                 25.92

  clock REG_CLK (rise edge)                             100.00     100.00
  clock network delay (ideal)                             0.00     100.00
  clock uncertainty                                      -0.20      99.80
  U0_RegFile/regArr_reg[5][4]/CK (DFFRQX1M)               0.00      99.80 r
  library setup time                                     -0.23      99.57
  data required time                                                99.57
  --------------------------------------------------------------------------
  data required time                                                99.57
  data arrival time                                                -25.92
  --------------------------------------------------------------------------
  slack (MET)                                                       73.64


  Startpoint: Address[0] (input port clocked by REG_CLK)
  Endpoint: U0_RegFile/regArr_reg[5][3]
            (rising edge-triggered flip-flop clocked by REG_CLK)
  Path Group: INREG
  Path Type: max

  Des/Clust/Port     Wire Load Model       Library
  ------------------------------------------------
  System_Top         tsmc13_wl30           scmetro_tsmc_cl013g_rvt_ss_1p08v_125c

  Point                                                   Incr       Path
  --------------------------------------------------------------------------
  clock REG_CLK (rise edge)                               0.00       0.00
  clock network delay (ideal)                             0.00       0.00
  input external delay                                   20.00      20.00 r
  Address[0] (in)                                         0.52      20.52 r
  U0_RegFile/Address[0] (RegFile)                         0.00      20.52 r
  U0_RegFile/U506/Y (INVX2M)                              0.44      20.97 f
  U0_RegFile/U505/Y (NOR2X2M)                             0.50      21.47 r
  U0_RegFile/U504/Y (CLKBUFX6M)                           0.82      22.29 r
  U0_RegFile/U339/Y (AND2X2M)                             0.90      23.19 r
  U0_RegFile/U398/Y (NAND2X2M)                            0.39      23.58 f
  U0_RegFile/U397/Y (CLKBUFX6M)                           0.78      24.35 f
  U0_RegFile/U353/Y (INVX4M)                              0.99      25.34 r
  U0_RegFile/U447/Y (OAI22X1M)                            0.58      25.92 f
  U0_RegFile/regArr_reg[5][3]/D (DFFRQX1M)                0.00      25.92 f
  data arrival time                                                 25.92

  clock REG_CLK (rise edge)                             100.00     100.00
  clock network delay (ideal)                             0.00     100.00
  clock uncertainty                                      -0.20      99.80
  U0_RegFile/regArr_reg[5][3]/CK (DFFRQX1M)               0.00      99.80 r
  library setup time                                     -0.23      99.57
  data required time                                                99.57
  --------------------------------------------------------------------------
  data required time                                                99.57
  data arrival time                                                -25.92
  --------------------------------------------------------------------------
  slack (MET)                                                       73.64


  Startpoint: Address[0] (input port clocked by REG_CLK)
  Endpoint: U0_RegFile/regArr_reg[5][2]
            (rising edge-triggered flip-flop clocked by REG_CLK)
  Path Group: INREG
  Path Type: max

  Des/Clust/Port     Wire Load Model       Library
  ------------------------------------------------
  System_Top         tsmc13_wl30           scmetro_tsmc_cl013g_rvt_ss_1p08v_125c

  Point                                                   Incr       Path
  --------------------------------------------------------------------------
  clock REG_CLK (rise edge)                               0.00       0.00
  clock network delay (ideal)                             0.00       0.00
  input external delay                                   20.00      20.00 r
  Address[0] (in)                                         0.52      20.52 r
  U0_RegFile/Address[0] (RegFile)                         0.00      20.52 r
  U0_RegFile/U506/Y (INVX2M)                              0.44      20.97 f
  U0_RegFile/U505/Y (NOR2X2M)                             0.50      21.47 r
  U0_RegFile/U504/Y (CLKBUFX6M)                           0.82      22.29 r
  U0_RegFile/U339/Y (AND2X2M)                             0.90      23.19 r
  U0_RegFile/U398/Y (NAND2X2M)                            0.39      23.58 f
  U0_RegFile/U397/Y (CLKBUFX6M)                           0.78      24.35 f
  U0_RegFile/U353/Y (INVX4M)                              0.99      25.34 r
  U0_RegFile/U446/Y (OAI22X1M)                            0.58      25.92 f
  U0_RegFile/regArr_reg[5][2]/D (DFFRQX1M)                0.00      25.92 f
  data arrival time                                                 25.92

  clock REG_CLK (rise edge)                             100.00     100.00
  clock network delay (ideal)                             0.00     100.00
  clock uncertainty                                      -0.20      99.80
  U0_RegFile/regArr_reg[5][2]/CK (DFFRQX1M)               0.00      99.80 r
  library setup time                                     -0.23      99.57
  data required time                                                99.57
  --------------------------------------------------------------------------
  data required time                                                99.57
  data arrival time                                                -25.92
  --------------------------------------------------------------------------
  slack (MET)                                                       73.64


  Startpoint: Address[0] (input port clocked by REG_CLK)
  Endpoint: U0_RegFile/regArr_reg[5][1]
            (rising edge-triggered flip-flop clocked by REG_CLK)
  Path Group: INREG
  Path Type: max

  Des/Clust/Port     Wire Load Model       Library
  ------------------------------------------------
  System_Top         tsmc13_wl30           scmetro_tsmc_cl013g_rvt_ss_1p08v_125c

  Point                                                   Incr       Path
  --------------------------------------------------------------------------
  clock REG_CLK (rise edge)                               0.00       0.00
  clock network delay (ideal)                             0.00       0.00
  input external delay                                   20.00      20.00 r
  Address[0] (in)                                         0.52      20.52 r
  U0_RegFile/Address[0] (RegFile)                         0.00      20.52 r
  U0_RegFile/U506/Y (INVX2M)                              0.44      20.97 f
  U0_RegFile/U505/Y (NOR2X2M)                             0.50      21.47 r
  U0_RegFile/U504/Y (CLKBUFX6M)                           0.82      22.29 r
  U0_RegFile/U339/Y (AND2X2M)                             0.90      23.19 r
  U0_RegFile/U398/Y (NAND2X2M)                            0.39      23.58 f
  U0_RegFile/U397/Y (CLKBUFX6M)                           0.78      24.35 f
  U0_RegFile/U353/Y (INVX4M)                              0.99      25.34 r
  U0_RegFile/U445/Y (OAI22X1M)                            0.58      25.92 f
  U0_RegFile/regArr_reg[5][1]/D (DFFRQX1M)                0.00      25.92 f
  data arrival time                                                 25.92

  clock REG_CLK (rise edge)                             100.00     100.00
  clock network delay (ideal)                             0.00     100.00
  clock uncertainty                                      -0.20      99.80
  U0_RegFile/regArr_reg[5][1]/CK (DFFRQX1M)               0.00      99.80 r
  library setup time                                     -0.23      99.57
  data required time                                                99.57
  --------------------------------------------------------------------------
  data required time                                                99.57
  data arrival time                                                -25.92
  --------------------------------------------------------------------------
  slack (MET)                                                       73.64


  Startpoint: Address[0] (input port clocked by REG_CLK)
  Endpoint: U0_RegFile/regArr_reg[5][0]
            (rising edge-triggered flip-flop clocked by REG_CLK)
  Path Group: INREG
  Path Type: max

  Des/Clust/Port     Wire Load Model       Library
  ------------------------------------------------
  System_Top         tsmc13_wl30           scmetro_tsmc_cl013g_rvt_ss_1p08v_125c

  Point                                                   Incr       Path
  --------------------------------------------------------------------------
  clock REG_CLK (rise edge)                               0.00       0.00
  clock network delay (ideal)                             0.00       0.00
  input external delay                                   20.00      20.00 r
  Address[0] (in)                                         0.52      20.52 r
  U0_RegFile/Address[0] (RegFile)                         0.00      20.52 r
  U0_RegFile/U506/Y (INVX2M)                              0.44      20.97 f
  U0_RegFile/U505/Y (NOR2X2M)                             0.50      21.47 r
  U0_RegFile/U504/Y (CLKBUFX6M)                           0.82      22.29 r
  U0_RegFile/U339/Y (AND2X2M)                             0.90      23.19 r
  U0_RegFile/U398/Y (NAND2X2M)                            0.39      23.58 f
  U0_RegFile/U397/Y (CLKBUFX6M)                           0.78      24.35 f
  U0_RegFile/U353/Y (INVX4M)                              0.99      25.34 r
  U0_RegFile/U444/Y (OAI22X1M)                            0.58      25.92 f
  U0_RegFile/regArr_reg[5][0]/D (DFFRQX1M)                0.00      25.92 f
  data arrival time                                                 25.92

  clock REG_CLK (rise edge)                             100.00     100.00
  clock network delay (ideal)                             0.00     100.00
  clock uncertainty                                      -0.20      99.80
  U0_RegFile/regArr_reg[5][0]/CK (DFFRQX1M)               0.00      99.80 r
  library setup time                                     -0.23      99.57
  data required time                                                99.57
  --------------------------------------------------------------------------
  data required time                                                99.57
  data arrival time                                                -25.92
  --------------------------------------------------------------------------
  slack (MET)                                                       73.64


  Startpoint: Address[3] (input port clocked by REG_CLK)
  Endpoint: U0_RegFile/regArr_reg[12][7]
            (rising edge-triggered flip-flop clocked by REG_CLK)
  Path Group: INREG
  Path Type: max

  Des/Clust/Port     Wire Load Model       Library
  ------------------------------------------------
  System_Top         tsmc13_wl30           scmetro_tsmc_cl013g_rvt_ss_1p08v_125c

  Point                                                   Incr       Path
  --------------------------------------------------------------------------
  clock REG_CLK (rise edge)                               0.00       0.00
  clock network delay (ideal)                             0.00       0.00
  input external delay                                   20.00      20.00 r
  Address[3] (in)                                         0.70      20.70 r
  U0_RegFile/Address[3] (RegFile)                         0.00      20.70 r
  U0_RegFile/U508/Y (NAND2X2M)                            0.43      21.13 f
  U0_RegFile/U507/Y (CLKBUFX6M)                           0.78      21.91 f
  U0_RegFile/U340/Y (NOR2BX4M)                            1.01      22.92 r
  U0_RegFile/U406/Y (NAND2X2M)                            0.45      23.37 f
  U0_RegFile/U405/Y (CLKBUFX6M)                           0.78      24.15 f
  U0_RegFile/U358/Y (INVX4M)                              0.99      25.13 r
  U0_RegFile/U491/Y (OAI22X1M)                            0.58      25.72 f
  U0_RegFile/regArr_reg[12][7]/D (DFFRQX1M)               0.00      25.72 f
  data arrival time                                                 25.72

  clock REG_CLK (rise edge)                             100.00     100.00
  clock network delay (ideal)                             0.00     100.00
  clock uncertainty                                      -0.20      99.80
  U0_RegFile/regArr_reg[12][7]/CK (DFFRQX1M)              0.00      99.80 r
  library setup time                                     -0.23      99.57
  data required time                                                99.57
  --------------------------------------------------------------------------
  data required time                                                99.57
  data arrival time                                                -25.72
  --------------------------------------------------------------------------
  slack (MET)                                                       73.85


  Startpoint: Address[3] (input port clocked by REG_CLK)
  Endpoint: U0_RegFile/regArr_reg[12][6]
            (rising edge-triggered flip-flop clocked by REG_CLK)
  Path Group: INREG
  Path Type: max

  Des/Clust/Port     Wire Load Model       Library
  ------------------------------------------------
  System_Top         tsmc13_wl30           scmetro_tsmc_cl013g_rvt_ss_1p08v_125c

  Point                                                   Incr       Path
  --------------------------------------------------------------------------
  clock REG_CLK (rise edge)                               0.00       0.00
  clock network delay (ideal)                             0.00       0.00
  input external delay                                   20.00      20.00 r
  Address[3] (in)                                         0.70      20.70 r
  U0_RegFile/Address[3] (RegFile)                         0.00      20.70 r
  U0_RegFile/U508/Y (NAND2X2M)                            0.43      21.13 f
  U0_RegFile/U507/Y (CLKBUFX6M)                           0.78      21.91 f
  U0_RegFile/U340/Y (NOR2BX4M)                            1.01      22.92 r
  U0_RegFile/U406/Y (NAND2X2M)                            0.45      23.37 f
  U0_RegFile/U405/Y (CLKBUFX6M)                           0.78      24.15 f
  U0_RegFile/U358/Y (INVX4M)                              0.99      25.13 r
  U0_RegFile/U490/Y (OAI22X1M)                            0.58      25.72 f
  U0_RegFile/regArr_reg[12][6]/D (DFFRQX1M)               0.00      25.72 f
  data arrival time                                                 25.72

  clock REG_CLK (rise edge)                             100.00     100.00
  clock network delay (ideal)                             0.00     100.00
  clock uncertainty                                      -0.20      99.80
  U0_RegFile/regArr_reg[12][6]/CK (DFFRQX1M)              0.00      99.80 r
  library setup time                                     -0.23      99.57
  data required time                                                99.57
  --------------------------------------------------------------------------
  data required time                                                99.57
  data arrival time                                                -25.72
  --------------------------------------------------------------------------
  slack (MET)                                                       73.85


  Startpoint: Address[3] (input port clocked by REG_CLK)
  Endpoint: U0_RegFile/regArr_reg[12][5]
            (rising edge-triggered flip-flop clocked by REG_CLK)
  Path Group: INREG
  Path Type: max

  Des/Clust/Port     Wire Load Model       Library
  ------------------------------------------------
  System_Top         tsmc13_wl30           scmetro_tsmc_cl013g_rvt_ss_1p08v_125c

  Point                                                   Incr       Path
  --------------------------------------------------------------------------
  clock REG_CLK (rise edge)                               0.00       0.00
  clock network delay (ideal)                             0.00       0.00
  input external delay                                   20.00      20.00 r
  Address[3] (in)                                         0.70      20.70 r
  U0_RegFile/Address[3] (RegFile)                         0.00      20.70 r
  U0_RegFile/U508/Y (NAND2X2M)                            0.43      21.13 f
  U0_RegFile/U507/Y (CLKBUFX6M)                           0.78      21.91 f
  U0_RegFile/U340/Y (NOR2BX4M)                            1.01      22.92 r
  U0_RegFile/U406/Y (NAND2X2M)                            0.45      23.37 f
  U0_RegFile/U405/Y (CLKBUFX6M)                           0.78      24.15 f
  U0_RegFile/U358/Y (INVX4M)                              0.99      25.13 r
  U0_RegFile/U489/Y (OAI22X1M)                            0.58      25.72 f
  U0_RegFile/regArr_reg[12][5]/D (DFFRQX1M)               0.00      25.72 f
  data arrival time                                                 25.72

  clock REG_CLK (rise edge)                             100.00     100.00
  clock network delay (ideal)                             0.00     100.00
  clock uncertainty                                      -0.20      99.80
  U0_RegFile/regArr_reg[12][5]/CK (DFFRQX1M)              0.00      99.80 r
  library setup time                                     -0.23      99.57
  data required time                                                99.57
  --------------------------------------------------------------------------
  data required time                                                99.57
  data arrival time                                                -25.72
  --------------------------------------------------------------------------
  slack (MET)                                                       73.85


  Startpoint: Address[3] (input port clocked by REG_CLK)
  Endpoint: U0_RegFile/regArr_reg[12][4]
            (rising edge-triggered flip-flop clocked by REG_CLK)
  Path Group: INREG
  Path Type: max

  Des/Clust/Port     Wire Load Model       Library
  ------------------------------------------------
  System_Top         tsmc13_wl30           scmetro_tsmc_cl013g_rvt_ss_1p08v_125c

  Point                                                   Incr       Path
  --------------------------------------------------------------------------
  clock REG_CLK (rise edge)                               0.00       0.00
  clock network delay (ideal)                             0.00       0.00
  input external delay                                   20.00      20.00 r
  Address[3] (in)                                         0.70      20.70 r
  U0_RegFile/Address[3] (RegFile)                         0.00      20.70 r
  U0_RegFile/U508/Y (NAND2X2M)                            0.43      21.13 f
  U0_RegFile/U507/Y (CLKBUFX6M)                           0.78      21.91 f
  U0_RegFile/U340/Y (NOR2BX4M)                            1.01      22.92 r
  U0_RegFile/U406/Y (NAND2X2M)                            0.45      23.37 f
  U0_RegFile/U405/Y (CLKBUFX6M)                           0.78      24.15 f
  U0_RegFile/U358/Y (INVX4M)                              0.99      25.13 r
  U0_RegFile/U488/Y (OAI22X1M)                            0.58      25.72 f
  U0_RegFile/regArr_reg[12][4]/D (DFFRQX1M)               0.00      25.72 f
  data arrival time                                                 25.72

  clock REG_CLK (rise edge)                             100.00     100.00
  clock network delay (ideal)                             0.00     100.00
  clock uncertainty                                      -0.20      99.80
  U0_RegFile/regArr_reg[12][4]/CK (DFFRQX1M)              0.00      99.80 r
  library setup time                                     -0.23      99.57
  data required time                                                99.57
  --------------------------------------------------------------------------
  data required time                                                99.57
  data arrival time                                                -25.72
  --------------------------------------------------------------------------
  slack (MET)                                                       73.85


  Startpoint: Address[3] (input port clocked by REG_CLK)
  Endpoint: U0_RegFile/regArr_reg[12][3]
            (rising edge-triggered flip-flop clocked by REG_CLK)
  Path Group: INREG
  Path Type: max

  Des/Clust/Port     Wire Load Model       Library
  ------------------------------------------------
  System_Top         tsmc13_wl30           scmetro_tsmc_cl013g_rvt_ss_1p08v_125c

  Point                                                   Incr       Path
  --------------------------------------------------------------------------
  clock REG_CLK (rise edge)                               0.00       0.00
  clock network delay (ideal)                             0.00       0.00
  input external delay                                   20.00      20.00 r
  Address[3] (in)                                         0.70      20.70 r
  U0_RegFile/Address[3] (RegFile)                         0.00      20.70 r
  U0_RegFile/U508/Y (NAND2X2M)                            0.43      21.13 f
  U0_RegFile/U507/Y (CLKBUFX6M)                           0.78      21.91 f
  U0_RegFile/U340/Y (NOR2BX4M)                            1.01      22.92 r
  U0_RegFile/U406/Y (NAND2X2M)                            0.45      23.37 f
  U0_RegFile/U405/Y (CLKBUFX6M)                           0.78      24.15 f
  U0_RegFile/U358/Y (INVX4M)                              0.99      25.13 r
  U0_RegFile/U487/Y (OAI22X1M)                            0.58      25.72 f
  U0_RegFile/regArr_reg[12][3]/D (DFFRQX1M)               0.00      25.72 f
  data arrival time                                                 25.72

  clock REG_CLK (rise edge)                             100.00     100.00
  clock network delay (ideal)                             0.00     100.00
  clock uncertainty                                      -0.20      99.80
  U0_RegFile/regArr_reg[12][3]/CK (DFFRQX1M)              0.00      99.80 r
  library setup time                                     -0.23      99.57
  data required time                                                99.57
  --------------------------------------------------------------------------
  data required time                                                99.57
  data arrival time                                                -25.72
  --------------------------------------------------------------------------
  slack (MET)                                                       73.85


  Startpoint: Address[3] (input port clocked by REG_CLK)
  Endpoint: U0_RegFile/regArr_reg[12][2]
            (rising edge-triggered flip-flop clocked by REG_CLK)
  Path Group: INREG
  Path Type: max

  Des/Clust/Port     Wire Load Model       Library
  ------------------------------------------------
  System_Top         tsmc13_wl30           scmetro_tsmc_cl013g_rvt_ss_1p08v_125c

  Point                                                   Incr       Path
  --------------------------------------------------------------------------
  clock REG_CLK (rise edge)                               0.00       0.00
  clock network delay (ideal)                             0.00       0.00
  input external delay                                   20.00      20.00 r
  Address[3] (in)                                         0.70      20.70 r
  U0_RegFile/Address[3] (RegFile)                         0.00      20.70 r
  U0_RegFile/U508/Y (NAND2X2M)                            0.43      21.13 f
  U0_RegFile/U507/Y (CLKBUFX6M)                           0.78      21.91 f
  U0_RegFile/U340/Y (NOR2BX4M)                            1.01      22.92 r
  U0_RegFile/U406/Y (NAND2X2M)                            0.45      23.37 f
  U0_RegFile/U405/Y (CLKBUFX6M)                           0.78      24.15 f
  U0_RegFile/U358/Y (INVX4M)                              0.99      25.13 r
  U0_RegFile/U486/Y (OAI22X1M)                            0.58      25.72 f
  U0_RegFile/regArr_reg[12][2]/D (DFFRQX1M)               0.00      25.72 f
  data arrival time                                                 25.72

  clock REG_CLK (rise edge)                             100.00     100.00
  clock network delay (ideal)                             0.00     100.00
  clock uncertainty                                      -0.20      99.80
  U0_RegFile/regArr_reg[12][2]/CK (DFFRQX1M)              0.00      99.80 r
  library setup time                                     -0.23      99.57
  data required time                                                99.57
  --------------------------------------------------------------------------
  data required time                                                99.57
  data arrival time                                                -25.72
  --------------------------------------------------------------------------
  slack (MET)                                                       73.85


  Startpoint: Address[3] (input port clocked by REG_CLK)
  Endpoint: U0_RegFile/regArr_reg[12][1]
            (rising edge-triggered flip-flop clocked by REG_CLK)
  Path Group: INREG
  Path Type: max

  Des/Clust/Port     Wire Load Model       Library
  ------------------------------------------------
  System_Top         tsmc13_wl30           scmetro_tsmc_cl013g_rvt_ss_1p08v_125c

  Point                                                   Incr       Path
  --------------------------------------------------------------------------
  clock REG_CLK (rise edge)                               0.00       0.00
  clock network delay (ideal)                             0.00       0.00
  input external delay                                   20.00      20.00 r
  Address[3] (in)                                         0.70      20.70 r
  U0_RegFile/Address[3] (RegFile)                         0.00      20.70 r
  U0_RegFile/U508/Y (NAND2X2M)                            0.43      21.13 f
  U0_RegFile/U507/Y (CLKBUFX6M)                           0.78      21.91 f
  U0_RegFile/U340/Y (NOR2BX4M)                            1.01      22.92 r
  U0_RegFile/U406/Y (NAND2X2M)                            0.45      23.37 f
  U0_RegFile/U405/Y (CLKBUFX6M)                           0.78      24.15 f
  U0_RegFile/U358/Y (INVX4M)                              0.99      25.13 r
  U0_RegFile/U485/Y (OAI22X1M)                            0.58      25.72 f
  U0_RegFile/regArr_reg[12][1]/D (DFFRQX1M)               0.00      25.72 f
  data arrival time                                                 25.72

  clock REG_CLK (rise edge)                             100.00     100.00
  clock network delay (ideal)                             0.00     100.00
  clock uncertainty                                      -0.20      99.80
  U0_RegFile/regArr_reg[12][1]/CK (DFFRQX1M)              0.00      99.80 r
  library setup time                                     -0.23      99.57
  data required time                                                99.57
  --------------------------------------------------------------------------
  data required time                                                99.57
  data arrival time                                                -25.72
  --------------------------------------------------------------------------
  slack (MET)                                                       73.85


  Startpoint: Address[3] (input port clocked by REG_CLK)
  Endpoint: U0_RegFile/regArr_reg[12][0]
            (rising edge-triggered flip-flop clocked by REG_CLK)
  Path Group: INREG
  Path Type: max

  Des/Clust/Port     Wire Load Model       Library
  ------------------------------------------------
  System_Top         tsmc13_wl30           scmetro_tsmc_cl013g_rvt_ss_1p08v_125c

  Point                                                   Incr       Path
  --------------------------------------------------------------------------
  clock REG_CLK (rise edge)                               0.00       0.00
  clock network delay (ideal)                             0.00       0.00
  input external delay                                   20.00      20.00 r
  Address[3] (in)                                         0.70      20.70 r
  U0_RegFile/Address[3] (RegFile)                         0.00      20.70 r
  U0_RegFile/U508/Y (NAND2X2M)                            0.43      21.13 f
  U0_RegFile/U507/Y (CLKBUFX6M)                           0.78      21.91 f
  U0_RegFile/U340/Y (NOR2BX4M)                            1.01      22.92 r
  U0_RegFile/U406/Y (NAND2X2M)                            0.45      23.37 f
  U0_RegFile/U405/Y (CLKBUFX6M)                           0.78      24.15 f
  U0_RegFile/U358/Y (INVX4M)                              0.99      25.13 r
  U0_RegFile/U484/Y (OAI22X1M)                            0.58      25.72 f
  U0_RegFile/regArr_reg[12][0]/D (DFFRQX1M)               0.00      25.72 f
  data arrival time                                                 25.72

  clock REG_CLK (rise edge)                             100.00     100.00
  clock network delay (ideal)                             0.00     100.00
  clock uncertainty                                      -0.20      99.80
  U0_RegFile/regArr_reg[12][0]/CK (DFFRQX1M)              0.00      99.80 r
  library setup time                                     -0.23      99.57
  data required time                                                99.57
  --------------------------------------------------------------------------
  data required time                                                99.57
  data arrival time                                                -25.72
  --------------------------------------------------------------------------
  slack (MET)                                                       73.85


  Startpoint: Address[3] (input port clocked by REG_CLK)
  Endpoint: U0_RegFile/regArr_reg[14][7]
            (rising edge-triggered flip-flop clocked by REG_CLK)
  Path Group: INREG
  Path Type: max

  Des/Clust/Port     Wire Load Model       Library
  ------------------------------------------------
  System_Top         tsmc13_wl30           scmetro_tsmc_cl013g_rvt_ss_1p08v_125c

  Point                                                   Incr       Path
  --------------------------------------------------------------------------
  clock REG_CLK (rise edge)                               0.00       0.00
  clock network delay (ideal)                             0.00       0.00
  input external delay                                   20.00      20.00 r
  Address[3] (in)                                         0.70      20.70 r
  U0_RegFile/Address[3] (RegFile)                         0.00      20.70 r
  U0_RegFile/U508/Y (NAND2X2M)                            0.43      21.13 f
  U0_RegFile/U507/Y (CLKBUFX6M)                           0.78      21.91 f
  U0_RegFile/U340/Y (NOR2BX4M)                            1.01      22.92 r
  U0_RegFile/U402/Y (NAND2X2M)                            0.45      23.37 f
  U0_RegFile/U401/Y (CLKBUFX6M)                           0.78      24.15 f
  U0_RegFile/U356/Y (INVX4M)                              0.99      25.13 r
  U0_RegFile/U475/Y (OAI22X1M)                            0.58      25.72 f
  U0_RegFile/regArr_reg[14][7]/D (DFFRQX1M)               0.00      25.72 f
  data arrival time                                                 25.72

  clock REG_CLK (rise edge)                             100.00     100.00
  clock network delay (ideal)                             0.00     100.00
  clock uncertainty                                      -0.20      99.80
  U0_RegFile/regArr_reg[14][7]/CK (DFFRQX1M)              0.00      99.80 r
  library setup time                                     -0.23      99.57
  data required time                                                99.57
  --------------------------------------------------------------------------
  data required time                                                99.57
  data arrival time                                                -25.72
  --------------------------------------------------------------------------
  slack (MET)                                                       73.85


  Startpoint: Address[3] (input port clocked by REG_CLK)
  Endpoint: U0_RegFile/regArr_reg[14][6]
            (rising edge-triggered flip-flop clocked by REG_CLK)
  Path Group: INREG
  Path Type: max

  Des/Clust/Port     Wire Load Model       Library
  ------------------------------------------------
  System_Top         tsmc13_wl30           scmetro_tsmc_cl013g_rvt_ss_1p08v_125c

  Point                                                   Incr       Path
  --------------------------------------------------------------------------
  clock REG_CLK (rise edge)                               0.00       0.00
  clock network delay (ideal)                             0.00       0.00
  input external delay                                   20.00      20.00 r
  Address[3] (in)                                         0.70      20.70 r
  U0_RegFile/Address[3] (RegFile)                         0.00      20.70 r
  U0_RegFile/U508/Y (NAND2X2M)                            0.43      21.13 f
  U0_RegFile/U507/Y (CLKBUFX6M)                           0.78      21.91 f
  U0_RegFile/U340/Y (NOR2BX4M)                            1.01      22.92 r
  U0_RegFile/U402/Y (NAND2X2M)                            0.45      23.37 f
  U0_RegFile/U401/Y (CLKBUFX6M)                           0.78      24.15 f
  U0_RegFile/U356/Y (INVX4M)                              0.99      25.13 r
  U0_RegFile/U474/Y (OAI22X1M)                            0.58      25.72 f
  U0_RegFile/regArr_reg[14][6]/D (DFFRQX1M)               0.00      25.72 f
  data arrival time                                                 25.72

  clock REG_CLK (rise edge)                             100.00     100.00
  clock network delay (ideal)                             0.00     100.00
  clock uncertainty                                      -0.20      99.80
  U0_RegFile/regArr_reg[14][6]/CK (DFFRQX1M)              0.00      99.80 r
  library setup time                                     -0.23      99.57
  data required time                                                99.57
  --------------------------------------------------------------------------
  data required time                                                99.57
  data arrival time                                                -25.72
  --------------------------------------------------------------------------
  slack (MET)                                                       73.85


  Startpoint: Address[3] (input port clocked by REG_CLK)
  Endpoint: U0_RegFile/regArr_reg[14][5]
            (rising edge-triggered flip-flop clocked by REG_CLK)
  Path Group: INREG
  Path Type: max

  Des/Clust/Port     Wire Load Model       Library
  ------------------------------------------------
  System_Top         tsmc13_wl30           scmetro_tsmc_cl013g_rvt_ss_1p08v_125c

  Point                                                   Incr       Path
  --------------------------------------------------------------------------
  clock REG_CLK (rise edge)                               0.00       0.00
  clock network delay (ideal)                             0.00       0.00
  input external delay                                   20.00      20.00 r
  Address[3] (in)                                         0.70      20.70 r
  U0_RegFile/Address[3] (RegFile)                         0.00      20.70 r
  U0_RegFile/U508/Y (NAND2X2M)                            0.43      21.13 f
  U0_RegFile/U507/Y (CLKBUFX6M)                           0.78      21.91 f
  U0_RegFile/U340/Y (NOR2BX4M)                            1.01      22.92 r
  U0_RegFile/U402/Y (NAND2X2M)                            0.45      23.37 f
  U0_RegFile/U401/Y (CLKBUFX6M)                           0.78      24.15 f
  U0_RegFile/U356/Y (INVX4M)                              0.99      25.13 r
  U0_RegFile/U473/Y (OAI22X1M)                            0.58      25.72 f
  U0_RegFile/regArr_reg[14][5]/D (DFFRQX1M)               0.00      25.72 f
  data arrival time                                                 25.72

  clock REG_CLK (rise edge)                             100.00     100.00
  clock network delay (ideal)                             0.00     100.00
  clock uncertainty                                      -0.20      99.80
  U0_RegFile/regArr_reg[14][5]/CK (DFFRQX1M)              0.00      99.80 r
  library setup time                                     -0.23      99.57
  data required time                                                99.57
  --------------------------------------------------------------------------
  data required time                                                99.57
  data arrival time                                                -25.72
  --------------------------------------------------------------------------
  slack (MET)                                                       73.85


  Startpoint: Address[3] (input port clocked by REG_CLK)
  Endpoint: U0_RegFile/regArr_reg[14][4]
            (rising edge-triggered flip-flop clocked by REG_CLK)
  Path Group: INREG
  Path Type: max

  Des/Clust/Port     Wire Load Model       Library
  ------------------------------------------------
  System_Top         tsmc13_wl30           scmetro_tsmc_cl013g_rvt_ss_1p08v_125c

  Point                                                   Incr       Path
  --------------------------------------------------------------------------
  clock REG_CLK (rise edge)                               0.00       0.00
  clock network delay (ideal)                             0.00       0.00
  input external delay                                   20.00      20.00 r
  Address[3] (in)                                         0.70      20.70 r
  U0_RegFile/Address[3] (RegFile)                         0.00      20.70 r
  U0_RegFile/U508/Y (NAND2X2M)                            0.43      21.13 f
  U0_RegFile/U507/Y (CLKBUFX6M)                           0.78      21.91 f
  U0_RegFile/U340/Y (NOR2BX4M)                            1.01      22.92 r
  U0_RegFile/U402/Y (NAND2X2M)                            0.45      23.37 f
  U0_RegFile/U401/Y (CLKBUFX6M)                           0.78      24.15 f
  U0_RegFile/U356/Y (INVX4M)                              0.99      25.13 r
  U0_RegFile/U472/Y (OAI22X1M)                            0.58      25.72 f
  U0_RegFile/regArr_reg[14][4]/D (DFFRQX1M)               0.00      25.72 f
  data arrival time                                                 25.72

  clock REG_CLK (rise edge)                             100.00     100.00
  clock network delay (ideal)                             0.00     100.00
  clock uncertainty                                      -0.20      99.80
  U0_RegFile/regArr_reg[14][4]/CK (DFFRQX1M)              0.00      99.80 r
  library setup time                                     -0.23      99.57
  data required time                                                99.57
  --------------------------------------------------------------------------
  data required time                                                99.57
  data arrival time                                                -25.72
  --------------------------------------------------------------------------
  slack (MET)                                                       73.85


  Startpoint: Address[3] (input port clocked by REG_CLK)
  Endpoint: U0_RegFile/regArr_reg[14][3]
            (rising edge-triggered flip-flop clocked by REG_CLK)
  Path Group: INREG
  Path Type: max

  Des/Clust/Port     Wire Load Model       Library
  ------------------------------------------------
  System_Top         tsmc13_wl30           scmetro_tsmc_cl013g_rvt_ss_1p08v_125c

  Point                                                   Incr       Path
  --------------------------------------------------------------------------
  clock REG_CLK (rise edge)                               0.00       0.00
  clock network delay (ideal)                             0.00       0.00
  input external delay                                   20.00      20.00 r
  Address[3] (in)                                         0.70      20.70 r
  U0_RegFile/Address[3] (RegFile)                         0.00      20.70 r
  U0_RegFile/U508/Y (NAND2X2M)                            0.43      21.13 f
  U0_RegFile/U507/Y (CLKBUFX6M)                           0.78      21.91 f
  U0_RegFile/U340/Y (NOR2BX4M)                            1.01      22.92 r
  U0_RegFile/U402/Y (NAND2X2M)                            0.45      23.37 f
  U0_RegFile/U401/Y (CLKBUFX6M)                           0.78      24.15 f
  U0_RegFile/U356/Y (INVX4M)                              0.99      25.13 r
  U0_RegFile/U471/Y (OAI22X1M)                            0.58      25.72 f
  U0_RegFile/regArr_reg[14][3]/D (DFFRQX1M)               0.00      25.72 f
  data arrival time                                                 25.72

  clock REG_CLK (rise edge)                             100.00     100.00
  clock network delay (ideal)                             0.00     100.00
  clock uncertainty                                      -0.20      99.80
  U0_RegFile/regArr_reg[14][3]/CK (DFFRQX1M)              0.00      99.80 r
  library setup time                                     -0.23      99.57
  data required time                                                99.57
  --------------------------------------------------------------------------
  data required time                                                99.57
  data arrival time                                                -25.72
  --------------------------------------------------------------------------
  slack (MET)                                                       73.85


  Startpoint: Address[3] (input port clocked by REG_CLK)
  Endpoint: U0_RegFile/regArr_reg[14][2]
            (rising edge-triggered flip-flop clocked by REG_CLK)
  Path Group: INREG
  Path Type: max

  Des/Clust/Port     Wire Load Model       Library
  ------------------------------------------------
  System_Top         tsmc13_wl30           scmetro_tsmc_cl013g_rvt_ss_1p08v_125c

  Point                                                   Incr       Path
  --------------------------------------------------------------------------
  clock REG_CLK (rise edge)                               0.00       0.00
  clock network delay (ideal)                             0.00       0.00
  input external delay                                   20.00      20.00 r
  Address[3] (in)                                         0.70      20.70 r
  U0_RegFile/Address[3] (RegFile)                         0.00      20.70 r
  U0_RegFile/U508/Y (NAND2X2M)                            0.43      21.13 f
  U0_RegFile/U507/Y (CLKBUFX6M)                           0.78      21.91 f
  U0_RegFile/U340/Y (NOR2BX4M)                            1.01      22.92 r
  U0_RegFile/U402/Y (NAND2X2M)                            0.45      23.37 f
  U0_RegFile/U401/Y (CLKBUFX6M)                           0.78      24.15 f
  U0_RegFile/U356/Y (INVX4M)                              0.99      25.13 r
  U0_RegFile/U470/Y (OAI22X1M)                            0.58      25.72 f
  U0_RegFile/regArr_reg[14][2]/D (DFFRQX1M)               0.00      25.72 f
  data arrival time                                                 25.72

  clock REG_CLK (rise edge)                             100.00     100.00
  clock network delay (ideal)                             0.00     100.00
  clock uncertainty                                      -0.20      99.80
  U0_RegFile/regArr_reg[14][2]/CK (DFFRQX1M)              0.00      99.80 r
  library setup time                                     -0.23      99.57
  data required time                                                99.57
  --------------------------------------------------------------------------
  data required time                                                99.57
  data arrival time                                                -25.72
  --------------------------------------------------------------------------
  slack (MET)                                                       73.85


  Startpoint: Address[3] (input port clocked by REG_CLK)
  Endpoint: U0_RegFile/regArr_reg[14][1]
            (rising edge-triggered flip-flop clocked by REG_CLK)
  Path Group: INREG
  Path Type: max

  Des/Clust/Port     Wire Load Model       Library
  ------------------------------------------------
  System_Top         tsmc13_wl30           scmetro_tsmc_cl013g_rvt_ss_1p08v_125c

  Point                                                   Incr       Path
  --------------------------------------------------------------------------
  clock REG_CLK (rise edge)                               0.00       0.00
  clock network delay (ideal)                             0.00       0.00
  input external delay                                   20.00      20.00 r
  Address[3] (in)                                         0.70      20.70 r
  U0_RegFile/Address[3] (RegFile)                         0.00      20.70 r
  U0_RegFile/U508/Y (NAND2X2M)                            0.43      21.13 f
  U0_RegFile/U507/Y (CLKBUFX6M)                           0.78      21.91 f
  U0_RegFile/U340/Y (NOR2BX4M)                            1.01      22.92 r
  U0_RegFile/U402/Y (NAND2X2M)                            0.45      23.37 f
  U0_RegFile/U401/Y (CLKBUFX6M)                           0.78      24.15 f
  U0_RegFile/U356/Y (INVX4M)                              0.99      25.13 r
  U0_RegFile/U469/Y (OAI22X1M)                            0.58      25.72 f
  U0_RegFile/regArr_reg[14][1]/D (DFFRQX1M)               0.00      25.72 f
  data arrival time                                                 25.72

  clock REG_CLK (rise edge)                             100.00     100.00
  clock network delay (ideal)                             0.00     100.00
  clock uncertainty                                      -0.20      99.80
  U0_RegFile/regArr_reg[14][1]/CK (DFFRQX1M)              0.00      99.80 r
  library setup time                                     -0.23      99.57
  data required time                                                99.57
  --------------------------------------------------------------------------
  data required time                                                99.57
  data arrival time                                                -25.72
  --------------------------------------------------------------------------
  slack (MET)                                                       73.85


  Startpoint: Address[3] (input port clocked by REG_CLK)
  Endpoint: U0_RegFile/regArr_reg[14][0]
            (rising edge-triggered flip-flop clocked by REG_CLK)
  Path Group: INREG
  Path Type: max

  Des/Clust/Port     Wire Load Model       Library
  ------------------------------------------------
  System_Top         tsmc13_wl30           scmetro_tsmc_cl013g_rvt_ss_1p08v_125c

  Point                                                   Incr       Path
  --------------------------------------------------------------------------
  clock REG_CLK (rise edge)                               0.00       0.00
  clock network delay (ideal)                             0.00       0.00
  input external delay                                   20.00      20.00 r
  Address[3] (in)                                         0.70      20.70 r
  U0_RegFile/Address[3] (RegFile)                         0.00      20.70 r
  U0_RegFile/U508/Y (NAND2X2M)                            0.43      21.13 f
  U0_RegFile/U507/Y (CLKBUFX6M)                           0.78      21.91 f
  U0_RegFile/U340/Y (NOR2BX4M)                            1.01      22.92 r
  U0_RegFile/U402/Y (NAND2X2M)                            0.45      23.37 f
  U0_RegFile/U401/Y (CLKBUFX6M)                           0.78      24.15 f
  U0_RegFile/U356/Y (INVX4M)                              0.99      25.13 r
  U0_RegFile/U468/Y (OAI22X1M)                            0.58      25.72 f
  U0_RegFile/regArr_reg[14][0]/D (DFFRQX1M)               0.00      25.72 f
  data arrival time                                                 25.72

  clock REG_CLK (rise edge)                             100.00     100.00
  clock network delay (ideal)                             0.00     100.00
  clock uncertainty                                      -0.20      99.80
  U0_RegFile/regArr_reg[14][0]/CK (DFFRQX1M)              0.00      99.80 r
  library setup time                                     -0.23      99.57
  data required time                                                99.57
  --------------------------------------------------------------------------
  data required time                                                99.57
  data arrival time                                                -25.72
  --------------------------------------------------------------------------
  slack (MET)                                                       73.85


  Startpoint: Address[3] (input port clocked by REG_CLK)
  Endpoint: U0_RegFile/regArr_reg[13][7]
            (rising edge-triggered flip-flop clocked by REG_CLK)
  Path Group: INREG
  Path Type: max

  Des/Clust/Port     Wire Load Model       Library
  ------------------------------------------------
  System_Top         tsmc13_wl30           scmetro_tsmc_cl013g_rvt_ss_1p08v_125c

  Point                                                   Incr       Path
  --------------------------------------------------------------------------
  clock REG_CLK (rise edge)                               0.00       0.00
  clock network delay (ideal)                             0.00       0.00
  input external delay                                   20.00      20.00 r
  Address[3] (in)                                         0.70      20.70 r
  U0_RegFile/Address[3] (RegFile)                         0.00      20.70 r
  U0_RegFile/U501/Y (NAND2X2M)                            0.43      21.13 f
  U0_RegFile/U500/Y (CLKBUFX6M)                           0.78      21.91 f
  U0_RegFile/U341/Y (NOR2BX4M)                            1.01      22.92 r
  U0_RegFile/U408/Y (NAND2X2M)                            0.45      23.37 f
  U0_RegFile/U407/Y (CLKBUFX6M)                           0.78      24.15 f
  U0_RegFile/U359/Y (INVX4M)                              0.99      25.13 r
  U0_RegFile/U499/Y (OAI22X1M)                            0.58      25.72 f
  U0_RegFile/regArr_reg[13][7]/D (DFFRQX1M)               0.00      25.72 f
  data arrival time                                                 25.72

  clock REG_CLK (rise edge)                             100.00     100.00
  clock network delay (ideal)                             0.00     100.00
  clock uncertainty                                      -0.20      99.80
  U0_RegFile/regArr_reg[13][7]/CK (DFFRQX1M)              0.00      99.80 r
  library setup time                                     -0.23      99.57
  data required time                                                99.57
  --------------------------------------------------------------------------
  data required time                                                99.57
  data arrival time                                                -25.72
  --------------------------------------------------------------------------
  slack (MET)                                                       73.85


  Startpoint: Address[3] (input port clocked by REG_CLK)
  Endpoint: U0_RegFile/regArr_reg[13][6]
            (rising edge-triggered flip-flop clocked by REG_CLK)
  Path Group: INREG
  Path Type: max

  Des/Clust/Port     Wire Load Model       Library
  ------------------------------------------------
  System_Top         tsmc13_wl30           scmetro_tsmc_cl013g_rvt_ss_1p08v_125c

  Point                                                   Incr       Path
  --------------------------------------------------------------------------
  clock REG_CLK (rise edge)                               0.00       0.00
  clock network delay (ideal)                             0.00       0.00
  input external delay                                   20.00      20.00 r
  Address[3] (in)                                         0.70      20.70 r
  U0_RegFile/Address[3] (RegFile)                         0.00      20.70 r
  U0_RegFile/U501/Y (NAND2X2M)                            0.43      21.13 f
  U0_RegFile/U500/Y (CLKBUFX6M)                           0.78      21.91 f
  U0_RegFile/U341/Y (NOR2BX4M)                            1.01      22.92 r
  U0_RegFile/U408/Y (NAND2X2M)                            0.45      23.37 f
  U0_RegFile/U407/Y (CLKBUFX6M)                           0.78      24.15 f
  U0_RegFile/U359/Y (INVX4M)                              0.99      25.13 r
  U0_RegFile/U498/Y (OAI22X1M)                            0.58      25.72 f
  U0_RegFile/regArr_reg[13][6]/D (DFFRQX1M)               0.00      25.72 f
  data arrival time                                                 25.72

  clock REG_CLK (rise edge)                             100.00     100.00
  clock network delay (ideal)                             0.00     100.00
  clock uncertainty                                      -0.20      99.80
  U0_RegFile/regArr_reg[13][6]/CK (DFFRQX1M)              0.00      99.80 r
  library setup time                                     -0.23      99.57
  data required time                                                99.57
  --------------------------------------------------------------------------
  data required time                                                99.57
  data arrival time                                                -25.72
  --------------------------------------------------------------------------
  slack (MET)                                                       73.85


  Startpoint: Address[3] (input port clocked by REG_CLK)
  Endpoint: U0_RegFile/regArr_reg[13][5]
            (rising edge-triggered flip-flop clocked by REG_CLK)
  Path Group: INREG
  Path Type: max

  Des/Clust/Port     Wire Load Model       Library
  ------------------------------------------------
  System_Top         tsmc13_wl30           scmetro_tsmc_cl013g_rvt_ss_1p08v_125c

  Point                                                   Incr       Path
  --------------------------------------------------------------------------
  clock REG_CLK (rise edge)                               0.00       0.00
  clock network delay (ideal)                             0.00       0.00
  input external delay                                   20.00      20.00 r
  Address[3] (in)                                         0.70      20.70 r
  U0_RegFile/Address[3] (RegFile)                         0.00      20.70 r
  U0_RegFile/U501/Y (NAND2X2M)                            0.43      21.13 f
  U0_RegFile/U500/Y (CLKBUFX6M)                           0.78      21.91 f
  U0_RegFile/U341/Y (NOR2BX4M)                            1.01      22.92 r
  U0_RegFile/U408/Y (NAND2X2M)                            0.45      23.37 f
  U0_RegFile/U407/Y (CLKBUFX6M)                           0.78      24.15 f
  U0_RegFile/U359/Y (INVX4M)                              0.99      25.13 r
  U0_RegFile/U497/Y (OAI22X1M)                            0.58      25.72 f
  U0_RegFile/regArr_reg[13][5]/D (DFFRQX1M)               0.00      25.72 f
  data arrival time                                                 25.72

  clock REG_CLK (rise edge)                             100.00     100.00
  clock network delay (ideal)                             0.00     100.00
  clock uncertainty                                      -0.20      99.80
  U0_RegFile/regArr_reg[13][5]/CK (DFFRQX1M)              0.00      99.80 r
  library setup time                                     -0.23      99.57
  data required time                                                99.57
  --------------------------------------------------------------------------
  data required time                                                99.57
  data arrival time                                                -25.72
  --------------------------------------------------------------------------
  slack (MET)                                                       73.85


  Startpoint: Address[3] (input port clocked by REG_CLK)
  Endpoint: U0_RegFile/regArr_reg[13][4]
            (rising edge-triggered flip-flop clocked by REG_CLK)
  Path Group: INREG
  Path Type: max

  Des/Clust/Port     Wire Load Model       Library
  ------------------------------------------------
  System_Top         tsmc13_wl30           scmetro_tsmc_cl013g_rvt_ss_1p08v_125c

  Point                                                   Incr       Path
  --------------------------------------------------------------------------
  clock REG_CLK (rise edge)                               0.00       0.00
  clock network delay (ideal)                             0.00       0.00
  input external delay                                   20.00      20.00 r
  Address[3] (in)                                         0.70      20.70 r
  U0_RegFile/Address[3] (RegFile)                         0.00      20.70 r
  U0_RegFile/U501/Y (NAND2X2M)                            0.43      21.13 f
  U0_RegFile/U500/Y (CLKBUFX6M)                           0.78      21.91 f
  U0_RegFile/U341/Y (NOR2BX4M)                            1.01      22.92 r
  U0_RegFile/U408/Y (NAND2X2M)                            0.45      23.37 f
  U0_RegFile/U407/Y (CLKBUFX6M)                           0.78      24.15 f
  U0_RegFile/U359/Y (INVX4M)                              0.99      25.13 r
  U0_RegFile/U496/Y (OAI22X1M)                            0.58      25.72 f
  U0_RegFile/regArr_reg[13][4]/D (DFFRQX1M)               0.00      25.72 f
  data arrival time                                                 25.72

  clock REG_CLK (rise edge)                             100.00     100.00
  clock network delay (ideal)                             0.00     100.00
  clock uncertainty                                      -0.20      99.80
  U0_RegFile/regArr_reg[13][4]/CK (DFFRQX1M)              0.00      99.80 r
  library setup time                                     -0.23      99.57
  data required time                                                99.57
  --------------------------------------------------------------------------
  data required time                                                99.57
  data arrival time                                                -25.72
  --------------------------------------------------------------------------
  slack (MET)                                                       73.85


  Startpoint: Address[3] (input port clocked by REG_CLK)
  Endpoint: U0_RegFile/regArr_reg[13][3]
            (rising edge-triggered flip-flop clocked by REG_CLK)
  Path Group: INREG
  Path Type: max

  Des/Clust/Port     Wire Load Model       Library
  ------------------------------------------------
  System_Top         tsmc13_wl30           scmetro_tsmc_cl013g_rvt_ss_1p08v_125c

  Point                                                   Incr       Path
  --------------------------------------------------------------------------
  clock REG_CLK (rise edge)                               0.00       0.00
  clock network delay (ideal)                             0.00       0.00
  input external delay                                   20.00      20.00 r
  Address[3] (in)                                         0.70      20.70 r
  U0_RegFile/Address[3] (RegFile)                         0.00      20.70 r
  U0_RegFile/U501/Y (NAND2X2M)                            0.43      21.13 f
  U0_RegFile/U500/Y (CLKBUFX6M)                           0.78      21.91 f
  U0_RegFile/U341/Y (NOR2BX4M)                            1.01      22.92 r
  U0_RegFile/U408/Y (NAND2X2M)                            0.45      23.37 f
  U0_RegFile/U407/Y (CLKBUFX6M)                           0.78      24.15 f
  U0_RegFile/U359/Y (INVX4M)                              0.99      25.13 r
  U0_RegFile/U495/Y (OAI22X1M)                            0.58      25.72 f
  U0_RegFile/regArr_reg[13][3]/D (DFFRQX1M)               0.00      25.72 f
  data arrival time                                                 25.72

  clock REG_CLK (rise edge)                             100.00     100.00
  clock network delay (ideal)                             0.00     100.00
  clock uncertainty                                      -0.20      99.80
  U0_RegFile/regArr_reg[13][3]/CK (DFFRQX1M)              0.00      99.80 r
  library setup time                                     -0.23      99.57
  data required time                                                99.57
  --------------------------------------------------------------------------
  data required time                                                99.57
  data arrival time                                                -25.72
  --------------------------------------------------------------------------
  slack (MET)                                                       73.85


  Startpoint: Address[3] (input port clocked by REG_CLK)
  Endpoint: U0_RegFile/regArr_reg[13][2]
            (rising edge-triggered flip-flop clocked by REG_CLK)
  Path Group: INREG
  Path Type: max

  Des/Clust/Port     Wire Load Model       Library
  ------------------------------------------------
  System_Top         tsmc13_wl30           scmetro_tsmc_cl013g_rvt_ss_1p08v_125c

  Point                                                   Incr       Path
  --------------------------------------------------------------------------
  clock REG_CLK (rise edge)                               0.00       0.00
  clock network delay (ideal)                             0.00       0.00
  input external delay                                   20.00      20.00 r
  Address[3] (in)                                         0.70      20.70 r
  U0_RegFile/Address[3] (RegFile)                         0.00      20.70 r
  U0_RegFile/U501/Y (NAND2X2M)                            0.43      21.13 f
  U0_RegFile/U500/Y (CLKBUFX6M)                           0.78      21.91 f
  U0_RegFile/U341/Y (NOR2BX4M)                            1.01      22.92 r
  U0_RegFile/U408/Y (NAND2X2M)                            0.45      23.37 f
  U0_RegFile/U407/Y (CLKBUFX6M)                           0.78      24.15 f
  U0_RegFile/U359/Y (INVX4M)                              0.99      25.13 r
  U0_RegFile/U494/Y (OAI22X1M)                            0.58      25.72 f
  U0_RegFile/regArr_reg[13][2]/D (DFFRQX1M)               0.00      25.72 f
  data arrival time                                                 25.72

  clock REG_CLK (rise edge)                             100.00     100.00
  clock network delay (ideal)                             0.00     100.00
  clock uncertainty                                      -0.20      99.80
  U0_RegFile/regArr_reg[13][2]/CK (DFFRQX1M)              0.00      99.80 r
  library setup time                                     -0.23      99.57
  data required time                                                99.57
  --------------------------------------------------------------------------
  data required time                                                99.57
  data arrival time                                                -25.72
  --------------------------------------------------------------------------
  slack (MET)                                                       73.85


  Startpoint: Address[3] (input port clocked by REG_CLK)
  Endpoint: U0_RegFile/regArr_reg[13][1]
            (rising edge-triggered flip-flop clocked by REG_CLK)
  Path Group: INREG
  Path Type: max

  Des/Clust/Port     Wire Load Model       Library
  ------------------------------------------------
  System_Top         tsmc13_wl30           scmetro_tsmc_cl013g_rvt_ss_1p08v_125c

  Point                                                   Incr       Path
  --------------------------------------------------------------------------
  clock REG_CLK (rise edge)                               0.00       0.00
  clock network delay (ideal)                             0.00       0.00
  input external delay                                   20.00      20.00 r
  Address[3] (in)                                         0.70      20.70 r
  U0_RegFile/Address[3] (RegFile)                         0.00      20.70 r
  U0_RegFile/U501/Y (NAND2X2M)                            0.43      21.13 f
  U0_RegFile/U500/Y (CLKBUFX6M)                           0.78      21.91 f
  U0_RegFile/U341/Y (NOR2BX4M)                            1.01      22.92 r
  U0_RegFile/U408/Y (NAND2X2M)                            0.45      23.37 f
  U0_RegFile/U407/Y (CLKBUFX6M)                           0.78      24.15 f
  U0_RegFile/U359/Y (INVX4M)                              0.99      25.13 r
  U0_RegFile/U493/Y (OAI22X1M)                            0.58      25.72 f
  U0_RegFile/regArr_reg[13][1]/D (DFFRQX1M)               0.00      25.72 f
  data arrival time                                                 25.72

  clock REG_CLK (rise edge)                             100.00     100.00
  clock network delay (ideal)                             0.00     100.00
  clock uncertainty                                      -0.20      99.80
  U0_RegFile/regArr_reg[13][1]/CK (DFFRQX1M)              0.00      99.80 r
  library setup time                                     -0.23      99.57
  data required time                                                99.57
  --------------------------------------------------------------------------
  data required time                                                99.57
  data arrival time                                                -25.72
  --------------------------------------------------------------------------
  slack (MET)                                                       73.85


  Startpoint: Address[3] (input port clocked by REG_CLK)
  Endpoint: U0_RegFile/regArr_reg[13][0]
            (rising edge-triggered flip-flop clocked by REG_CLK)
  Path Group: INREG
  Path Type: max

  Des/Clust/Port     Wire Load Model       Library
  ------------------------------------------------
  System_Top         tsmc13_wl30           scmetro_tsmc_cl013g_rvt_ss_1p08v_125c

  Point                                                   Incr       Path
  --------------------------------------------------------------------------
  clock REG_CLK (rise edge)                               0.00       0.00
  clock network delay (ideal)                             0.00       0.00
  input external delay                                   20.00      20.00 r
  Address[3] (in)                                         0.70      20.70 r
  U0_RegFile/Address[3] (RegFile)                         0.00      20.70 r
  U0_RegFile/U501/Y (NAND2X2M)                            0.43      21.13 f
  U0_RegFile/U500/Y (CLKBUFX6M)                           0.78      21.91 f
  U0_RegFile/U341/Y (NOR2BX4M)                            1.01      22.92 r
  U0_RegFile/U408/Y (NAND2X2M)                            0.45      23.37 f
  U0_RegFile/U407/Y (CLKBUFX6M)                           0.78      24.15 f
  U0_RegFile/U359/Y (INVX4M)                              0.99      25.13 r
  U0_RegFile/U492/Y (OAI22X1M)                            0.58      25.72 f
  U0_RegFile/regArr_reg[13][0]/D (DFFRQX1M)               0.00      25.72 f
  data arrival time                                                 25.72

  clock REG_CLK (rise edge)                             100.00     100.00
  clock network delay (ideal)                             0.00     100.00
  clock uncertainty                                      -0.20      99.80
  U0_RegFile/regArr_reg[13][0]/CK (DFFRQX1M)              0.00      99.80 r
  library setup time                                     -0.23      99.57
  data required time                                                99.57
  --------------------------------------------------------------------------
  data required time                                                99.57
  data arrival time                                                -25.72
  --------------------------------------------------------------------------
  slack (MET)                                                       73.85


  Startpoint: Address[3] (input port clocked by REG_CLK)
  Endpoint: U0_RegFile/regArr_reg[15][7]
            (rising edge-triggered flip-flop clocked by REG_CLK)
  Path Group: INREG
  Path Type: max

  Des/Clust/Port     Wire Load Model       Library
  ------------------------------------------------
  System_Top         tsmc13_wl30           scmetro_tsmc_cl013g_rvt_ss_1p08v_125c

  Point                                                   Incr       Path
  --------------------------------------------------------------------------
  clock REG_CLK (rise edge)                               0.00       0.00
  clock network delay (ideal)                             0.00       0.00
  input external delay                                   20.00      20.00 r
  Address[3] (in)                                         0.70      20.70 r
  U0_RegFile/Address[3] (RegFile)                         0.00      20.70 r
  U0_RegFile/U501/Y (NAND2X2M)                            0.43      21.13 f
  U0_RegFile/U500/Y (CLKBUFX6M)                           0.78      21.91 f
  U0_RegFile/U341/Y (NOR2BX4M)                            1.01      22.92 r
  U0_RegFile/U404/Y (NAND2X2M)                            0.45      23.37 f
  U0_RegFile/U403/Y (CLKBUFX6M)                           0.78      24.15 f
  U0_RegFile/U357/Y (INVX4M)                              0.99      25.13 r
  U0_RegFile/U483/Y (OAI22X1M)                            0.58      25.72 f
  U0_RegFile/regArr_reg[15][7]/D (DFFRQX1M)               0.00      25.72 f
  data arrival time                                                 25.72

  clock REG_CLK (rise edge)                             100.00     100.00
  clock network delay (ideal)                             0.00     100.00
  clock uncertainty                                      -0.20      99.80
  U0_RegFile/regArr_reg[15][7]/CK (DFFRQX1M)              0.00      99.80 r
  library setup time                                     -0.23      99.57
  data required time                                                99.57
  --------------------------------------------------------------------------
  data required time                                                99.57
  data arrival time                                                -25.72
  --------------------------------------------------------------------------
  slack (MET)                                                       73.85


  Startpoint: Address[3] (input port clocked by REG_CLK)
  Endpoint: U0_RegFile/regArr_reg[15][6]
            (rising edge-triggered flip-flop clocked by REG_CLK)
  Path Group: INREG
  Path Type: max

  Des/Clust/Port     Wire Load Model       Library
  ------------------------------------------------
  System_Top         tsmc13_wl30           scmetro_tsmc_cl013g_rvt_ss_1p08v_125c

  Point                                                   Incr       Path
  --------------------------------------------------------------------------
  clock REG_CLK (rise edge)                               0.00       0.00
  clock network delay (ideal)                             0.00       0.00
  input external delay                                   20.00      20.00 r
  Address[3] (in)                                         0.70      20.70 r
  U0_RegFile/Address[3] (RegFile)                         0.00      20.70 r
  U0_RegFile/U501/Y (NAND2X2M)                            0.43      21.13 f
  U0_RegFile/U500/Y (CLKBUFX6M)                           0.78      21.91 f
  U0_RegFile/U341/Y (NOR2BX4M)                            1.01      22.92 r
  U0_RegFile/U404/Y (NAND2X2M)                            0.45      23.37 f
  U0_RegFile/U403/Y (CLKBUFX6M)                           0.78      24.15 f
  U0_RegFile/U357/Y (INVX4M)                              0.99      25.13 r
  U0_RegFile/U482/Y (OAI22X1M)                            0.58      25.72 f
  U0_RegFile/regArr_reg[15][6]/D (DFFRQX1M)               0.00      25.72 f
  data arrival time                                                 25.72

  clock REG_CLK (rise edge)                             100.00     100.00
  clock network delay (ideal)                             0.00     100.00
  clock uncertainty                                      -0.20      99.80
  U0_RegFile/regArr_reg[15][6]/CK (DFFRQX1M)              0.00      99.80 r
  library setup time                                     -0.23      99.57
  data required time                                                99.57
  --------------------------------------------------------------------------
  data required time                                                99.57
  data arrival time                                                -25.72
  --------------------------------------------------------------------------
  slack (MET)                                                       73.85


  Startpoint: Address[3] (input port clocked by REG_CLK)
  Endpoint: U0_RegFile/regArr_reg[15][5]
            (rising edge-triggered flip-flop clocked by REG_CLK)
  Path Group: INREG
  Path Type: max

  Des/Clust/Port     Wire Load Model       Library
  ------------------------------------------------
  System_Top         tsmc13_wl30           scmetro_tsmc_cl013g_rvt_ss_1p08v_125c

  Point                                                   Incr       Path
  --------------------------------------------------------------------------
  clock REG_CLK (rise edge)                               0.00       0.00
  clock network delay (ideal)                             0.00       0.00
  input external delay                                   20.00      20.00 r
  Address[3] (in)                                         0.70      20.70 r
  U0_RegFile/Address[3] (RegFile)                         0.00      20.70 r
  U0_RegFile/U501/Y (NAND2X2M)                            0.43      21.13 f
  U0_RegFile/U500/Y (CLKBUFX6M)                           0.78      21.91 f
  U0_RegFile/U341/Y (NOR2BX4M)                            1.01      22.92 r
  U0_RegFile/U404/Y (NAND2X2M)                            0.45      23.37 f
  U0_RegFile/U403/Y (CLKBUFX6M)                           0.78      24.15 f
  U0_RegFile/U357/Y (INVX4M)                              0.99      25.13 r
  U0_RegFile/U481/Y (OAI22X1M)                            0.58      25.72 f
  U0_RegFile/regArr_reg[15][5]/D (DFFRQX1M)               0.00      25.72 f
  data arrival time                                                 25.72

  clock REG_CLK (rise edge)                             100.00     100.00
  clock network delay (ideal)                             0.00     100.00
  clock uncertainty                                      -0.20      99.80
  U0_RegFile/regArr_reg[15][5]/CK (DFFRQX1M)              0.00      99.80 r
  library setup time                                     -0.23      99.57
  data required time                                                99.57
  --------------------------------------------------------------------------
  data required time                                                99.57
  data arrival time                                                -25.72
  --------------------------------------------------------------------------
  slack (MET)                                                       73.85


  Startpoint: Address[3] (input port clocked by REG_CLK)
  Endpoint: U0_RegFile/regArr_reg[15][4]
            (rising edge-triggered flip-flop clocked by REG_CLK)
  Path Group: INREG
  Path Type: max

  Des/Clust/Port     Wire Load Model       Library
  ------------------------------------------------
  System_Top         tsmc13_wl30           scmetro_tsmc_cl013g_rvt_ss_1p08v_125c

  Point                                                   Incr       Path
  --------------------------------------------------------------------------
  clock REG_CLK (rise edge)                               0.00       0.00
  clock network delay (ideal)                             0.00       0.00
  input external delay                                   20.00      20.00 r
  Address[3] (in)                                         0.70      20.70 r
  U0_RegFile/Address[3] (RegFile)                         0.00      20.70 r
  U0_RegFile/U501/Y (NAND2X2M)                            0.43      21.13 f
  U0_RegFile/U500/Y (CLKBUFX6M)                           0.78      21.91 f
  U0_RegFile/U341/Y (NOR2BX4M)                            1.01      22.92 r
  U0_RegFile/U404/Y (NAND2X2M)                            0.45      23.37 f
  U0_RegFile/U403/Y (CLKBUFX6M)                           0.78      24.15 f
  U0_RegFile/U357/Y (INVX4M)                              0.99      25.13 r
  U0_RegFile/U480/Y (OAI22X1M)                            0.58      25.72 f
  U0_RegFile/regArr_reg[15][4]/D (DFFRQX1M)               0.00      25.72 f
  data arrival time                                                 25.72

  clock REG_CLK (rise edge)                             100.00     100.00
  clock network delay (ideal)                             0.00     100.00
  clock uncertainty                                      -0.20      99.80
  U0_RegFile/regArr_reg[15][4]/CK (DFFRQX1M)              0.00      99.80 r
  library setup time                                     -0.23      99.57
  data required time                                                99.57
  --------------------------------------------------------------------------
  data required time                                                99.57
  data arrival time                                                -25.72
  --------------------------------------------------------------------------
  slack (MET)                                                       73.85


  Startpoint: Address[3] (input port clocked by REG_CLK)
  Endpoint: U0_RegFile/regArr_reg[15][3]
            (rising edge-triggered flip-flop clocked by REG_CLK)
  Path Group: INREG
  Path Type: max

  Des/Clust/Port     Wire Load Model       Library
  ------------------------------------------------
  System_Top         tsmc13_wl30           scmetro_tsmc_cl013g_rvt_ss_1p08v_125c

  Point                                                   Incr       Path
  --------------------------------------------------------------------------
  clock REG_CLK (rise edge)                               0.00       0.00
  clock network delay (ideal)                             0.00       0.00
  input external delay                                   20.00      20.00 r
  Address[3] (in)                                         0.70      20.70 r
  U0_RegFile/Address[3] (RegFile)                         0.00      20.70 r
  U0_RegFile/U501/Y (NAND2X2M)                            0.43      21.13 f
  U0_RegFile/U500/Y (CLKBUFX6M)                           0.78      21.91 f
  U0_RegFile/U341/Y (NOR2BX4M)                            1.01      22.92 r
  U0_RegFile/U404/Y (NAND2X2M)                            0.45      23.37 f
  U0_RegFile/U403/Y (CLKBUFX6M)                           0.78      24.15 f
  U0_RegFile/U357/Y (INVX4M)                              0.99      25.13 r
  U0_RegFile/U479/Y (OAI22X1M)                            0.58      25.72 f
  U0_RegFile/regArr_reg[15][3]/D (DFFRQX1M)               0.00      25.72 f
  data arrival time                                                 25.72

  clock REG_CLK (rise edge)                             100.00     100.00
  clock network delay (ideal)                             0.00     100.00
  clock uncertainty                                      -0.20      99.80
  U0_RegFile/regArr_reg[15][3]/CK (DFFRQX1M)              0.00      99.80 r
  library setup time                                     -0.23      99.57
  data required time                                                99.57
  --------------------------------------------------------------------------
  data required time                                                99.57
  data arrival time                                                -25.72
  --------------------------------------------------------------------------
  slack (MET)                                                       73.85


  Startpoint: Address[3] (input port clocked by REG_CLK)
  Endpoint: U0_RegFile/regArr_reg[15][2]
            (rising edge-triggered flip-flop clocked by REG_CLK)
  Path Group: INREG
  Path Type: max

  Des/Clust/Port     Wire Load Model       Library
  ------------------------------------------------
  System_Top         tsmc13_wl30           scmetro_tsmc_cl013g_rvt_ss_1p08v_125c

  Point                                                   Incr       Path
  --------------------------------------------------------------------------
  clock REG_CLK (rise edge)                               0.00       0.00
  clock network delay (ideal)                             0.00       0.00
  input external delay                                   20.00      20.00 r
  Address[3] (in)                                         0.70      20.70 r
  U0_RegFile/Address[3] (RegFile)                         0.00      20.70 r
  U0_RegFile/U501/Y (NAND2X2M)                            0.43      21.13 f
  U0_RegFile/U500/Y (CLKBUFX6M)                           0.78      21.91 f
  U0_RegFile/U341/Y (NOR2BX4M)                            1.01      22.92 r
  U0_RegFile/U404/Y (NAND2X2M)                            0.45      23.37 f
  U0_RegFile/U403/Y (CLKBUFX6M)                           0.78      24.15 f
  U0_RegFile/U357/Y (INVX4M)                              0.99      25.13 r
  U0_RegFile/U478/Y (OAI22X1M)                            0.58      25.72 f
  U0_RegFile/regArr_reg[15][2]/D (DFFRQX1M)               0.00      25.72 f
  data arrival time                                                 25.72

  clock REG_CLK (rise edge)                             100.00     100.00
  clock network delay (ideal)                             0.00     100.00
  clock uncertainty                                      -0.20      99.80
  U0_RegFile/regArr_reg[15][2]/CK (DFFRQX1M)              0.00      99.80 r
  library setup time                                     -0.23      99.57
  data required time                                                99.57
  --------------------------------------------------------------------------
  data required time                                                99.57
  data arrival time                                                -25.72
  --------------------------------------------------------------------------
  slack (MET)                                                       73.85


  Startpoint: Address[3] (input port clocked by REG_CLK)
  Endpoint: U0_RegFile/regArr_reg[15][1]
            (rising edge-triggered flip-flop clocked by REG_CLK)
  Path Group: INREG
  Path Type: max

  Des/Clust/Port     Wire Load Model       Library
  ------------------------------------------------
  System_Top         tsmc13_wl30           scmetro_tsmc_cl013g_rvt_ss_1p08v_125c

  Point                                                   Incr       Path
  --------------------------------------------------------------------------
  clock REG_CLK (rise edge)                               0.00       0.00
  clock network delay (ideal)                             0.00       0.00
  input external delay                                   20.00      20.00 r
  Address[3] (in)                                         0.70      20.70 r
  U0_RegFile/Address[3] (RegFile)                         0.00      20.70 r
  U0_RegFile/U501/Y (NAND2X2M)                            0.43      21.13 f
  U0_RegFile/U500/Y (CLKBUFX6M)                           0.78      21.91 f
  U0_RegFile/U341/Y (NOR2BX4M)                            1.01      22.92 r
  U0_RegFile/U404/Y (NAND2X2M)                            0.45      23.37 f
  U0_RegFile/U403/Y (CLKBUFX6M)                           0.78      24.15 f
  U0_RegFile/U357/Y (INVX4M)                              0.99      25.13 r
  U0_RegFile/U477/Y (OAI22X1M)                            0.58      25.72 f
  U0_RegFile/regArr_reg[15][1]/D (DFFRQX1M)               0.00      25.72 f
  data arrival time                                                 25.72

  clock REG_CLK (rise edge)                             100.00     100.00
  clock network delay (ideal)                             0.00     100.00
  clock uncertainty                                      -0.20      99.80
  U0_RegFile/regArr_reg[15][1]/CK (DFFRQX1M)              0.00      99.80 r
  library setup time                                     -0.23      99.57
  data required time                                                99.57
  --------------------------------------------------------------------------
  data required time                                                99.57
  data arrival time                                                -25.72
  --------------------------------------------------------------------------
  slack (MET)                                                       73.85


  Startpoint: Address[3] (input port clocked by REG_CLK)
  Endpoint: U0_RegFile/regArr_reg[15][0]
            (rising edge-triggered flip-flop clocked by REG_CLK)
  Path Group: INREG
  Path Type: max

  Des/Clust/Port     Wire Load Model       Library
  ------------------------------------------------
  System_Top         tsmc13_wl30           scmetro_tsmc_cl013g_rvt_ss_1p08v_125c

  Point                                                   Incr       Path
  --------------------------------------------------------------------------
  clock REG_CLK (rise edge)                               0.00       0.00
  clock network delay (ideal)                             0.00       0.00
  input external delay                                   20.00      20.00 r
  Address[3] (in)                                         0.70      20.70 r
  U0_RegFile/Address[3] (RegFile)                         0.00      20.70 r
  U0_RegFile/U501/Y (NAND2X2M)                            0.43      21.13 f
  U0_RegFile/U500/Y (CLKBUFX6M)                           0.78      21.91 f
  U0_RegFile/U341/Y (NOR2BX4M)                            1.01      22.92 r
  U0_RegFile/U404/Y (NAND2X2M)                            0.45      23.37 f
  U0_RegFile/U403/Y (CLKBUFX6M)                           0.78      24.15 f
  U0_RegFile/U357/Y (INVX4M)                              0.99      25.13 r
  U0_RegFile/U476/Y (OAI22X1M)                            0.58      25.72 f
  U0_RegFile/regArr_reg[15][0]/D (DFFRQX1M)               0.00      25.72 f
  data arrival time                                                 25.72

  clock REG_CLK (rise edge)                             100.00     100.00
  clock network delay (ideal)                             0.00     100.00
  clock uncertainty                                      -0.20      99.80
  U0_RegFile/regArr_reg[15][0]/CK (DFFRQX1M)              0.00      99.80 r
  library setup time                                     -0.23      99.57
  data required time                                                99.57
  --------------------------------------------------------------------------
  data required time                                                99.57
  data arrival time                                                -25.72
  --------------------------------------------------------------------------
  slack (MET)                                                       73.85


  Startpoint: Address[3] (input port clocked by REG_CLK)
  Endpoint: U0_RegFile/regArr_reg[6][7]
            (rising edge-triggered flip-flop clocked by REG_CLK)
  Path Group: INREG
  Path Type: max

  Des/Clust/Port     Wire Load Model       Library
  ------------------------------------------------
  System_Top         tsmc13_wl30           scmetro_tsmc_cl013g_rvt_ss_1p08v_125c

  Point                                                   Incr       Path
  --------------------------------------------------------------------------
  clock REG_CLK (rise edge)                               0.00       0.00
  clock network delay (ideal)                             0.00       0.00
  input external delay                                   20.00      20.00 f
  Address[3] (in)                                         0.38      20.38 f
  U0_RegFile/Address[3] (RegFile)                         0.00      20.38 f
  U0_RegFile/U503/Y (NOR2X2M)                             0.54      20.91 r
  U0_RegFile/U502/Y (CLKBUFX6M)                           0.82      21.73 r
  U0_RegFile/U342/Y (AND2X2M)                             0.90      22.64 r
  U0_RegFile/U396/Y (NAND2X2M)                            0.43      23.06 f
  U0_RegFile/U395/Y (CLKBUFX6M)                           0.78      23.84 f
  U0_RegFile/U355/Y (INVX4M)                              0.99      24.83 r
  U0_RegFile/U467/Y (OAI22X1M)                            0.58      25.41 f
  U0_RegFile/regArr_reg[6][7]/D (DFFRQX1M)                0.00      25.41 f
  data arrival time                                                 25.41

  clock REG_CLK (rise edge)                             100.00     100.00
  clock network delay (ideal)                             0.00     100.00
  clock uncertainty                                      -0.20      99.80
  U0_RegFile/regArr_reg[6][7]/CK (DFFRQX1M)               0.00      99.80 r
  library setup time                                     -0.23      99.57
  data required time                                                99.57
  --------------------------------------------------------------------------
  data required time                                                99.57
  data arrival time                                                -25.41
  --------------------------------------------------------------------------
  slack (MET)                                                       74.15


  Startpoint: Address[3] (input port clocked by REG_CLK)
  Endpoint: U0_RegFile/regArr_reg[6][6]
            (rising edge-triggered flip-flop clocked by REG_CLK)
  Path Group: INREG
  Path Type: max

  Des/Clust/Port     Wire Load Model       Library
  ------------------------------------------------
  System_Top         tsmc13_wl30           scmetro_tsmc_cl013g_rvt_ss_1p08v_125c

  Point                                                   Incr       Path
  --------------------------------------------------------------------------
  clock REG_CLK (rise edge)                               0.00       0.00
  clock network delay (ideal)                             0.00       0.00
  input external delay                                   20.00      20.00 f
  Address[3] (in)                                         0.38      20.38 f
  U0_RegFile/Address[3] (RegFile)                         0.00      20.38 f
  U0_RegFile/U503/Y (NOR2X2M)                             0.54      20.91 r
  U0_RegFile/U502/Y (CLKBUFX6M)                           0.82      21.73 r
  U0_RegFile/U342/Y (AND2X2M)                             0.90      22.64 r
  U0_RegFile/U396/Y (NAND2X2M)                            0.43      23.06 f
  U0_RegFile/U395/Y (CLKBUFX6M)                           0.78      23.84 f
  U0_RegFile/U355/Y (INVX4M)                              0.99      24.83 r
  U0_RegFile/U466/Y (OAI22X1M)                            0.58      25.41 f
  U0_RegFile/regArr_reg[6][6]/D (DFFRQX1M)                0.00      25.41 f
  data arrival time                                                 25.41

  clock REG_CLK (rise edge)                             100.00     100.00
  clock network delay (ideal)                             0.00     100.00
  clock uncertainty                                      -0.20      99.80
  U0_RegFile/regArr_reg[6][6]/CK (DFFRQX1M)               0.00      99.80 r
  library setup time                                     -0.23      99.57
  data required time                                                99.57
  --------------------------------------------------------------------------
  data required time                                                99.57
  data arrival time                                                -25.41
  --------------------------------------------------------------------------
  slack (MET)                                                       74.15


  Startpoint: Address[3] (input port clocked by REG_CLK)
  Endpoint: U0_RegFile/regArr_reg[6][5]
            (rising edge-triggered flip-flop clocked by REG_CLK)
  Path Group: INREG
  Path Type: max

  Des/Clust/Port     Wire Load Model       Library
  ------------------------------------------------
  System_Top         tsmc13_wl30           scmetro_tsmc_cl013g_rvt_ss_1p08v_125c

  Point                                                   Incr       Path
  --------------------------------------------------------------------------
  clock REG_CLK (rise edge)                               0.00       0.00
  clock network delay (ideal)                             0.00       0.00
  input external delay                                   20.00      20.00 f
  Address[3] (in)                                         0.38      20.38 f
  U0_RegFile/Address[3] (RegFile)                         0.00      20.38 f
  U0_RegFile/U503/Y (NOR2X2M)                             0.54      20.91 r
  U0_RegFile/U502/Y (CLKBUFX6M)                           0.82      21.73 r
  U0_RegFile/U342/Y (AND2X2M)                             0.90      22.64 r
  U0_RegFile/U396/Y (NAND2X2M)                            0.43      23.06 f
  U0_RegFile/U395/Y (CLKBUFX6M)                           0.78      23.84 f
  U0_RegFile/U355/Y (INVX4M)                              0.99      24.83 r
  U0_RegFile/U465/Y (OAI22X1M)                            0.58      25.41 f
  U0_RegFile/regArr_reg[6][5]/D (DFFRQX1M)                0.00      25.41 f
  data arrival time                                                 25.41

  clock REG_CLK (rise edge)                             100.00     100.00
  clock network delay (ideal)                             0.00     100.00
  clock uncertainty                                      -0.20      99.80
  U0_RegFile/regArr_reg[6][5]/CK (DFFRQX1M)               0.00      99.80 r
  library setup time                                     -0.23      99.57
  data required time                                                99.57
  --------------------------------------------------------------------------
  data required time                                                99.57
  data arrival time                                                -25.41
  --------------------------------------------------------------------------
  slack (MET)                                                       74.15


  Startpoint: Address[3] (input port clocked by REG_CLK)
  Endpoint: U0_RegFile/regArr_reg[6][4]
            (rising edge-triggered flip-flop clocked by REG_CLK)
  Path Group: INREG
  Path Type: max

  Des/Clust/Port     Wire Load Model       Library
  ------------------------------------------------
  System_Top         tsmc13_wl30           scmetro_tsmc_cl013g_rvt_ss_1p08v_125c

  Point                                                   Incr       Path
  --------------------------------------------------------------------------
  clock REG_CLK (rise edge)                               0.00       0.00
  clock network delay (ideal)                             0.00       0.00
  input external delay                                   20.00      20.00 f
  Address[3] (in)                                         0.38      20.38 f
  U0_RegFile/Address[3] (RegFile)                         0.00      20.38 f
  U0_RegFile/U503/Y (NOR2X2M)                             0.54      20.91 r
  U0_RegFile/U502/Y (CLKBUFX6M)                           0.82      21.73 r
  U0_RegFile/U342/Y (AND2X2M)                             0.90      22.64 r
  U0_RegFile/U396/Y (NAND2X2M)                            0.43      23.06 f
  U0_RegFile/U395/Y (CLKBUFX6M)                           0.78      23.84 f
  U0_RegFile/U355/Y (INVX4M)                              0.99      24.83 r
  U0_RegFile/U464/Y (OAI22X1M)                            0.58      25.41 f
  U0_RegFile/regArr_reg[6][4]/D (DFFRQX1M)                0.00      25.41 f
  data arrival time                                                 25.41

  clock REG_CLK (rise edge)                             100.00     100.00
  clock network delay (ideal)                             0.00     100.00
  clock uncertainty                                      -0.20      99.80
  U0_RegFile/regArr_reg[6][4]/CK (DFFRQX1M)               0.00      99.80 r
  library setup time                                     -0.23      99.57
  data required time                                                99.57
  --------------------------------------------------------------------------
  data required time                                                99.57
  data arrival time                                                -25.41
  --------------------------------------------------------------------------
  slack (MET)                                                       74.15


  Startpoint: Address[3] (input port clocked by REG_CLK)
  Endpoint: U0_RegFile/regArr_reg[6][3]
            (rising edge-triggered flip-flop clocked by REG_CLK)
  Path Group: INREG
  Path Type: max

  Des/Clust/Port     Wire Load Model       Library
  ------------------------------------------------
  System_Top         tsmc13_wl30           scmetro_tsmc_cl013g_rvt_ss_1p08v_125c

  Point                                                   Incr       Path
  --------------------------------------------------------------------------
  clock REG_CLK (rise edge)                               0.00       0.00
  clock network delay (ideal)                             0.00       0.00
  input external delay                                   20.00      20.00 f
  Address[3] (in)                                         0.38      20.38 f
  U0_RegFile/Address[3] (RegFile)                         0.00      20.38 f
  U0_RegFile/U503/Y (NOR2X2M)                             0.54      20.91 r
  U0_RegFile/U502/Y (CLKBUFX6M)                           0.82      21.73 r
  U0_RegFile/U342/Y (AND2X2M)                             0.90      22.64 r
  U0_RegFile/U396/Y (NAND2X2M)                            0.43      23.06 f
  U0_RegFile/U395/Y (CLKBUFX6M)                           0.78      23.84 f
  U0_RegFile/U355/Y (INVX4M)                              0.99      24.83 r
  U0_RegFile/U463/Y (OAI22X1M)                            0.58      25.41 f
  U0_RegFile/regArr_reg[6][3]/D (DFFRQX1M)                0.00      25.41 f
  data arrival time                                                 25.41

  clock REG_CLK (rise edge)                             100.00     100.00
  clock network delay (ideal)                             0.00     100.00
  clock uncertainty                                      -0.20      99.80
  U0_RegFile/regArr_reg[6][3]/CK (DFFRQX1M)               0.00      99.80 r
  library setup time                                     -0.23      99.57
  data required time                                                99.57
  --------------------------------------------------------------------------
  data required time                                                99.57
  data arrival time                                                -25.41
  --------------------------------------------------------------------------
  slack (MET)                                                       74.15


  Startpoint: Address[3] (input port clocked by REG_CLK)
  Endpoint: U0_RegFile/regArr_reg[6][2]
            (rising edge-triggered flip-flop clocked by REG_CLK)
  Path Group: INREG
  Path Type: max

  Des/Clust/Port     Wire Load Model       Library
  ------------------------------------------------
  System_Top         tsmc13_wl30           scmetro_tsmc_cl013g_rvt_ss_1p08v_125c

  Point                                                   Incr       Path
  --------------------------------------------------------------------------
  clock REG_CLK (rise edge)                               0.00       0.00
  clock network delay (ideal)                             0.00       0.00
  input external delay                                   20.00      20.00 f
  Address[3] (in)                                         0.38      20.38 f
  U0_RegFile/Address[3] (RegFile)                         0.00      20.38 f
  U0_RegFile/U503/Y (NOR2X2M)                             0.54      20.91 r
  U0_RegFile/U502/Y (CLKBUFX6M)                           0.82      21.73 r
  U0_RegFile/U342/Y (AND2X2M)                             0.90      22.64 r
  U0_RegFile/U396/Y (NAND2X2M)                            0.43      23.06 f
  U0_RegFile/U395/Y (CLKBUFX6M)                           0.78      23.84 f
  U0_RegFile/U355/Y (INVX4M)                              0.99      24.83 r
  U0_RegFile/U462/Y (OAI22X1M)                            0.58      25.41 f
  U0_RegFile/regArr_reg[6][2]/D (DFFRQX1M)                0.00      25.41 f
  data arrival time                                                 25.41

  clock REG_CLK (rise edge)                             100.00     100.00
  clock network delay (ideal)                             0.00     100.00
  clock uncertainty                                      -0.20      99.80
  U0_RegFile/regArr_reg[6][2]/CK (DFFRQX1M)               0.00      99.80 r
  library setup time                                     -0.23      99.57
  data required time                                                99.57
  --------------------------------------------------------------------------
  data required time                                                99.57
  data arrival time                                                -25.41
  --------------------------------------------------------------------------
  slack (MET)                                                       74.15


  Startpoint: Address[3] (input port clocked by REG_CLK)
  Endpoint: U0_RegFile/regArr_reg[6][1]
            (rising edge-triggered flip-flop clocked by REG_CLK)
  Path Group: INREG
  Path Type: max

  Des/Clust/Port     Wire Load Model       Library
  ------------------------------------------------
  System_Top         tsmc13_wl30           scmetro_tsmc_cl013g_rvt_ss_1p08v_125c

  Point                                                   Incr       Path
  --------------------------------------------------------------------------
  clock REG_CLK (rise edge)                               0.00       0.00
  clock network delay (ideal)                             0.00       0.00
  input external delay                                   20.00      20.00 f
  Address[3] (in)                                         0.38      20.38 f
  U0_RegFile/Address[3] (RegFile)                         0.00      20.38 f
  U0_RegFile/U503/Y (NOR2X2M)                             0.54      20.91 r
  U0_RegFile/U502/Y (CLKBUFX6M)                           0.82      21.73 r
  U0_RegFile/U342/Y (AND2X2M)                             0.90      22.64 r
  U0_RegFile/U396/Y (NAND2X2M)                            0.43      23.06 f
  U0_RegFile/U395/Y (CLKBUFX6M)                           0.78      23.84 f
  U0_RegFile/U355/Y (INVX4M)                              0.99      24.83 r
  U0_RegFile/U461/Y (OAI22X1M)                            0.58      25.41 f
  U0_RegFile/regArr_reg[6][1]/D (DFFRQX1M)                0.00      25.41 f
  data arrival time                                                 25.41

  clock REG_CLK (rise edge)                             100.00     100.00
  clock network delay (ideal)                             0.00     100.00
  clock uncertainty                                      -0.20      99.80
  U0_RegFile/regArr_reg[6][1]/CK (DFFRQX1M)               0.00      99.80 r
  library setup time                                     -0.23      99.57
  data required time                                                99.57
  --------------------------------------------------------------------------
  data required time                                                99.57
  data arrival time                                                -25.41
  --------------------------------------------------------------------------
  slack (MET)                                                       74.15


  Startpoint: Address[3] (input port clocked by REG_CLK)
  Endpoint: U0_RegFile/regArr_reg[6][0]
            (rising edge-triggered flip-flop clocked by REG_CLK)
  Path Group: INREG
  Path Type: max

  Des/Clust/Port     Wire Load Model       Library
  ------------------------------------------------
  System_Top         tsmc13_wl30           scmetro_tsmc_cl013g_rvt_ss_1p08v_125c

  Point                                                   Incr       Path
  --------------------------------------------------------------------------
  clock REG_CLK (rise edge)                               0.00       0.00
  clock network delay (ideal)                             0.00       0.00
  input external delay                                   20.00      20.00 f
  Address[3] (in)                                         0.38      20.38 f
  U0_RegFile/Address[3] (RegFile)                         0.00      20.38 f
  U0_RegFile/U503/Y (NOR2X2M)                             0.54      20.91 r
  U0_RegFile/U502/Y (CLKBUFX6M)                           0.82      21.73 r
  U0_RegFile/U342/Y (AND2X2M)                             0.90      22.64 r
  U0_RegFile/U396/Y (NAND2X2M)                            0.43      23.06 f
  U0_RegFile/U395/Y (CLKBUFX6M)                           0.78      23.84 f
  U0_RegFile/U355/Y (INVX4M)                              0.99      24.83 r
  U0_RegFile/U460/Y (OAI22X1M)                            0.58      25.41 f
  U0_RegFile/regArr_reg[6][0]/D (DFFRQX1M)                0.00      25.41 f
  data arrival time                                                 25.41

  clock REG_CLK (rise edge)                             100.00     100.00
  clock network delay (ideal)                             0.00     100.00
  clock uncertainty                                      -0.20      99.80
  U0_RegFile/regArr_reg[6][0]/CK (DFFRQX1M)               0.00      99.80 r
  library setup time                                     -0.23      99.57
  data required time                                                99.57
  --------------------------------------------------------------------------
  data required time                                                99.57
  data arrival time                                                -25.41
  --------------------------------------------------------------------------
  slack (MET)                                                       74.15


  Startpoint: Address[0] (input port clocked by REG_CLK)
  Endpoint: U0_RegFile/regArr_reg[3][7]
            (rising edge-triggered flip-flop clocked by REG_CLK)
  Path Group: INREG
  Path Type: max

  Des/Clust/Port     Wire Load Model       Library
  ------------------------------------------------
  System_Top         tsmc13_wl30           scmetro_tsmc_cl013g_rvt_ss_1p08v_125c

  Point                                                   Incr       Path
  --------------------------------------------------------------------------
  clock REG_CLK (rise edge)                               0.00       0.00
  clock network delay (ideal)                             0.00       0.00
  input external delay                                   20.00      20.00 r
  Address[0] (in)                                         0.52      20.52 r
  U0_RegFile/Address[0] (RegFile)                         0.00      20.52 r
  U0_RegFile/U506/Y (INVX2M)                              0.44      20.97 f
  U0_RegFile/U505/Y (NOR2X2M)                             0.50      21.47 r
  U0_RegFile/U504/Y (CLKBUFX6M)                           0.82      22.29 r
  U0_RegFile/U339/Y (AND2X2M)                             0.90      23.19 r
  U0_RegFile/U416/Y (NAND2X2M)                            0.58      23.77 f
  U0_RegFile/U371/Y (BUFX4M)                              0.65      24.42 f
  U0_RegFile/U644/Y (OAI2BB2X1M)                          0.74      25.16 r
  U0_RegFile/regArr_reg[3][7]/D (DFFRQX1M)                0.00      25.16 r
  data arrival time                                                 25.16

  clock REG_CLK (rise edge)                             100.00     100.00
  clock network delay (ideal)                             0.00     100.00
  clock uncertainty                                      -0.20      99.80
  U0_RegFile/regArr_reg[3][7]/CK (DFFRQX1M)               0.00      99.80 r
  library setup time                                     -0.44      99.36
  data required time                                                99.36
  --------------------------------------------------------------------------
  data required time                                                99.36
  data arrival time                                                -25.16
  --------------------------------------------------------------------------
  slack (MET)                                                       74.19


  Startpoint: Address[3] (input port clocked by REG_CLK)
  Endpoint: U0_RegFile/regArr_reg[4][7]
            (rising edge-triggered flip-flop clocked by REG_CLK)
  Path Group: INREG
  Path Type: max

  Des/Clust/Port     Wire Load Model       Library
  ------------------------------------------------
  System_Top         tsmc13_wl30           scmetro_tsmc_cl013g_rvt_ss_1p08v_125c

  Point                                                   Incr       Path
  --------------------------------------------------------------------------
  clock REG_CLK (rise edge)                               0.00       0.00
  clock network delay (ideal)                             0.00       0.00
  input external delay                                   20.00      20.00 f
  Address[3] (in)                                         0.38      20.38 f
  U0_RegFile/Address[3] (RegFile)                         0.00      20.38 f
  U0_RegFile/U503/Y (NOR2X2M)                             0.54      20.91 r
  U0_RegFile/U502/Y (CLKBUFX6M)                           0.82      21.73 r
  U0_RegFile/U342/Y (AND2X2M)                             0.90      22.64 r
  U0_RegFile/U400/Y (NAND2X2M)                            0.39      23.02 f
  U0_RegFile/U399/Y (CLKBUFX6M)                           0.78      23.80 f
  U0_RegFile/U354/Y (INVX4M)                              0.99      24.79 r
  U0_RegFile/U459/Y (OAI22X1M)                            0.58      25.37 f
  U0_RegFile/regArr_reg[4][7]/D (DFFRQX1M)                0.00      25.37 f
  data arrival time                                                 25.37

  clock REG_CLK (rise edge)                             100.00     100.00
  clock network delay (ideal)                             0.00     100.00
  clock uncertainty                                      -0.20      99.80
  U0_RegFile/regArr_reg[4][7]/CK (DFFRQX1M)               0.00      99.80 r
  library setup time                                     -0.23      99.57
  data required time                                                99.57
  --------------------------------------------------------------------------
  data required time                                                99.57
  data arrival time                                                -25.37
  --------------------------------------------------------------------------
  slack (MET)                                                       74.20


  Startpoint: Address[3] (input port clocked by REG_CLK)
  Endpoint: U0_RegFile/regArr_reg[4][6]
            (rising edge-triggered flip-flop clocked by REG_CLK)
  Path Group: INREG
  Path Type: max

  Des/Clust/Port     Wire Load Model       Library
  ------------------------------------------------
  System_Top         tsmc13_wl30           scmetro_tsmc_cl013g_rvt_ss_1p08v_125c

  Point                                                   Incr       Path
  --------------------------------------------------------------------------
  clock REG_CLK (rise edge)                               0.00       0.00
  clock network delay (ideal)                             0.00       0.00
  input external delay                                   20.00      20.00 f
  Address[3] (in)                                         0.38      20.38 f
  U0_RegFile/Address[3] (RegFile)                         0.00      20.38 f
  U0_RegFile/U503/Y (NOR2X2M)                             0.54      20.91 r
  U0_RegFile/U502/Y (CLKBUFX6M)                           0.82      21.73 r
  U0_RegFile/U342/Y (AND2X2M)                             0.90      22.64 r
  U0_RegFile/U400/Y (NAND2X2M)                            0.39      23.02 f
  U0_RegFile/U399/Y (CLKBUFX6M)                           0.78      23.80 f
  U0_RegFile/U354/Y (INVX4M)                              0.99      24.79 r
  U0_RegFile/U458/Y (OAI22X1M)                            0.58      25.37 f
  U0_RegFile/regArr_reg[4][6]/D (DFFRQX1M)                0.00      25.37 f
  data arrival time                                                 25.37

  clock REG_CLK (rise edge)                             100.00     100.00
  clock network delay (ideal)                             0.00     100.00
  clock uncertainty                                      -0.20      99.80
  U0_RegFile/regArr_reg[4][6]/CK (DFFRQX1M)               0.00      99.80 r
  library setup time                                     -0.23      99.57
  data required time                                                99.57
  --------------------------------------------------------------------------
  data required time                                                99.57
  data arrival time                                                -25.37
  --------------------------------------------------------------------------
  slack (MET)                                                       74.20


  Startpoint: Address[3] (input port clocked by REG_CLK)
  Endpoint: U0_RegFile/regArr_reg[4][5]
            (rising edge-triggered flip-flop clocked by REG_CLK)
  Path Group: INREG
  Path Type: max

  Des/Clust/Port     Wire Load Model       Library
  ------------------------------------------------
  System_Top         tsmc13_wl30           scmetro_tsmc_cl013g_rvt_ss_1p08v_125c

  Point                                                   Incr       Path
  --------------------------------------------------------------------------
  clock REG_CLK (rise edge)                               0.00       0.00
  clock network delay (ideal)                             0.00       0.00
  input external delay                                   20.00      20.00 f
  Address[3] (in)                                         0.38      20.38 f
  U0_RegFile/Address[3] (RegFile)                         0.00      20.38 f
  U0_RegFile/U503/Y (NOR2X2M)                             0.54      20.91 r
  U0_RegFile/U502/Y (CLKBUFX6M)                           0.82      21.73 r
  U0_RegFile/U342/Y (AND2X2M)                             0.90      22.64 r
  U0_RegFile/U400/Y (NAND2X2M)                            0.39      23.02 f
  U0_RegFile/U399/Y (CLKBUFX6M)                           0.78      23.80 f
  U0_RegFile/U354/Y (INVX4M)                              0.99      24.79 r
  U0_RegFile/U457/Y (OAI22X1M)                            0.58      25.37 f
  U0_RegFile/regArr_reg[4][5]/D (DFFRQX1M)                0.00      25.37 f
  data arrival time                                                 25.37

  clock REG_CLK (rise edge)                             100.00     100.00
  clock network delay (ideal)                             0.00     100.00
  clock uncertainty                                      -0.20      99.80
  U0_RegFile/regArr_reg[4][5]/CK (DFFRQX1M)               0.00      99.80 r
  library setup time                                     -0.23      99.57
  data required time                                                99.57
  --------------------------------------------------------------------------
  data required time                                                99.57
  data arrival time                                                -25.37
  --------------------------------------------------------------------------
  slack (MET)                                                       74.20


  Startpoint: Address[3] (input port clocked by REG_CLK)
  Endpoint: U0_RegFile/regArr_reg[4][4]
            (rising edge-triggered flip-flop clocked by REG_CLK)
  Path Group: INREG
  Path Type: max

  Des/Clust/Port     Wire Load Model       Library
  ------------------------------------------------
  System_Top         tsmc13_wl30           scmetro_tsmc_cl013g_rvt_ss_1p08v_125c

  Point                                                   Incr       Path
  --------------------------------------------------------------------------
  clock REG_CLK (rise edge)                               0.00       0.00
  clock network delay (ideal)                             0.00       0.00
  input external delay                                   20.00      20.00 f
  Address[3] (in)                                         0.38      20.38 f
  U0_RegFile/Address[3] (RegFile)                         0.00      20.38 f
  U0_RegFile/U503/Y (NOR2X2M)                             0.54      20.91 r
  U0_RegFile/U502/Y (CLKBUFX6M)                           0.82      21.73 r
  U0_RegFile/U342/Y (AND2X2M)                             0.90      22.64 r
  U0_RegFile/U400/Y (NAND2X2M)                            0.39      23.02 f
  U0_RegFile/U399/Y (CLKBUFX6M)                           0.78      23.80 f
  U0_RegFile/U354/Y (INVX4M)                              0.99      24.79 r
  U0_RegFile/U456/Y (OAI22X1M)                            0.58      25.37 f
  U0_RegFile/regArr_reg[4][4]/D (DFFRQX1M)                0.00      25.37 f
  data arrival time                                                 25.37

  clock REG_CLK (rise edge)                             100.00     100.00
  clock network delay (ideal)                             0.00     100.00
  clock uncertainty                                      -0.20      99.80
  U0_RegFile/regArr_reg[4][4]/CK (DFFRQX1M)               0.00      99.80 r
  library setup time                                     -0.23      99.57
  data required time                                                99.57
  --------------------------------------------------------------------------
  data required time                                                99.57
  data arrival time                                                -25.37
  --------------------------------------------------------------------------
  slack (MET)                                                       74.20


  Startpoint: Address[3] (input port clocked by REG_CLK)
  Endpoint: U0_RegFile/regArr_reg[4][3]
            (rising edge-triggered flip-flop clocked by REG_CLK)
  Path Group: INREG
  Path Type: max

  Des/Clust/Port     Wire Load Model       Library
  ------------------------------------------------
  System_Top         tsmc13_wl30           scmetro_tsmc_cl013g_rvt_ss_1p08v_125c

  Point                                                   Incr       Path
  --------------------------------------------------------------------------
  clock REG_CLK (rise edge)                               0.00       0.00
  clock network delay (ideal)                             0.00       0.00
  input external delay                                   20.00      20.00 f
  Address[3] (in)                                         0.38      20.38 f
  U0_RegFile/Address[3] (RegFile)                         0.00      20.38 f
  U0_RegFile/U503/Y (NOR2X2M)                             0.54      20.91 r
  U0_RegFile/U502/Y (CLKBUFX6M)                           0.82      21.73 r
  U0_RegFile/U342/Y (AND2X2M)                             0.90      22.64 r
  U0_RegFile/U400/Y (NAND2X2M)                            0.39      23.02 f
  U0_RegFile/U399/Y (CLKBUFX6M)                           0.78      23.80 f
  U0_RegFile/U354/Y (INVX4M)                              0.99      24.79 r
  U0_RegFile/U455/Y (OAI22X1M)                            0.58      25.37 f
  U0_RegFile/regArr_reg[4][3]/D (DFFRQX1M)                0.00      25.37 f
  data arrival time                                                 25.37

  clock REG_CLK (rise edge)                             100.00     100.00
  clock network delay (ideal)                             0.00     100.00
  clock uncertainty                                      -0.20      99.80
  U0_RegFile/regArr_reg[4][3]/CK (DFFRQX1M)               0.00      99.80 r
  library setup time                                     -0.23      99.57
  data required time                                                99.57
  --------------------------------------------------------------------------
  data required time                                                99.57
  data arrival time                                                -25.37
  --------------------------------------------------------------------------
  slack (MET)                                                       74.20


  Startpoint: Address[3] (input port clocked by REG_CLK)
  Endpoint: U0_RegFile/regArr_reg[4][2]
            (rising edge-triggered flip-flop clocked by REG_CLK)
  Path Group: INREG
  Path Type: max

  Des/Clust/Port     Wire Load Model       Library
  ------------------------------------------------
  System_Top         tsmc13_wl30           scmetro_tsmc_cl013g_rvt_ss_1p08v_125c

  Point                                                   Incr       Path
  --------------------------------------------------------------------------
  clock REG_CLK (rise edge)                               0.00       0.00
  clock network delay (ideal)                             0.00       0.00
  input external delay                                   20.00      20.00 f
  Address[3] (in)                                         0.38      20.38 f
  U0_RegFile/Address[3] (RegFile)                         0.00      20.38 f
  U0_RegFile/U503/Y (NOR2X2M)                             0.54      20.91 r
  U0_RegFile/U502/Y (CLKBUFX6M)                           0.82      21.73 r
  U0_RegFile/U342/Y (AND2X2M)                             0.90      22.64 r
  U0_RegFile/U400/Y (NAND2X2M)                            0.39      23.02 f
  U0_RegFile/U399/Y (CLKBUFX6M)                           0.78      23.80 f
  U0_RegFile/U354/Y (INVX4M)                              0.99      24.79 r
  U0_RegFile/U454/Y (OAI22X1M)                            0.58      25.37 f
  U0_RegFile/regArr_reg[4][2]/D (DFFRQX1M)                0.00      25.37 f
  data arrival time                                                 25.37

  clock REG_CLK (rise edge)                             100.00     100.00
  clock network delay (ideal)                             0.00     100.00
  clock uncertainty                                      -0.20      99.80
  U0_RegFile/regArr_reg[4][2]/CK (DFFRQX1M)               0.00      99.80 r
  library setup time                                     -0.23      99.57
  data required time                                                99.57
  --------------------------------------------------------------------------
  data required time                                                99.57
  data arrival time                                                -25.37
  --------------------------------------------------------------------------
  slack (MET)                                                       74.20


  Startpoint: Address[3] (input port clocked by REG_CLK)
  Endpoint: U0_RegFile/regArr_reg[4][1]
            (rising edge-triggered flip-flop clocked by REG_CLK)
  Path Group: INREG
  Path Type: max

  Des/Clust/Port     Wire Load Model       Library
  ------------------------------------------------
  System_Top         tsmc13_wl30           scmetro_tsmc_cl013g_rvt_ss_1p08v_125c

  Point                                                   Incr       Path
  --------------------------------------------------------------------------
  clock REG_CLK (rise edge)                               0.00       0.00
  clock network delay (ideal)                             0.00       0.00
  input external delay                                   20.00      20.00 f
  Address[3] (in)                                         0.38      20.38 f
  U0_RegFile/Address[3] (RegFile)                         0.00      20.38 f
  U0_RegFile/U503/Y (NOR2X2M)                             0.54      20.91 r
  U0_RegFile/U502/Y (CLKBUFX6M)                           0.82      21.73 r
  U0_RegFile/U342/Y (AND2X2M)                             0.90      22.64 r
  U0_RegFile/U400/Y (NAND2X2M)                            0.39      23.02 f
  U0_RegFile/U399/Y (CLKBUFX6M)                           0.78      23.80 f
  U0_RegFile/U354/Y (INVX4M)                              0.99      24.79 r
  U0_RegFile/U453/Y (OAI22X1M)                            0.58      25.37 f
  U0_RegFile/regArr_reg[4][1]/D (DFFRQX1M)                0.00      25.37 f
  data arrival time                                                 25.37

  clock REG_CLK (rise edge)                             100.00     100.00
  clock network delay (ideal)                             0.00     100.00
  clock uncertainty                                      -0.20      99.80
  U0_RegFile/regArr_reg[4][1]/CK (DFFRQX1M)               0.00      99.80 r
  library setup time                                     -0.23      99.57
  data required time                                                99.57
  --------------------------------------------------------------------------
  data required time                                                99.57
  data arrival time                                                -25.37
  --------------------------------------------------------------------------
  slack (MET)                                                       74.20


  Startpoint: Address[3] (input port clocked by REG_CLK)
  Endpoint: U0_RegFile/regArr_reg[4][0]
            (rising edge-triggered flip-flop clocked by REG_CLK)
  Path Group: INREG
  Path Type: max

  Des/Clust/Port     Wire Load Model       Library
  ------------------------------------------------
  System_Top         tsmc13_wl30           scmetro_tsmc_cl013g_rvt_ss_1p08v_125c

  Point                                                   Incr       Path
  --------------------------------------------------------------------------
  clock REG_CLK (rise edge)                               0.00       0.00
  clock network delay (ideal)                             0.00       0.00
  input external delay                                   20.00      20.00 f
  Address[3] (in)                                         0.38      20.38 f
  U0_RegFile/Address[3] (RegFile)                         0.00      20.38 f
  U0_RegFile/U503/Y (NOR2X2M)                             0.54      20.91 r
  U0_RegFile/U502/Y (CLKBUFX6M)                           0.82      21.73 r
  U0_RegFile/U342/Y (AND2X2M)                             0.90      22.64 r
  U0_RegFile/U400/Y (NAND2X2M)                            0.39      23.02 f
  U0_RegFile/U399/Y (CLKBUFX6M)                           0.78      23.80 f
  U0_RegFile/U354/Y (INVX4M)                              0.99      24.79 r
  U0_RegFile/U452/Y (OAI22X1M)                            0.58      25.37 f
  U0_RegFile/regArr_reg[4][0]/D (DFFRQX1M)                0.00      25.37 f
  data arrival time                                                 25.37

  clock REG_CLK (rise edge)                             100.00     100.00
  clock network delay (ideal)                             0.00     100.00
  clock uncertainty                                      -0.20      99.80
  U0_RegFile/regArr_reg[4][0]/CK (DFFRQX1M)               0.00      99.80 r
  library setup time                                     -0.23      99.57
  data required time                                                99.57
  --------------------------------------------------------------------------
  data required time                                                99.57
  data arrival time                                                -25.37
  --------------------------------------------------------------------------
  slack (MET)                                                       74.20


  Startpoint: Address[0] (input port clocked by REG_CLK)
  Endpoint: U0_RegFile/regArr_reg[1][7]
            (rising edge-triggered flip-flop clocked by REG_CLK)
  Path Group: INREG
  Path Type: max

  Des/Clust/Port     Wire Load Model       Library
  ------------------------------------------------
  System_Top         tsmc13_wl30           scmetro_tsmc_cl013g_rvt_ss_1p08v_125c

  Point                                                   Incr       Path
  --------------------------------------------------------------------------
  clock REG_CLK (rise edge)                               0.00       0.00
  clock network delay (ideal)                             0.00       0.00
  input external delay                                   20.00      20.00 r
  Address[0] (in)                                         0.52      20.52 r
  U0_RegFile/Address[0] (RegFile)                         0.00      20.52 r
  U0_RegFile/U506/Y (INVX2M)                              0.44      20.97 f
  U0_RegFile/U505/Y (NOR2X2M)                             0.50      21.47 r
  U0_RegFile/U504/Y (CLKBUFX6M)                           0.82      22.29 r
  U0_RegFile/U339/Y (AND2X2M)                             0.90      23.19 r
  U0_RegFile/U413/Y (NAND2X2M)                            0.58      23.77 f
  U0_RegFile/U368/Y (BUFX4M)                              0.65      24.42 f
  U0_RegFile/U637/Y (OAI2BB2X1M)                          0.74      25.16 r
  U0_RegFile/regArr_reg[1][7]/D (DFFRQX2M)                0.00      25.16 r
  data arrival time                                                 25.16

  clock REG_CLK (rise edge)                             100.00     100.00
  clock network delay (ideal)                             0.00     100.00
  clock uncertainty                                      -0.20      99.80
  U0_RegFile/regArr_reg[1][7]/CK (DFFRQX2M)               0.00      99.80 r
  library setup time                                     -0.42      99.38
  data required time                                                99.38
  --------------------------------------------------------------------------
  data required time                                                99.38
  data arrival time                                                -25.16
  --------------------------------------------------------------------------
  slack (MET)                                                       74.22


  Startpoint: Address[0] (input port clocked by REG_CLK)
  Endpoint: U0_RegFile/regArr_reg[3][6]
            (rising edge-triggered flip-flop clocked by REG_CLK)
  Path Group: INREG
  Path Type: max

  Des/Clust/Port     Wire Load Model       Library
  ------------------------------------------------
  System_Top         tsmc13_wl30           scmetro_tsmc_cl013g_rvt_ss_1p08v_125c

  Point                                                   Incr       Path
  --------------------------------------------------------------------------
  clock REG_CLK (rise edge)                               0.00       0.00
  clock network delay (ideal)                             0.00       0.00
  input external delay                                   20.00      20.00 r
  Address[0] (in)                                         0.52      20.52 r
  U0_RegFile/Address[0] (RegFile)                         0.00      20.52 r
  U0_RegFile/U506/Y (INVX2M)                              0.44      20.97 f
  U0_RegFile/U505/Y (NOR2X2M)                             0.50      21.47 r
  U0_RegFile/U504/Y (CLKBUFX6M)                           0.82      22.29 r
  U0_RegFile/U339/Y (AND2X2M)                             0.90      23.19 r
  U0_RegFile/U416/Y (NAND2X2M)                            0.58      23.77 f
  U0_RegFile/U379/Y (BUFX4M)                              0.57      24.34 f
  U0_RegFile/U636/Y (OAI2BB2X1M)                          0.72      25.06 r
  U0_RegFile/regArr_reg[3][6]/D (DFFRQX1M)                0.00      25.06 r
  data arrival time                                                 25.06

  clock REG_CLK (rise edge)                             100.00     100.00
  clock network delay (ideal)                             0.00     100.00
  clock uncertainty                                      -0.20      99.80
  U0_RegFile/regArr_reg[3][6]/CK (DFFRQX1M)               0.00      99.80 r
  library setup time                                     -0.44      99.36
  data required time                                                99.36
  --------------------------------------------------------------------------
  data required time                                                99.36
  data arrival time                                                -25.06
  --------------------------------------------------------------------------
  slack (MET)                                                       74.30


  Startpoint: Address[0] (input port clocked by REG_CLK)
  Endpoint: U0_RegFile/regArr_reg[3][5]
            (rising edge-triggered flip-flop clocked by REG_CLK)
  Path Group: INREG
  Path Type: max

  Des/Clust/Port     Wire Load Model       Library
  ------------------------------------------------
  System_Top         tsmc13_wl30           scmetro_tsmc_cl013g_rvt_ss_1p08v_125c

  Point                                                   Incr       Path
  --------------------------------------------------------------------------
  clock REG_CLK (rise edge)                               0.00       0.00
  clock network delay (ideal)                             0.00       0.00
  input external delay                                   20.00      20.00 r
  Address[0] (in)                                         0.52      20.52 r
  U0_RegFile/Address[0] (RegFile)                         0.00      20.52 r
  U0_RegFile/U506/Y (INVX2M)                              0.44      20.97 f
  U0_RegFile/U505/Y (NOR2X2M)                             0.50      21.47 r
  U0_RegFile/U504/Y (CLKBUFX6M)                           0.82      22.29 r
  U0_RegFile/U339/Y (AND2X2M)                             0.90      23.19 r
  U0_RegFile/U416/Y (NAND2X2M)                            0.58      23.77 f
  U0_RegFile/U379/Y (BUFX4M)                              0.57      24.34 f
  U0_RegFile/U635/Y (OAI2BB2X1M)                          0.72      25.06 r
  U0_RegFile/regArr_reg[3][5]/D (DFFRQX1M)                0.00      25.06 r
  data arrival time                                                 25.06

  clock REG_CLK (rise edge)                             100.00     100.00
  clock network delay (ideal)                             0.00     100.00
  clock uncertainty                                      -0.20      99.80
  U0_RegFile/regArr_reg[3][5]/CK (DFFRQX1M)               0.00      99.80 r
  library setup time                                     -0.44      99.36
  data required time                                                99.36
  --------------------------------------------------------------------------
  data required time                                                99.36
  data arrival time                                                -25.06
  --------------------------------------------------------------------------
  slack (MET)                                                       74.30


  Startpoint: Address[0] (input port clocked by REG_CLK)
  Endpoint: U0_RegFile/regArr_reg[3][4]
            (rising edge-triggered flip-flop clocked by REG_CLK)
  Path Group: INREG
  Path Type: max

  Des/Clust/Port     Wire Load Model       Library
  ------------------------------------------------
  System_Top         tsmc13_wl30           scmetro_tsmc_cl013g_rvt_ss_1p08v_125c

  Point                                                   Incr       Path
  --------------------------------------------------------------------------
  clock REG_CLK (rise edge)                               0.00       0.00
  clock network delay (ideal)                             0.00       0.00
  input external delay                                   20.00      20.00 r
  Address[0] (in)                                         0.52      20.52 r
  U0_RegFile/Address[0] (RegFile)                         0.00      20.52 r
  U0_RegFile/U506/Y (INVX2M)                              0.44      20.97 f
  U0_RegFile/U505/Y (NOR2X2M)                             0.50      21.47 r
  U0_RegFile/U504/Y (CLKBUFX6M)                           0.82      22.29 r
  U0_RegFile/U339/Y (AND2X2M)                             0.90      23.19 r
  U0_RegFile/U416/Y (NAND2X2M)                            0.58      23.77 f
  U0_RegFile/U379/Y (BUFX4M)                              0.57      24.34 f
  U0_RegFile/U634/Y (OAI2BB2X1M)                          0.72      25.06 r
  U0_RegFile/regArr_reg[3][4]/D (DFFRQX1M)                0.00      25.06 r
  data arrival time                                                 25.06

  clock REG_CLK (rise edge)                             100.00     100.00
  clock network delay (ideal)                             0.00     100.00
  clock uncertainty                                      -0.20      99.80
  U0_RegFile/regArr_reg[3][4]/CK (DFFRQX1M)               0.00      99.80 r
  library setup time                                     -0.44      99.36
  data required time                                                99.36
  --------------------------------------------------------------------------
  data required time                                                99.36
  data arrival time                                                -25.06
  --------------------------------------------------------------------------
  slack (MET)                                                       74.30


  Startpoint: Address[0] (input port clocked by REG_CLK)
  Endpoint: U0_RegFile/regArr_reg[3][3]
            (rising edge-triggered flip-flop clocked by REG_CLK)
  Path Group: INREG
  Path Type: max

  Des/Clust/Port     Wire Load Model       Library
  ------------------------------------------------
  System_Top         tsmc13_wl30           scmetro_tsmc_cl013g_rvt_ss_1p08v_125c

  Point                                                   Incr       Path
  --------------------------------------------------------------------------
  clock REG_CLK (rise edge)                               0.00       0.00
  clock network delay (ideal)                             0.00       0.00
  input external delay                                   20.00      20.00 r
  Address[0] (in)                                         0.52      20.52 r
  U0_RegFile/Address[0] (RegFile)                         0.00      20.52 r
  U0_RegFile/U506/Y (INVX2M)                              0.44      20.97 f
  U0_RegFile/U505/Y (NOR2X2M)                             0.50      21.47 r
  U0_RegFile/U504/Y (CLKBUFX6M)                           0.82      22.29 r
  U0_RegFile/U339/Y (AND2X2M)                             0.90      23.19 r
  U0_RegFile/U416/Y (NAND2X2M)                            0.58      23.77 f
  U0_RegFile/U379/Y (BUFX4M)                              0.57      24.34 f
  U0_RegFile/U633/Y (OAI2BB2X1M)                          0.72      25.06 r
  U0_RegFile/regArr_reg[3][3]/D (DFFRQX1M)                0.00      25.06 r
  data arrival time                                                 25.06

  clock REG_CLK (rise edge)                             100.00     100.00
  clock network delay (ideal)                             0.00     100.00
  clock uncertainty                                      -0.20      99.80
  U0_RegFile/regArr_reg[3][3]/CK (DFFRQX1M)               0.00      99.80 r
  library setup time                                     -0.44      99.36
  data required time                                                99.36
  --------------------------------------------------------------------------
  data required time                                                99.36
  data arrival time                                                -25.06
  --------------------------------------------------------------------------
  slack (MET)                                                       74.30


  Startpoint: Address[0] (input port clocked by REG_CLK)
  Endpoint: U0_RegFile/regArr_reg[3][2]
            (rising edge-triggered flip-flop clocked by REG_CLK)
  Path Group: INREG
  Path Type: max

  Des/Clust/Port     Wire Load Model       Library
  ------------------------------------------------
  System_Top         tsmc13_wl30           scmetro_tsmc_cl013g_rvt_ss_1p08v_125c

  Point                                                   Incr       Path
  --------------------------------------------------------------------------
  clock REG_CLK (rise edge)                               0.00       0.00
  clock network delay (ideal)                             0.00       0.00
  input external delay                                   20.00      20.00 r
  Address[0] (in)                                         0.52      20.52 r
  U0_RegFile/Address[0] (RegFile)                         0.00      20.52 r
  U0_RegFile/U506/Y (INVX2M)                              0.44      20.97 f
  U0_RegFile/U505/Y (NOR2X2M)                             0.50      21.47 r
  U0_RegFile/U504/Y (CLKBUFX6M)                           0.82      22.29 r
  U0_RegFile/U339/Y (AND2X2M)                             0.90      23.19 r
  U0_RegFile/U416/Y (NAND2X2M)                            0.58      23.77 f
  U0_RegFile/U379/Y (BUFX4M)                              0.57      24.34 f
  U0_RegFile/U632/Y (OAI2BB2X1M)                          0.72      25.06 r
  U0_RegFile/regArr_reg[3][2]/D (DFFRQX1M)                0.00      25.06 r
  data arrival time                                                 25.06

  clock REG_CLK (rise edge)                             100.00     100.00
  clock network delay (ideal)                             0.00     100.00
  clock uncertainty                                      -0.20      99.80
  U0_RegFile/regArr_reg[3][2]/CK (DFFRQX1M)               0.00      99.80 r
  library setup time                                     -0.44      99.36
  data required time                                                99.36
  --------------------------------------------------------------------------
  data required time                                                99.36
  data arrival time                                                -25.06
  --------------------------------------------------------------------------
  slack (MET)                                                       74.30


  Startpoint: Address[0] (input port clocked by REG_CLK)
  Endpoint: U0_RegFile/regArr_reg[3][1]
            (rising edge-triggered flip-flop clocked by REG_CLK)
  Path Group: INREG
  Path Type: max

  Des/Clust/Port     Wire Load Model       Library
  ------------------------------------------------
  System_Top         tsmc13_wl30           scmetro_tsmc_cl013g_rvt_ss_1p08v_125c

  Point                                                   Incr       Path
  --------------------------------------------------------------------------
  clock REG_CLK (rise edge)                               0.00       0.00
  clock network delay (ideal)                             0.00       0.00
  input external delay                                   20.00      20.00 r
  Address[0] (in)                                         0.52      20.52 r
  U0_RegFile/Address[0] (RegFile)                         0.00      20.52 r
  U0_RegFile/U506/Y (INVX2M)                              0.44      20.97 f
  U0_RegFile/U505/Y (NOR2X2M)                             0.50      21.47 r
  U0_RegFile/U504/Y (CLKBUFX6M)                           0.82      22.29 r
  U0_RegFile/U339/Y (AND2X2M)                             0.90      23.19 r
  U0_RegFile/U416/Y (NAND2X2M)                            0.58      23.77 f
  U0_RegFile/U379/Y (BUFX4M)                              0.57      24.34 f
  U0_RegFile/U631/Y (OAI2BB2X1M)                          0.72      25.06 r
  U0_RegFile/regArr_reg[3][1]/D (DFFRQX1M)                0.00      25.06 r
  data arrival time                                                 25.06

  clock REG_CLK (rise edge)                             100.00     100.00
  clock network delay (ideal)                             0.00     100.00
  clock uncertainty                                      -0.20      99.80
  U0_RegFile/regArr_reg[3][1]/CK (DFFRQX1M)               0.00      99.80 r
  library setup time                                     -0.44      99.36
  data required time                                                99.36
  --------------------------------------------------------------------------
  data required time                                                99.36
  data arrival time                                                -25.06
  --------------------------------------------------------------------------
  slack (MET)                                                       74.30


  Startpoint: Address[0] (input port clocked by REG_CLK)
  Endpoint: U0_RegFile/regArr_reg[3][0]
            (rising edge-triggered flip-flop clocked by REG_CLK)
  Path Group: INREG
  Path Type: max

  Des/Clust/Port     Wire Load Model       Library
  ------------------------------------------------
  System_Top         tsmc13_wl30           scmetro_tsmc_cl013g_rvt_ss_1p08v_125c

  Point                                                   Incr       Path
  --------------------------------------------------------------------------
  clock REG_CLK (rise edge)                               0.00       0.00
  clock network delay (ideal)                             0.00       0.00
  input external delay                                   20.00      20.00 r
  Address[0] (in)                                         0.52      20.52 r
  U0_RegFile/Address[0] (RegFile)                         0.00      20.52 r
  U0_RegFile/U506/Y (INVX2M)                              0.44      20.97 f
  U0_RegFile/U505/Y (NOR2X2M)                             0.50      21.47 r
  U0_RegFile/U504/Y (CLKBUFX6M)                           0.82      22.29 r
  U0_RegFile/U339/Y (AND2X2M)                             0.90      23.19 r
  U0_RegFile/U416/Y (NAND2X2M)                            0.58      23.77 f
  U0_RegFile/U379/Y (BUFX4M)                              0.57      24.34 f
  U0_RegFile/U630/Y (OAI2BB2X1M)                          0.72      25.06 r
  U0_RegFile/regArr_reg[3][0]/D (DFFRQX1M)                0.00      25.06 r
  data arrival time                                                 25.06

  clock REG_CLK (rise edge)                             100.00     100.00
  clock network delay (ideal)                             0.00     100.00
  clock uncertainty                                      -0.20      99.80
  U0_RegFile/regArr_reg[3][0]/CK (DFFRQX1M)               0.00      99.80 r
  library setup time                                     -0.44      99.36
  data required time                                                99.36
  --------------------------------------------------------------------------
  data required time                                                99.36
  data arrival time                                                -25.06
  --------------------------------------------------------------------------
  slack (MET)                                                       74.30


  Startpoint: U0_ClkDiv/i_div_ratio_c_reg[1]
              (rising edge-triggered flip-flop clocked by MASTER_CLK)
  Endpoint: U0_ClkDiv/count_reg[5]
            (rising edge-triggered flip-flop clocked by MASTER_CLK)
  Path Group: MASTER_CLK
  Path Type: max

  Des/Clust/Port     Wire Load Model       Library
  ------------------------------------------------
  System_Top         tsmc13_wl30           scmetro_tsmc_cl013g_rvt_ss_1p08v_125c

  Point                                                   Incr       Path
  --------------------------------------------------------------------------
  clock MASTER_CLK (rise edge)                            0.00       0.00
  clock network delay (ideal)                             0.00       0.00
  U0_ClkDiv/i_div_ratio_c_reg[1]/CK (DFFRQX2M)            0.00       0.00 r
  U0_ClkDiv/i_div_ratio_c_reg[1]/Q (DFFRQX2M)             0.78       0.78 f
  U0_ClkDiv/U66/Y (NOR2X4M)                               0.72       1.50 r
  U0_ClkDiv/U54/Y (NAND2X2M)                              0.76       2.26 f
  U0_ClkDiv/U67/Y (NOR2X4M)                               0.82       3.08 r
  U0_ClkDiv/U53/Y (NAND2X2M)                              0.89       3.98 f
  U0_ClkDiv/U49/Y (OAI31X2M)                              0.97       4.95 r
  U0_ClkDiv/U48/Y (BUFX4M)                                0.89       5.84 r
  U0_ClkDiv/U51/Y (CLKINVX2M)                             1.12       6.96 f
  U0_ClkDiv/U52/Y (AND3X4M)                               0.77       7.73 f
  U0_ClkDiv/U57/Y (AO22XLM)                               0.76       8.49 f
  U0_ClkDiv/count_reg[5]/D (DFFRQX2M)                     0.00       8.49 f
  data arrival time                                                  8.49

  clock MASTER_CLK (rise edge)                           50.00      50.00
  clock network delay (ideal)                             0.00      50.00
  clock uncertainty                                      -0.20      49.80
  U0_ClkDiv/count_reg[5]/CK (DFFRQX2M)                    0.00      49.80 r
  library setup time                                     -0.23      49.57
  data required time                                                49.57
  --------------------------------------------------------------------------
  data required time                                                49.57
  data arrival time                                                 -8.49
  --------------------------------------------------------------------------
  slack (MET)                                                       41.08


  Startpoint: U0_ClkDiv/i_div_ratio_c_reg[1]
              (rising edge-triggered flip-flop clocked by MASTER_CLK)
  Endpoint: U0_ClkDiv/count_reg[6]
            (rising edge-triggered flip-flop clocked by MASTER_CLK)
  Path Group: MASTER_CLK
  Path Type: max

  Des/Clust/Port     Wire Load Model       Library
  ------------------------------------------------
  System_Top         tsmc13_wl30           scmetro_tsmc_cl013g_rvt_ss_1p08v_125c

  Point                                                   Incr       Path
  --------------------------------------------------------------------------
  clock MASTER_CLK (rise edge)                            0.00       0.00
  clock network delay (ideal)                             0.00       0.00
  U0_ClkDiv/i_div_ratio_c_reg[1]/CK (DFFRQX2M)            0.00       0.00 r
  U0_ClkDiv/i_div_ratio_c_reg[1]/Q (DFFRQX2M)             0.78       0.78 f
  U0_ClkDiv/U66/Y (NOR2X4M)                               0.72       1.50 r
  U0_ClkDiv/U54/Y (NAND2X2M)                              0.76       2.26 f
  U0_ClkDiv/U67/Y (NOR2X4M)                               0.82       3.08 r
  U0_ClkDiv/U53/Y (NAND2X2M)                              0.89       3.98 f
  U0_ClkDiv/U49/Y (OAI31X2M)                              0.97       4.95 r
  U0_ClkDiv/U48/Y (BUFX4M)                                0.89       5.84 r
  U0_ClkDiv/U51/Y (CLKINVX2M)                             1.12       6.96 f
  U0_ClkDiv/U52/Y (AND3X4M)                               0.77       7.73 f
  U0_ClkDiv/U58/Y (AO22XLM)                               0.76       8.49 f
  U0_ClkDiv/count_reg[6]/D (DFFRQX2M)                     0.00       8.49 f
  data arrival time                                                  8.49

  clock MASTER_CLK (rise edge)                           50.00      50.00
  clock network delay (ideal)                             0.00      50.00
  clock uncertainty                                      -0.20      49.80
  U0_ClkDiv/count_reg[6]/CK (DFFRQX2M)                    0.00      49.80 r
  library setup time                                     -0.23      49.57
  data required time                                                49.57
  --------------------------------------------------------------------------
  data required time                                                49.57
  data arrival time                                                 -8.49
  --------------------------------------------------------------------------
  slack (MET)                                                       41.08


  Startpoint: U0_ClkDiv/i_div_ratio_c_reg[1]
              (rising edge-triggered flip-flop clocked by MASTER_CLK)
  Endpoint: U0_ClkDiv/count_reg[4]
            (rising edge-triggered flip-flop clocked by MASTER_CLK)
  Path Group: MASTER_CLK
  Path Type: max

  Des/Clust/Port     Wire Load Model       Library
  ------------------------------------------------
  System_Top         tsmc13_wl30           scmetro_tsmc_cl013g_rvt_ss_1p08v_125c

  Point                                                   Incr       Path
  --------------------------------------------------------------------------
  clock MASTER_CLK (rise edge)                            0.00       0.00
  clock network delay (ideal)                             0.00       0.00
  U0_ClkDiv/i_div_ratio_c_reg[1]/CK (DFFRQX2M)            0.00       0.00 r
  U0_ClkDiv/i_div_ratio_c_reg[1]/Q (DFFRQX2M)             0.78       0.78 f
  U0_ClkDiv/U66/Y (NOR2X4M)                               0.72       1.50 r
  U0_ClkDiv/U54/Y (NAND2X2M)                              0.76       2.26 f
  U0_ClkDiv/U67/Y (NOR2X4M)                               0.82       3.08 r
  U0_ClkDiv/U53/Y (NAND2X2M)                              0.89       3.98 f
  U0_ClkDiv/U49/Y (OAI31X2M)                              0.97       4.95 r
  U0_ClkDiv/U48/Y (BUFX4M)                                0.89       5.84 r
  U0_ClkDiv/U51/Y (CLKINVX2M)                             1.12       6.96 f
  U0_ClkDiv/U52/Y (AND3X4M)                               0.77       7.73 f
  U0_ClkDiv/U60/Y (AO22XLM)                               0.76       8.49 f
  U0_ClkDiv/count_reg[4]/D (DFFRQX4M)                     0.00       8.49 f
  data arrival time                                                  8.49

  clock MASTER_CLK (rise edge)                           50.00      50.00
  clock network delay (ideal)                             0.00      50.00
  clock uncertainty                                      -0.20      49.80
  U0_ClkDiv/count_reg[4]/CK (DFFRQX4M)                    0.00      49.80 r
  library setup time                                     -0.23      49.57
  data required time                                                49.57
  --------------------------------------------------------------------------
  data required time                                                49.57
  data arrival time                                                 -8.49
  --------------------------------------------------------------------------
  slack (MET)                                                       41.08


  Startpoint: U0_ClkDiv/i_div_ratio_c_reg[1]
              (rising edge-triggered flip-flop clocked by MASTER_CLK)
  Endpoint: U0_ClkDiv/count_reg[2]
            (rising edge-triggered flip-flop clocked by MASTER_CLK)
  Path Group: MASTER_CLK
  Path Type: max

  Des/Clust/Port     Wire Load Model       Library
  ------------------------------------------------
  System_Top         tsmc13_wl30           scmetro_tsmc_cl013g_rvt_ss_1p08v_125c

  Point                                                   Incr       Path
  --------------------------------------------------------------------------
  clock MASTER_CLK (rise edge)                            0.00       0.00
  clock network delay (ideal)                             0.00       0.00
  U0_ClkDiv/i_div_ratio_c_reg[1]/CK (DFFRQX2M)            0.00       0.00 r
  U0_ClkDiv/i_div_ratio_c_reg[1]/Q (DFFRQX2M)             0.78       0.78 f
  U0_ClkDiv/U66/Y (NOR2X4M)                               0.72       1.50 r
  U0_ClkDiv/U54/Y (NAND2X2M)                              0.76       2.26 f
  U0_ClkDiv/U67/Y (NOR2X4M)                               0.82       3.08 r
  U0_ClkDiv/U53/Y (NAND2X2M)                              0.89       3.98 f
  U0_ClkDiv/U49/Y (OAI31X2M)                              0.97       4.95 r
  U0_ClkDiv/U48/Y (BUFX4M)                                0.89       5.84 r
  U0_ClkDiv/U51/Y (CLKINVX2M)                             1.12       6.96 f
  U0_ClkDiv/U52/Y (AND3X4M)                               0.77       7.73 f
  U0_ClkDiv/U61/Y (AO22XLM)                               0.76       8.49 f
  U0_ClkDiv/count_reg[2]/D (DFFRQX4M)                     0.00       8.49 f
  data arrival time                                                  8.49

  clock MASTER_CLK (rise edge)                           50.00      50.00
  clock network delay (ideal)                             0.00      50.00
  clock uncertainty                                      -0.20      49.80
  U0_ClkDiv/count_reg[2]/CK (DFFRQX4M)                    0.00      49.80 r
  library setup time                                     -0.23      49.57
  data required time                                                49.57
  --------------------------------------------------------------------------
  data required time                                                49.57
  data arrival time                                                 -8.49
  --------------------------------------------------------------------------
  slack (MET)                                                       41.08


  Startpoint: U0_ClkDiv/i_div_ratio_c_reg[1]
              (rising edge-triggered flip-flop clocked by MASTER_CLK)
  Endpoint: U0_ClkDiv/count_reg[0]
            (rising edge-triggered flip-flop clocked by MASTER_CLK)
  Path Group: MASTER_CLK
  Path Type: max

  Des/Clust/Port     Wire Load Model       Library
  ------------------------------------------------
  System_Top         tsmc13_wl30           scmetro_tsmc_cl013g_rvt_ss_1p08v_125c

  Point                                                   Incr       Path
  --------------------------------------------------------------------------
  clock MASTER_CLK (rise edge)                            0.00       0.00
  clock network delay (ideal)                             0.00       0.00
  U0_ClkDiv/i_div_ratio_c_reg[1]/CK (DFFRQX2M)            0.00       0.00 r
  U0_ClkDiv/i_div_ratio_c_reg[1]/Q (DFFRQX2M)             0.78       0.78 f
  U0_ClkDiv/U66/Y (NOR2X4M)                               0.72       1.50 r
  U0_ClkDiv/U54/Y (NAND2X2M)                              0.76       2.26 f
  U0_ClkDiv/U67/Y (NOR2X4M)                               0.82       3.08 r
  U0_ClkDiv/U53/Y (NAND2X2M)                              0.89       3.98 f
  U0_ClkDiv/U49/Y (OAI31X2M)                              0.97       4.95 r
  U0_ClkDiv/U48/Y (BUFX4M)                                0.89       5.84 r
  U0_ClkDiv/U51/Y (CLKINVX2M)                             1.12       6.96 f
  U0_ClkDiv/U52/Y (AND3X4M)                               0.77       7.73 f
  U0_ClkDiv/U59/Y (AO22XLM)                               0.76       8.49 f
  U0_ClkDiv/count_reg[0]/D (DFFRQX4M)                     0.00       8.49 f
  data arrival time                                                  8.49

  clock MASTER_CLK (rise edge)                           50.00      50.00
  clock network delay (ideal)                             0.00      50.00
  clock uncertainty                                      -0.20      49.80
  U0_ClkDiv/count_reg[0]/CK (DFFRQX4M)                    0.00      49.80 r
  library setup time                                     -0.23      49.57
  data required time                                                49.57
  --------------------------------------------------------------------------
  data required time                                                49.57
  data arrival time                                                 -8.49
  --------------------------------------------------------------------------
  slack (MET)                                                       41.08


  Startpoint: U0_ClkDiv/i_div_ratio_c_reg[1]
              (rising edge-triggered flip-flop clocked by MASTER_CLK)
  Endpoint: U0_ClkDiv/count_reg[1]
            (rising edge-triggered flip-flop clocked by MASTER_CLK)
  Path Group: MASTER_CLK
  Path Type: max

  Des/Clust/Port     Wire Load Model       Library
  ------------------------------------------------
  System_Top         tsmc13_wl30           scmetro_tsmc_cl013g_rvt_ss_1p08v_125c

  Point                                                   Incr       Path
  --------------------------------------------------------------------------
  clock MASTER_CLK (rise edge)                            0.00       0.00
  clock network delay (ideal)                             0.00       0.00
  U0_ClkDiv/i_div_ratio_c_reg[1]/CK (DFFRQX2M)            0.00       0.00 r
  U0_ClkDiv/i_div_ratio_c_reg[1]/Q (DFFRQX2M)             0.78       0.78 f
  U0_ClkDiv/U66/Y (NOR2X4M)                               0.72       1.50 r
  U0_ClkDiv/U54/Y (NAND2X2M)                              0.76       2.26 f
  U0_ClkDiv/U67/Y (NOR2X4M)                               0.82       3.08 r
  U0_ClkDiv/U53/Y (NAND2X2M)                              0.89       3.98 f
  U0_ClkDiv/U49/Y (OAI31X2M)                              0.97       4.95 r
  U0_ClkDiv/U48/Y (BUFX4M)                                0.89       5.84 r
  U0_ClkDiv/U51/Y (CLKINVX2M)                             1.12       6.96 f
  U0_ClkDiv/U52/Y (AND3X4M)                               0.77       7.73 f
  U0_ClkDiv/U56/Y (OAI2BB2X1M)                            0.62       8.36 f
  U0_ClkDiv/count_reg[1]/D (DFFRX2M)                      0.00       8.36 f
  data arrival time                                                  8.36

  clock MASTER_CLK (rise edge)                           50.00      50.00
  clock network delay (ideal)                             0.00      50.00
  clock uncertainty                                      -0.20      49.80
  U0_ClkDiv/count_reg[1]/CK (DFFRX2M)                     0.00      49.80 r
  library setup time                                     -0.25      49.55
  data required time                                                49.55
  --------------------------------------------------------------------------
  data required time                                                49.55
  data arrival time                                                 -8.36
  --------------------------------------------------------------------------
  slack (MET)                                                       41.19


  Startpoint: U0_ClkDiv/i_div_ratio_c_reg[1]
              (rising edge-triggered flip-flop clocked by MASTER_CLK)
  Endpoint: U0_ClkDiv/count_reg[3]
            (rising edge-triggered flip-flop clocked by MASTER_CLK)
  Path Group: MASTER_CLK
  Path Type: max

  Des/Clust/Port     Wire Load Model       Library
  ------------------------------------------------
  System_Top         tsmc13_wl30           scmetro_tsmc_cl013g_rvt_ss_1p08v_125c

  Point                                                   Incr       Path
  --------------------------------------------------------------------------
  clock MASTER_CLK (rise edge)                            0.00       0.00
  clock network delay (ideal)                             0.00       0.00
  U0_ClkDiv/i_div_ratio_c_reg[1]/CK (DFFRQX2M)            0.00       0.00 r
  U0_ClkDiv/i_div_ratio_c_reg[1]/Q (DFFRQX2M)             0.78       0.78 f
  U0_ClkDiv/U66/Y (NOR2X4M)                               0.72       1.50 r
  U0_ClkDiv/U54/Y (NAND2X2M)                              0.76       2.26 f
  U0_ClkDiv/U67/Y (NOR2X4M)                               0.82       3.08 r
  U0_ClkDiv/U53/Y (NAND2X2M)                              0.89       3.98 f
  U0_ClkDiv/U49/Y (OAI31X2M)                              0.97       4.95 r
  U0_ClkDiv/U48/Y (BUFX4M)                                0.89       5.84 r
  U0_ClkDiv/U51/Y (CLKINVX2M)                             1.12       6.96 f
  U0_ClkDiv/U52/Y (AND3X4M)                               0.77       7.73 f
  U0_ClkDiv/U55/Y (OAI2BB2X1M)                            0.62       8.36 f
  U0_ClkDiv/count_reg[3]/D (DFFRX2M)                      0.00       8.36 f
  data arrival time                                                  8.36

  clock MASTER_CLK (rise edge)                           50.00      50.00
  clock network delay (ideal)                             0.00      50.00
  clock uncertainty                                      -0.20      49.80
  U0_ClkDiv/count_reg[3]/CK (DFFRX2M)                     0.00      49.80 r
  library setup time                                     -0.25      49.55
  data required time                                                49.55
  --------------------------------------------------------------------------
  data required time                                                49.55
  data arrival time                                                 -8.36
  --------------------------------------------------------------------------
  slack (MET)                                                       41.19


  Startpoint: U0_ClkDiv/i_div_ratio_c_reg[1]
              (rising edge-triggered flip-flop clocked by MASTER_CLK)
  Endpoint: U0_ClkDiv/div_clk_reg
            (rising edge-triggered flip-flop clocked by MASTER_CLK)
  Path Group: MASTER_CLK
  Path Type: max

  Des/Clust/Port     Wire Load Model       Library
  ------------------------------------------------
  System_Top         tsmc13_wl30           scmetro_tsmc_cl013g_rvt_ss_1p08v_125c

  Point                                                   Incr       Path
  --------------------------------------------------------------------------
  clock MASTER_CLK (rise edge)                            0.00       0.00
  clock network delay (ideal)                             0.00       0.00
  U0_ClkDiv/i_div_ratio_c_reg[1]/CK (DFFRQX2M)            0.00       0.00 r
  U0_ClkDiv/i_div_ratio_c_reg[1]/Q (DFFRQX2M)             0.78       0.78 f
  U0_ClkDiv/U66/Y (NOR2X4M)                               0.72       1.50 r
  U0_ClkDiv/U54/Y (NAND2X2M)                              0.76       2.26 f
  U0_ClkDiv/U67/Y (NOR2X4M)                               0.82       3.08 r
  U0_ClkDiv/U53/Y (NAND2X2M)                              0.89       3.98 f
  U0_ClkDiv/U75/Y (AOI2BB1X2M)                            0.64       4.62 r
  U0_ClkDiv/U74/Y (OAI21X2M)                              0.33       4.95 f
  U0_ClkDiv/U79/Y (AOI211X2M)                             0.78       5.72 r
  U0_ClkDiv/U77/Y (AND2X2M)                               0.57       6.29 r
  U0_ClkDiv/U14/Y (OAI221X4M)                             0.53       6.83 f
  U0_ClkDiv/U63/Y (AOI21X1M)                              0.75       7.57 r
  U0_ClkDiv/U62/Y (CLKXOR2X2M)                            0.56       8.13 r
  U0_ClkDiv/div_clk_reg/D (DFFRQX2M)                      0.00       8.13 r
  data arrival time                                                  8.13

  clock MASTER_CLK (rise edge)                           50.00      50.00
  clock network delay (ideal)                             0.00      50.00
  clock uncertainty                                      -0.20      49.80
  U0_ClkDiv/div_clk_reg/CK (DFFRQX2M)                     0.00      49.80 r
  library setup time                                     -0.33      49.47
  data required time                                                49.47
  --------------------------------------------------------------------------
  data required time                                                49.47
  data arrival time                                                 -8.13
  --------------------------------------------------------------------------
  slack (MET)                                                       41.34


  Startpoint: U0_ClkDiv/i_div_ratio_c_reg[1]
              (rising edge-triggered flip-flop clocked by MASTER_CLK)
  Endpoint: U0_ClkDiv/odd_edge_tog_reg
            (rising edge-triggered flip-flop clocked by MASTER_CLK)
  Path Group: MASTER_CLK
  Path Type: max

  Des/Clust/Port     Wire Load Model       Library
  ------------------------------------------------
  System_Top         tsmc13_wl30           scmetro_tsmc_cl013g_rvt_ss_1p08v_125c

  Point                                                   Incr       Path
  --------------------------------------------------------------------------
  clock MASTER_CLK (rise edge)                            0.00       0.00
  clock network delay (ideal)                             0.00       0.00
  U0_ClkDiv/i_div_ratio_c_reg[1]/CK (DFFRQX2M)            0.00       0.00 r
  U0_ClkDiv/i_div_ratio_c_reg[1]/Q (DFFRQX2M)             0.78       0.78 f
  U0_ClkDiv/U66/Y (NOR2X4M)                               0.72       1.50 r
  U0_ClkDiv/U54/Y (NAND2X2M)                              0.76       2.26 f
  U0_ClkDiv/U67/Y (NOR2X4M)                               0.82       3.08 r
  U0_ClkDiv/U53/Y (NAND2X2M)                              0.89       3.98 f
  U0_ClkDiv/U75/Y (AOI2BB1X2M)                            0.64       4.62 r
  U0_ClkDiv/U74/Y (OAI21X2M)                              0.33       4.95 f
  U0_ClkDiv/U79/Y (AOI211X2M)                             0.78       5.72 r
  U0_ClkDiv/U77/Y (AND2X2M)                               0.57       6.29 r
  U0_ClkDiv/U14/Y (OAI221X4M)                             0.53       6.83 f
  U0_ClkDiv/U65/Y (NOR2X1M)                               0.71       7.53 r
  U0_ClkDiv/U64/Y (CLKXOR2X2M)                            0.62       8.15 f
  U0_ClkDiv/odd_edge_tog_reg/D (DFFSX1M)                  0.00       8.15 f
  data arrival time                                                  8.15

  clock MASTER_CLK (rise edge)                           50.00      50.00
  clock network delay (ideal)                             0.00      50.00
  clock uncertainty                                      -0.20      49.80
  U0_ClkDiv/odd_edge_tog_reg/CK (DFFSX1M)                 0.00      49.80 r
  library setup time                                     -0.14      49.66
  data required time                                                49.66
  --------------------------------------------------------------------------
  data required time                                                49.66
  data arrival time                                                 -8.15
  --------------------------------------------------------------------------
  slack (MET)                                                       41.50


  Startpoint: U0_RegFile/regArr_reg[2][2]
              (rising edge-triggered flip-flop clocked by REG_CLK)
  Endpoint: U0_ClkDiv/i_div_ratio_c_reg[2]
            (rising edge-triggered flip-flop clocked by MASTER_CLK)
  Path Group: MASTER_CLK
  Path Type: max

  Des/Clust/Port     Wire Load Model       Library
  ------------------------------------------------
  System_Top         tsmc13_wl30           scmetro_tsmc_cl013g_rvt_ss_1p08v_125c

  Point                                                   Incr       Path
  --------------------------------------------------------------------------
  clock REG_CLK (rise edge)                               0.00       0.00
  clock network delay (ideal)                             0.00       0.00
  U0_RegFile/regArr_reg[2][2]/CK (DFFSQX2M)               0.00       0.00 r
  U0_RegFile/regArr_reg[2][2]/Q (DFFSQX2M)                0.86       0.86 r
  U0_RegFile/REG2[2] (RegFile)                            0.00       0.86 r
  U0_ClkDiv/i_div_ratio[2] (ClkDiv)                       0.00       0.86 r
  U0_ClkDiv/i_div_ratio_c_reg[2]/D (DFFRQX2M)             0.00       0.86 r
  data arrival time                                                  0.86

  clock MASTER_CLK (rise edge)                           50.00      50.00
  clock network delay (ideal)                             0.00      50.00
  clock uncertainty                                      -0.20      49.80
  U0_ClkDiv/i_div_ratio_c_reg[2]/CK (DFFRQX2M)            0.00      49.80 r
  library setup time                                     -0.40      49.40
  data required time                                                49.40
  --------------------------------------------------------------------------
  data required time                                                49.40
  data arrival time                                                 -0.86
  --------------------------------------------------------------------------
  slack (MET)                                                       48.54


  Startpoint: U0_RegFile/regArr_reg[2][0]
              (rising edge-triggered flip-flop clocked by REG_CLK)
  Endpoint: U0_ClkDiv/i_div_ratio_c_reg[0]
            (rising edge-triggered flip-flop clocked by MASTER_CLK)
  Path Group: MASTER_CLK
  Path Type: max

  Des/Clust/Port     Wire Load Model       Library
  ------------------------------------------------
  System_Top         tsmc13_wl30           scmetro_tsmc_cl013g_rvt_ss_1p08v_125c

  Point                                                   Incr       Path
  --------------------------------------------------------------------------
  clock REG_CLK (rise edge)                               0.00       0.00
  clock network delay (ideal)                             0.00       0.00
  U0_RegFile/regArr_reg[2][0]/CK (DFFRQX2M)               0.00       0.00 r
  U0_RegFile/regArr_reg[2][0]/Q (DFFRQX2M)                0.85       0.85 r
  U0_RegFile/REG2[0] (RegFile)                            0.00       0.85 r
  U0_ClkDiv/i_div_ratio[0] (ClkDiv)                       0.00       0.85 r
  U0_ClkDiv/i_div_ratio_c_reg[0]/D (DFFRQX2M)             0.00       0.85 r
  data arrival time                                                  0.85

  clock MASTER_CLK (rise edge)                           50.00      50.00
  clock network delay (ideal)                             0.00      50.00
  clock uncertainty                                      -0.20      49.80
  U0_ClkDiv/i_div_ratio_c_reg[0]/CK (DFFRQX2M)            0.00      49.80 r
  library setup time                                     -0.40      49.40
  data required time                                                49.40
  --------------------------------------------------------------------------
  data required time                                                49.40
  data arrival time                                                 -0.85
  --------------------------------------------------------------------------
  slack (MET)                                                       48.55


  Startpoint: U0_RegFile/regArr_reg[2][7]
              (rising edge-triggered flip-flop clocked by REG_CLK)
  Endpoint: U0_ClkDiv/i_div_ratio_c_reg[7]
            (rising edge-triggered flip-flop clocked by MASTER_CLK)
  Path Group: MASTER_CLK
  Path Type: max

  Des/Clust/Port     Wire Load Model       Library
  ------------------------------------------------
  System_Top         tsmc13_wl30           scmetro_tsmc_cl013g_rvt_ss_1p08v_125c

  Point                                                   Incr       Path
  --------------------------------------------------------------------------
  clock REG_CLK (rise edge)                               0.00       0.00
  clock network delay (ideal)                             0.00       0.00
  U0_RegFile/regArr_reg[2][7]/CK (DFFRQX2M)               0.00       0.00 r
  U0_RegFile/regArr_reg[2][7]/Q (DFFRQX2M)                0.85       0.85 r
  U0_RegFile/REG2[7] (RegFile)                            0.00       0.85 r
  U0_ClkDiv/i_div_ratio[7] (ClkDiv)                       0.00       0.85 r
  U0_ClkDiv/i_div_ratio_c_reg[7]/D (DFFRQX2M)             0.00       0.85 r
  data arrival time                                                  0.85

  clock MASTER_CLK (rise edge)                           50.00      50.00
  clock network delay (ideal)                             0.00      50.00
  clock uncertainty                                      -0.20      49.80
  U0_ClkDiv/i_div_ratio_c_reg[7]/CK (DFFRQX2M)            0.00      49.80 r
  library setup time                                     -0.40      49.40
  data required time                                                49.40
  --------------------------------------------------------------------------
  data required time                                                49.40
  data arrival time                                                 -0.85
  --------------------------------------------------------------------------
  slack (MET)                                                       48.55


  Startpoint: U0_RegFile/regArr_reg[2][5]
              (rising edge-triggered flip-flop clocked by REG_CLK)
  Endpoint: U0_ClkDiv/i_div_ratio_c_reg[5]
            (rising edge-triggered flip-flop clocked by MASTER_CLK)
  Path Group: MASTER_CLK
  Path Type: max

  Des/Clust/Port     Wire Load Model       Library
  ------------------------------------------------
  System_Top         tsmc13_wl30           scmetro_tsmc_cl013g_rvt_ss_1p08v_125c

  Point                                                   Incr       Path
  --------------------------------------------------------------------------
  clock REG_CLK (rise edge)                               0.00       0.00
  clock network delay (ideal)                             0.00       0.00
  U0_RegFile/regArr_reg[2][5]/CK (DFFRQX2M)               0.00       0.00 r
  U0_RegFile/regArr_reg[2][5]/Q (DFFRQX2M)                0.85       0.85 r
  U0_RegFile/REG2[5] (RegFile)                            0.00       0.85 r
  U0_ClkDiv/i_div_ratio[5] (ClkDiv)                       0.00       0.85 r
  U0_ClkDiv/i_div_ratio_c_reg[5]/D (DFFRQX2M)             0.00       0.85 r
  data arrival time                                                  0.85

  clock MASTER_CLK (rise edge)                           50.00      50.00
  clock network delay (ideal)                             0.00      50.00
  clock uncertainty                                      -0.20      49.80
  U0_ClkDiv/i_div_ratio_c_reg[5]/CK (DFFRQX2M)            0.00      49.80 r
  library setup time                                     -0.40      49.40
  data required time                                                49.40
  --------------------------------------------------------------------------
  data required time                                                49.40
  data arrival time                                                 -0.85
  --------------------------------------------------------------------------
  slack (MET)                                                       48.55


  Startpoint: U0_RegFile/regArr_reg[2][6]
              (rising edge-triggered flip-flop clocked by REG_CLK)
  Endpoint: U0_ClkDiv/i_div_ratio_c_reg[6]
            (rising edge-triggered flip-flop clocked by MASTER_CLK)
  Path Group: MASTER_CLK
  Path Type: max

  Des/Clust/Port     Wire Load Model       Library
  ------------------------------------------------
  System_Top         tsmc13_wl30           scmetro_tsmc_cl013g_rvt_ss_1p08v_125c

  Point                                                   Incr       Path
  --------------------------------------------------------------------------
  clock REG_CLK (rise edge)                               0.00       0.00
  clock network delay (ideal)                             0.00       0.00
  U0_RegFile/regArr_reg[2][6]/CK (DFFRQX2M)               0.00       0.00 r
  U0_RegFile/regArr_reg[2][6]/Q (DFFRQX2M)                0.85       0.85 r
  U0_RegFile/REG2[6] (RegFile)                            0.00       0.85 r
  U0_ClkDiv/i_div_ratio[6] (ClkDiv)                       0.00       0.85 r
  U0_ClkDiv/i_div_ratio_c_reg[6]/D (DFFRQX2M)             0.00       0.85 r
  data arrival time                                                  0.85

  clock MASTER_CLK (rise edge)                           50.00      50.00
  clock network delay (ideal)                             0.00      50.00
  clock uncertainty                                      -0.20      49.80
  U0_ClkDiv/i_div_ratio_c_reg[6]/CK (DFFRQX2M)            0.00      49.80 r
  library setup time                                     -0.40      49.40
  data required time                                                49.40
  --------------------------------------------------------------------------
  data required time                                                49.40
  data arrival time                                                 -0.85
  --------------------------------------------------------------------------
  slack (MET)                                                       48.55


  Startpoint: U0_RegFile/regArr_reg[2][3]
              (rising edge-triggered flip-flop clocked by REG_CLK)
  Endpoint: U0_ClkDiv/i_div_ratio_c_reg[3]
            (rising edge-triggered flip-flop clocked by MASTER_CLK)
  Path Group: MASTER_CLK
  Path Type: max

  Des/Clust/Port     Wire Load Model       Library
  ------------------------------------------------
  System_Top         tsmc13_wl30           scmetro_tsmc_cl013g_rvt_ss_1p08v_125c

  Point                                                   Incr       Path
  --------------------------------------------------------------------------
  clock REG_CLK (rise edge)                               0.00       0.00
  clock network delay (ideal)                             0.00       0.00
  U0_RegFile/regArr_reg[2][3]/CK (DFFRQX2M)               0.00       0.00 r
  U0_RegFile/regArr_reg[2][3]/Q (DFFRQX2M)                0.85       0.85 r
  U0_RegFile/REG2[3] (RegFile)                            0.00       0.85 r
  U0_ClkDiv/i_div_ratio[3] (ClkDiv)                       0.00       0.85 r
  U0_ClkDiv/i_div_ratio_c_reg[3]/D (DFFRQX2M)             0.00       0.85 r
  data arrival time                                                  0.85

  clock MASTER_CLK (rise edge)                           50.00      50.00
  clock network delay (ideal)                             0.00      50.00
  clock uncertainty                                      -0.20      49.80
  U0_ClkDiv/i_div_ratio_c_reg[3]/CK (DFFRQX2M)            0.00      49.80 r
  library setup time                                     -0.40      49.40
  data required time                                                49.40
  --------------------------------------------------------------------------
  data required time                                                49.40
  data arrival time                                                 -0.85
  --------------------------------------------------------------------------
  slack (MET)                                                       48.55


  Startpoint: U0_RegFile/regArr_reg[2][1]
              (rising edge-triggered flip-flop clocked by REG_CLK)
  Endpoint: U0_ClkDiv/i_div_ratio_c_reg[1]
            (rising edge-triggered flip-flop clocked by MASTER_CLK)
  Path Group: MASTER_CLK
  Path Type: max

  Des/Clust/Port     Wire Load Model       Library
  ------------------------------------------------
  System_Top         tsmc13_wl30           scmetro_tsmc_cl013g_rvt_ss_1p08v_125c

  Point                                                   Incr       Path
  --------------------------------------------------------------------------
  clock REG_CLK (rise edge)                               0.00       0.00
  clock network delay (ideal)                             0.00       0.00
  U0_RegFile/regArr_reg[2][1]/CK (DFFRQX2M)               0.00       0.00 r
  U0_RegFile/regArr_reg[2][1]/Q (DFFRQX2M)                0.85       0.85 r
  U0_RegFile/REG2[1] (RegFile)                            0.00       0.85 r
  U0_ClkDiv/i_div_ratio[1] (ClkDiv)                       0.00       0.85 r
  U0_ClkDiv/i_div_ratio_c_reg[1]/D (DFFRQX2M)             0.00       0.85 r
  data arrival time                                                  0.85

  clock MASTER_CLK (rise edge)                           50.00      50.00
  clock network delay (ideal)                             0.00      50.00
  clock uncertainty                                      -0.20      49.80
  U0_ClkDiv/i_div_ratio_c_reg[1]/CK (DFFRQX2M)            0.00      49.80 r
  library setup time                                     -0.40      49.40
  data required time                                                49.40
  --------------------------------------------------------------------------
  data required time                                                49.40
  data arrival time                                                 -0.85
  --------------------------------------------------------------------------
  slack (MET)                                                       48.55


  Startpoint: U0_RegFile/regArr_reg[2][4]
              (rising edge-triggered flip-flop clocked by REG_CLK)
  Endpoint: U0_ClkDiv/i_div_ratio_c_reg[4]
            (rising edge-triggered flip-flop clocked by MASTER_CLK)
  Path Group: MASTER_CLK
  Path Type: max

  Des/Clust/Port     Wire Load Model       Library
  ------------------------------------------------
  System_Top         tsmc13_wl30           scmetro_tsmc_cl013g_rvt_ss_1p08v_125c

  Point                                                   Incr       Path
  --------------------------------------------------------------------------
  clock REG_CLK (rise edge)                               0.00       0.00
  clock network delay (ideal)                             0.00       0.00
  U0_RegFile/regArr_reg[2][4]/CK (DFFRQX2M)               0.00       0.00 r
  U0_RegFile/regArr_reg[2][4]/Q (DFFRQX2M)                0.85       0.85 r
  U0_RegFile/REG2[4] (RegFile)                            0.00       0.85 r
  U0_ClkDiv/i_div_ratio[4] (ClkDiv)                       0.00       0.85 r
  U0_ClkDiv/i_div_ratio_c_reg[4]/D (DFFRQX2M)             0.00       0.85 r
  data arrival time                                                  0.85

  clock MASTER_CLK (rise edge)                           50.00      50.00
  clock network delay (ideal)                             0.00      50.00
  clock uncertainty                                      -0.20      49.80
  U0_ClkDiv/i_div_ratio_c_reg[4]/CK (DFFRQX2M)            0.00      49.80 r
  library setup time                                     -0.40      49.40
  data required time                                                49.40
  --------------------------------------------------------------------------
  data required time                                                49.40
  data arrival time                                                 -0.85
  --------------------------------------------------------------------------
  slack (MET)                                                       48.55


  Startpoint: U0_ALU/ALU_OUT_reg[1]
              (rising edge-triggered flip-flop clocked by ALU_CLK)
  Endpoint: ALU_OUT[1] (output port clocked by ALU_CLK)
  Path Group: REGOUT
  Path Type: max

  Des/Clust/Port     Wire Load Model       Library
  ------------------------------------------------
  System_Top         tsmc13_wl30           scmetro_tsmc_cl013g_rvt_ss_1p08v_125c

  Point                                    Incr       Path
  -----------------------------------------------------------
  clock ALU_CLK (rise edge)                0.00       0.00
  clock network delay (ideal)              0.00       0.00
  U0_ALU/ALU_OUT_reg[1]/CK (DFFRQX1M)      0.00       0.00 r
  U0_ALU/ALU_OUT_reg[1]/Q (DFFRQX1M)       0.64       0.64 r
  U0_ALU/ALU_OUT[1] (ALU)                  0.00       0.64 r
  U23/Y (CLKINVX1M)                        0.79       1.43 f
  U24/Y (CLKINVX40M)                      21.29      22.72 r
  ALU_OUT[1] (out)                         0.00      22.72 r
  data arrival time                                  22.72

  clock ALU_CLK (rise edge)               50.00      50.00
  clock network delay (ideal)              0.00      50.00
  clock uncertainty                       -0.20      49.80
  output external delay                  -10.00      39.80
  data required time                                 39.80
  -----------------------------------------------------------
  data required time                                 39.80
  data arrival time                                 -22.72
  -----------------------------------------------------------
  slack (MET)                                        17.08


  Startpoint: U0_ALU/OUT_VALID_reg
              (rising edge-triggered flip-flop clocked by ALU_CLK)
  Endpoint: ALU_VLD (output port clocked by ALU_CLK)
  Path Group: REGOUT
  Path Type: max

  Des/Clust/Port     Wire Load Model       Library
  ------------------------------------------------
  System_Top         tsmc13_wl30           scmetro_tsmc_cl013g_rvt_ss_1p08v_125c

  Point                                    Incr       Path
  -----------------------------------------------------------
  clock ALU_CLK (rise edge)                0.00       0.00
  clock network delay (ideal)              0.00       0.00
  U0_ALU/OUT_VALID_reg/CK (DFFRQX2M)       0.00       0.00 r
  U0_ALU/OUT_VALID_reg/Q (DFFRQX2M)        0.52       0.52 r
  U0_ALU/OUT_VALID (ALU)                   0.00       0.52 r
  U37/Y (CLKINVX1M)                        0.76       1.27 f
  U38/Y (CLKINVX40M)                      21.29      22.56 r
  ALU_VLD (out)                            0.00      22.57 r
  data arrival time                                  22.57

  clock ALU_CLK (rise edge)               50.00      50.00
  clock network delay (ideal)              0.00      50.00
  clock uncertainty                       -0.20      49.80
  output external delay                  -10.00      39.80
  data required time                                 39.80
  -----------------------------------------------------------
  data required time                                 39.80
  data arrival time                                 -22.57
  -----------------------------------------------------------
  slack (MET)                                        17.23


  Startpoint: U0_ALU/ALU_OUT_reg[7]
              (rising edge-triggered flip-flop clocked by ALU_CLK)
  Endpoint: ALU_OUT[7] (output port clocked by ALU_CLK)
  Path Group: REGOUT
  Path Type: max

  Des/Clust/Port     Wire Load Model       Library
  ------------------------------------------------
  System_Top         tsmc13_wl30           scmetro_tsmc_cl013g_rvt_ss_1p08v_125c

  Point                                    Incr       Path
  -----------------------------------------------------------
  clock ALU_CLK (rise edge)                0.00       0.00
  clock network delay (ideal)              0.00       0.00
  U0_ALU/ALU_OUT_reg[7]/CK (DFFRQX2M)      0.00       0.00 r
  U0_ALU/ALU_OUT_reg[7]/Q (DFFRQX2M)       0.52       0.52 r
  U0_ALU/ALU_OUT[7] (ALU)                  0.00       0.52 r
  U35/Y (CLKINVX1M)                        0.76       1.27 f
  U36/Y (CLKINVX40M)                      21.29      22.56 r
  ALU_OUT[7] (out)                         0.00      22.57 r
  data arrival time                                  22.57

  clock ALU_CLK (rise edge)               50.00      50.00
  clock network delay (ideal)              0.00      50.00
  clock uncertainty                       -0.20      49.80
  output external delay                  -10.00      39.80
  data required time                                 39.80
  -----------------------------------------------------------
  data required time                                 39.80
  data arrival time                                 -22.57
  -----------------------------------------------------------
  slack (MET)                                        17.23


  Startpoint: U0_ALU/ALU_OUT_reg[6]
              (rising edge-triggered flip-flop clocked by ALU_CLK)
  Endpoint: ALU_OUT[6] (output port clocked by ALU_CLK)
  Path Group: REGOUT
  Path Type: max

  Des/Clust/Port     Wire Load Model       Library
  ------------------------------------------------
  System_Top         tsmc13_wl30           scmetro_tsmc_cl013g_rvt_ss_1p08v_125c

  Point                                    Incr       Path
  -----------------------------------------------------------
  clock ALU_CLK (rise edge)                0.00       0.00
  clock network delay (ideal)              0.00       0.00
  U0_ALU/ALU_OUT_reg[6]/CK (DFFRQX2M)      0.00       0.00 r
  U0_ALU/ALU_OUT_reg[6]/Q (DFFRQX2M)       0.52       0.52 r
  U0_ALU/ALU_OUT[6] (ALU)                  0.00       0.52 r
  U33/Y (CLKINVX1M)                        0.76       1.27 f
  U34/Y (CLKINVX40M)                      21.29      22.56 r
  ALU_OUT[6] (out)                         0.00      22.57 r
  data arrival time                                  22.57

  clock ALU_CLK (rise edge)               50.00      50.00
  clock network delay (ideal)              0.00      50.00
  clock uncertainty                       -0.20      49.80
  output external delay                  -10.00      39.80
  data required time                                 39.80
  -----------------------------------------------------------
  data required time                                 39.80
  data arrival time                                 -22.57
  -----------------------------------------------------------
  slack (MET)                                        17.23


  Startpoint: U0_ALU/ALU_OUT_reg[5]
              (rising edge-triggered flip-flop clocked by ALU_CLK)
  Endpoint: ALU_OUT[5] (output port clocked by ALU_CLK)
  Path Group: REGOUT
  Path Type: max

  Des/Clust/Port     Wire Load Model       Library
  ------------------------------------------------
  System_Top         tsmc13_wl30           scmetro_tsmc_cl013g_rvt_ss_1p08v_125c

  Point                                    Incr       Path
  -----------------------------------------------------------
  clock ALU_CLK (rise edge)                0.00       0.00
  clock network delay (ideal)              0.00       0.00
  U0_ALU/ALU_OUT_reg[5]/CK (DFFRQX2M)      0.00       0.00 r
  U0_ALU/ALU_OUT_reg[5]/Q (DFFRQX2M)       0.52       0.52 r
  U0_ALU/ALU_OUT[5] (ALU)                  0.00       0.52 r
  U31/Y (CLKINVX1M)                        0.76       1.27 f
  U32/Y (CLKINVX40M)                      21.29      22.56 r
  ALU_OUT[5] (out)                         0.00      22.57 r
  data arrival time                                  22.57

  clock ALU_CLK (rise edge)               50.00      50.00
  clock network delay (ideal)              0.00      50.00
  clock uncertainty                       -0.20      49.80
  output external delay                  -10.00      39.80
  data required time                                 39.80
  -----------------------------------------------------------
  data required time                                 39.80
  data arrival time                                 -22.57
  -----------------------------------------------------------
  slack (MET)                                        17.23


  Startpoint: U0_ALU/ALU_OUT_reg[4]
              (rising edge-triggered flip-flop clocked by ALU_CLK)
  Endpoint: ALU_OUT[4] (output port clocked by ALU_CLK)
  Path Group: REGOUT
  Path Type: max

  Des/Clust/Port     Wire Load Model       Library
  ------------------------------------------------
  System_Top         tsmc13_wl30           scmetro_tsmc_cl013g_rvt_ss_1p08v_125c

  Point                                    Incr       Path
  -----------------------------------------------------------
  clock ALU_CLK (rise edge)                0.00       0.00
  clock network delay (ideal)              0.00       0.00
  U0_ALU/ALU_OUT_reg[4]/CK (DFFRQX2M)      0.00       0.00 r
  U0_ALU/ALU_OUT_reg[4]/Q (DFFRQX2M)       0.52       0.52 r
  U0_ALU/ALU_OUT[4] (ALU)                  0.00       0.52 r
  U29/Y (CLKINVX1M)                        0.76       1.27 f
  U30/Y (CLKINVX40M)                      21.29      22.56 r
  ALU_OUT[4] (out)                         0.00      22.57 r
  data arrival time                                  22.57

  clock ALU_CLK (rise edge)               50.00      50.00
  clock network delay (ideal)              0.00      50.00
  clock uncertainty                       -0.20      49.80
  output external delay                  -10.00      39.80
  data required time                                 39.80
  -----------------------------------------------------------
  data required time                                 39.80
  data arrival time                                 -22.57
  -----------------------------------------------------------
  slack (MET)                                        17.23


  Startpoint: U0_ALU/ALU_OUT_reg[3]
              (rising edge-triggered flip-flop clocked by ALU_CLK)
  Endpoint: ALU_OUT[3] (output port clocked by ALU_CLK)
  Path Group: REGOUT
  Path Type: max

  Des/Clust/Port     Wire Load Model       Library
  ------------------------------------------------
  System_Top         tsmc13_wl30           scmetro_tsmc_cl013g_rvt_ss_1p08v_125c

  Point                                    Incr       Path
  -----------------------------------------------------------
  clock ALU_CLK (rise edge)                0.00       0.00
  clock network delay (ideal)              0.00       0.00
  U0_ALU/ALU_OUT_reg[3]/CK (DFFRQX2M)      0.00       0.00 r
  U0_ALU/ALU_OUT_reg[3]/Q (DFFRQX2M)       0.52       0.52 r
  U0_ALU/ALU_OUT[3] (ALU)                  0.00       0.52 r
  U27/Y (CLKINVX1M)                        0.76       1.27 f
  U28/Y (CLKINVX40M)                      21.29      22.56 r
  ALU_OUT[3] (out)                         0.00      22.57 r
  data arrival time                                  22.57

  clock ALU_CLK (rise edge)               50.00      50.00
  clock network delay (ideal)              0.00      50.00
  clock uncertainty                       -0.20      49.80
  output external delay                  -10.00      39.80
  data required time                                 39.80
  -----------------------------------------------------------
  data required time                                 39.80
  data arrival time                                 -22.57
  -----------------------------------------------------------
  slack (MET)                                        17.23


  Startpoint: U0_ALU/ALU_OUT_reg[2]
              (rising edge-triggered flip-flop clocked by ALU_CLK)
  Endpoint: ALU_OUT[2] (output port clocked by ALU_CLK)
  Path Group: REGOUT
  Path Type: max

  Des/Clust/Port     Wire Load Model       Library
  ------------------------------------------------
  System_Top         tsmc13_wl30           scmetro_tsmc_cl013g_rvt_ss_1p08v_125c

  Point                                    Incr       Path
  -----------------------------------------------------------
  clock ALU_CLK (rise edge)                0.00       0.00
  clock network delay (ideal)              0.00       0.00
  U0_ALU/ALU_OUT_reg[2]/CK (DFFRQX2M)      0.00       0.00 r
  U0_ALU/ALU_OUT_reg[2]/Q (DFFRQX2M)       0.52       0.52 r
  U0_ALU/ALU_OUT[2] (ALU)                  0.00       0.52 r
  U25/Y (CLKINVX1M)                        0.76       1.27 f
  U26/Y (CLKINVX40M)                      21.29      22.56 r
  ALU_OUT[2] (out)                         0.00      22.57 r
  data arrival time                                  22.57

  clock ALU_CLK (rise edge)               50.00      50.00
  clock network delay (ideal)              0.00      50.00
  clock uncertainty                       -0.20      49.80
  output external delay                  -10.00      39.80
  data required time                                 39.80
  -----------------------------------------------------------
  data required time                                 39.80
  data arrival time                                 -22.57
  -----------------------------------------------------------
  slack (MET)                                        17.23


  Startpoint: U0_ALU/ALU_OUT_reg[0]
              (rising edge-triggered flip-flop clocked by ALU_CLK)
  Endpoint: ALU_OUT[0] (output port clocked by ALU_CLK)
  Path Group: REGOUT
  Path Type: max

  Des/Clust/Port     Wire Load Model       Library
  ------------------------------------------------
  System_Top         tsmc13_wl30           scmetro_tsmc_cl013g_rvt_ss_1p08v_125c

  Point                                    Incr       Path
  -----------------------------------------------------------
  clock ALU_CLK (rise edge)                0.00       0.00
  clock network delay (ideal)              0.00       0.00
  U0_ALU/ALU_OUT_reg[0]/CK (DFFRQX2M)      0.00       0.00 r
  U0_ALU/ALU_OUT_reg[0]/Q (DFFRQX2M)       0.52       0.52 r
  U0_ALU/ALU_OUT[0] (ALU)                  0.00       0.52 r
  U21/Y (CLKINVX1M)                        0.76       1.27 f
  U22/Y (CLKINVX40M)                      21.29      22.56 r
  ALU_OUT[0] (out)                         0.00      22.57 r
  data arrival time                                  22.57

  clock ALU_CLK (rise edge)               50.00      50.00
  clock network delay (ideal)              0.00      50.00
  clock uncertainty                       -0.20      49.80
  output external delay                  -10.00      39.80
  data required time                                 39.80
  -----------------------------------------------------------
  data required time                                 39.80
  data arrival time                                 -22.57
  -----------------------------------------------------------
  slack (MET)                                        17.23


  Startpoint: U0_RegFile/RdData_reg[7]
              (rising edge-triggered flip-flop clocked by REG_CLK)
  Endpoint: RdData[7] (output port clocked by REG_CLK)
  Path Group: REGOUT
  Path Type: max

  Des/Clust/Port     Wire Load Model       Library
  ------------------------------------------------
  System_Top         tsmc13_wl30           scmetro_tsmc_cl013g_rvt_ss_1p08v_125c

  Point                                                   Incr       Path
  --------------------------------------------------------------------------
  clock REG_CLK (rise edge)                               0.00       0.00
  clock network delay (ideal)                             0.00       0.00
  U0_RegFile/RdData_reg[7]/CK (EDFFHQX2M)                 0.00       0.00 r
  U0_RegFile/RdData_reg[7]/Q (EDFFHQX2M)                  0.38       0.38 r
  U0_RegFile/RdData[7] (RegFile)                          0.00       0.38 r
  U19/Y (CLKINVX1M)                                       0.75       1.14 f
  U20/Y (CLKINVX40M)                                     21.29      22.43 r
  RdData[7] (out)                                         0.00      22.43 r
  data arrival time                                                 22.43

  clock REG_CLK (rise edge)                             100.00     100.00
  clock network delay (ideal)                             0.00     100.00
  clock uncertainty                                      -0.20      99.80
  output external delay                                 -20.00      79.80
  data required time                                                79.80
  --------------------------------------------------------------------------
  data required time                                                79.80
  data arrival time                                                -22.43
  --------------------------------------------------------------------------
  slack (MET)                                                       57.37


  Startpoint: U0_RegFile/RdData_reg[6]
              (rising edge-triggered flip-flop clocked by REG_CLK)
  Endpoint: RdData[6] (output port clocked by REG_CLK)
  Path Group: REGOUT
  Path Type: max

  Des/Clust/Port     Wire Load Model       Library
  ------------------------------------------------
  System_Top         tsmc13_wl30           scmetro_tsmc_cl013g_rvt_ss_1p08v_125c

  Point                                                   Incr       Path
  --------------------------------------------------------------------------
  clock REG_CLK (rise edge)                               0.00       0.00
  clock network delay (ideal)                             0.00       0.00
  U0_RegFile/RdData_reg[6]/CK (EDFFHQX2M)                 0.00       0.00 r
  U0_RegFile/RdData_reg[6]/Q (EDFFHQX2M)                  0.38       0.38 r
  U0_RegFile/RdData[6] (RegFile)                          0.00       0.38 r
  U17/Y (CLKINVX1M)                                       0.75       1.14 f
  U18/Y (CLKINVX40M)                                     21.29      22.43 r
  RdData[6] (out)                                         0.00      22.43 r
  data arrival time                                                 22.43

  clock REG_CLK (rise edge)                             100.00     100.00
  clock network delay (ideal)                             0.00     100.00
  clock uncertainty                                      -0.20      99.80
  output external delay                                 -20.00      79.80
  data required time                                                79.80
  --------------------------------------------------------------------------
  data required time                                                79.80
  data arrival time                                                -22.43
  --------------------------------------------------------------------------
  slack (MET)                                                       57.37


  Startpoint: U0_RegFile/RdData_reg[5]
              (rising edge-triggered flip-flop clocked by REG_CLK)
  Endpoint: RdData[5] (output port clocked by REG_CLK)
  Path Group: REGOUT
  Path Type: max

  Des/Clust/Port     Wire Load Model       Library
  ------------------------------------------------
  System_Top         tsmc13_wl30           scmetro_tsmc_cl013g_rvt_ss_1p08v_125c

  Point                                                   Incr       Path
  --------------------------------------------------------------------------
  clock REG_CLK (rise edge)                               0.00       0.00
  clock network delay (ideal)                             0.00       0.00
  U0_RegFile/RdData_reg[5]/CK (EDFFHQX2M)                 0.00       0.00 r
  U0_RegFile/RdData_reg[5]/Q (EDFFHQX2M)                  0.38       0.38 r
  U0_RegFile/RdData[5] (RegFile)                          0.00       0.38 r
  U15/Y (CLKINVX1M)                                       0.75       1.14 f
  U16/Y (CLKINVX40M)                                     21.29      22.43 r
  RdData[5] (out)                                         0.00      22.43 r
  data arrival time                                                 22.43

  clock REG_CLK (rise edge)                             100.00     100.00
  clock network delay (ideal)                             0.00     100.00
  clock uncertainty                                      -0.20      99.80
  output external delay                                 -20.00      79.80
  data required time                                                79.80
  --------------------------------------------------------------------------
  data required time                                                79.80
  data arrival time                                                -22.43
  --------------------------------------------------------------------------
  slack (MET)                                                       57.37


  Startpoint: U0_RegFile/RdData_reg[4]
              (rising edge-triggered flip-flop clocked by REG_CLK)
  Endpoint: RdData[4] (output port clocked by REG_CLK)
  Path Group: REGOUT
  Path Type: max

  Des/Clust/Port     Wire Load Model       Library
  ------------------------------------------------
  System_Top         tsmc13_wl30           scmetro_tsmc_cl013g_rvt_ss_1p08v_125c

  Point                                                   Incr       Path
  --------------------------------------------------------------------------
  clock REG_CLK (rise edge)                               0.00       0.00
  clock network delay (ideal)                             0.00       0.00
  U0_RegFile/RdData_reg[4]/CK (EDFFHQX2M)                 0.00       0.00 r
  U0_RegFile/RdData_reg[4]/Q (EDFFHQX2M)                  0.38       0.38 r
  U0_RegFile/RdData[4] (RegFile)                          0.00       0.38 r
  U13/Y (CLKINVX1M)                                       0.75       1.14 f
  U14/Y (CLKINVX40M)                                     21.29      22.43 r
  RdData[4] (out)                                         0.00      22.43 r
  data arrival time                                                 22.43

  clock REG_CLK (rise edge)                             100.00     100.00
  clock network delay (ideal)                             0.00     100.00
  clock uncertainty                                      -0.20      99.80
  output external delay                                 -20.00      79.80
  data required time                                                79.80
  --------------------------------------------------------------------------
  data required time                                                79.80
  data arrival time                                                -22.43
  --------------------------------------------------------------------------
  slack (MET)                                                       57.37


  Startpoint: U0_RegFile/RdData_reg[3]
              (rising edge-triggered flip-flop clocked by REG_CLK)
  Endpoint: RdData[3] (output port clocked by REG_CLK)
  Path Group: REGOUT
  Path Type: max

  Des/Clust/Port     Wire Load Model       Library
  ------------------------------------------------
  System_Top         tsmc13_wl30           scmetro_tsmc_cl013g_rvt_ss_1p08v_125c

  Point                                                   Incr       Path
  --------------------------------------------------------------------------
  clock REG_CLK (rise edge)                               0.00       0.00
  clock network delay (ideal)                             0.00       0.00
  U0_RegFile/RdData_reg[3]/CK (EDFFHQX2M)                 0.00       0.00 r
  U0_RegFile/RdData_reg[3]/Q (EDFFHQX2M)                  0.38       0.38 r
  U0_RegFile/RdData[3] (RegFile)                          0.00       0.38 r
  U11/Y (CLKINVX1M)                                       0.75       1.14 f
  U12/Y (CLKINVX40M)                                     21.29      22.43 r
  RdData[3] (out)                                         0.00      22.43 r
  data arrival time                                                 22.43

  clock REG_CLK (rise edge)                             100.00     100.00
  clock network delay (ideal)                             0.00     100.00
  clock uncertainty                                      -0.20      99.80
  output external delay                                 -20.00      79.80
  data required time                                                79.80
  --------------------------------------------------------------------------
  data required time                                                79.80
  data arrival time                                                -22.43
  --------------------------------------------------------------------------
  slack (MET)                                                       57.37


  Startpoint: U0_RegFile/RdData_reg[2]
              (rising edge-triggered flip-flop clocked by REG_CLK)
  Endpoint: RdData[2] (output port clocked by REG_CLK)
  Path Group: REGOUT
  Path Type: max

  Des/Clust/Port     Wire Load Model       Library
  ------------------------------------------------
  System_Top         tsmc13_wl30           scmetro_tsmc_cl013g_rvt_ss_1p08v_125c

  Point                                                   Incr       Path
  --------------------------------------------------------------------------
  clock REG_CLK (rise edge)                               0.00       0.00
  clock network delay (ideal)                             0.00       0.00
  U0_RegFile/RdData_reg[2]/CK (EDFFHQX2M)                 0.00       0.00 r
  U0_RegFile/RdData_reg[2]/Q (EDFFHQX2M)                  0.38       0.38 r
  U0_RegFile/RdData[2] (RegFile)                          0.00       0.38 r
  U9/Y (CLKINVX1M)                                        0.75       1.14 f
  U10/Y (CLKINVX40M)                                     21.29      22.43 r
  RdData[2] (out)                                         0.00      22.43 r
  data arrival time                                                 22.43

  clock REG_CLK (rise edge)                             100.00     100.00
  clock network delay (ideal)                             0.00     100.00
  clock uncertainty                                      -0.20      99.80
  output external delay                                 -20.00      79.80
  data required time                                                79.80
  --------------------------------------------------------------------------
  data required time                                                79.80
  data arrival time                                                -22.43
  --------------------------------------------------------------------------
  slack (MET)                                                       57.37


  Startpoint: U0_RegFile/RdData_reg[1]
              (rising edge-triggered flip-flop clocked by REG_CLK)
  Endpoint: RdData[1] (output port clocked by REG_CLK)
  Path Group: REGOUT
  Path Type: max

  Des/Clust/Port     Wire Load Model       Library
  ------------------------------------------------
  System_Top         tsmc13_wl30           scmetro_tsmc_cl013g_rvt_ss_1p08v_125c

  Point                                                   Incr       Path
  --------------------------------------------------------------------------
  clock REG_CLK (rise edge)                               0.00       0.00
  clock network delay (ideal)                             0.00       0.00
  U0_RegFile/RdData_reg[1]/CK (EDFFHQX2M)                 0.00       0.00 r
  U0_RegFile/RdData_reg[1]/Q (EDFFHQX2M)                  0.38       0.38 r
  U0_RegFile/RdData[1] (RegFile)                          0.00       0.38 r
  U7/Y (CLKINVX1M)                                        0.75       1.14 f
  U8/Y (CLKINVX40M)                                      21.29      22.43 r
  RdData[1] (out)                                         0.00      22.43 r
  data arrival time                                                 22.43

  clock REG_CLK (rise edge)                             100.00     100.00
  clock network delay (ideal)                             0.00     100.00
  clock uncertainty                                      -0.20      99.80
  output external delay                                 -20.00      79.80
  data required time                                                79.80
  --------------------------------------------------------------------------
  data required time                                                79.80
  data arrival time                                                -22.43
  --------------------------------------------------------------------------
  slack (MET)                                                       57.37


  Startpoint: U0_RegFile/RdData_reg[0]
              (rising edge-triggered flip-flop clocked by REG_CLK)
  Endpoint: RdData[0] (output port clocked by REG_CLK)
  Path Group: REGOUT
  Path Type: max

  Des/Clust/Port     Wire Load Model       Library
  ------------------------------------------------
  System_Top         tsmc13_wl30           scmetro_tsmc_cl013g_rvt_ss_1p08v_125c

  Point                                                   Incr       Path
  --------------------------------------------------------------------------
  clock REG_CLK (rise edge)                               0.00       0.00
  clock network delay (ideal)                             0.00       0.00
  U0_RegFile/RdData_reg[0]/CK (EDFFHQX2M)                 0.00       0.00 r
  U0_RegFile/RdData_reg[0]/Q (EDFFHQX2M)                  0.38       0.38 r
  U0_RegFile/RdData[0] (RegFile)                          0.00       0.38 r
  U5/Y (CLKINVX1M)                                        0.75       1.14 f
  U6/Y (CLKINVX40M)                                      21.29      22.43 r
  RdData[0] (out)                                         0.00      22.43 r
  data arrival time                                                 22.43

  clock REG_CLK (rise edge)                             100.00     100.00
  clock network delay (ideal)                             0.00     100.00
  clock uncertainty                                      -0.20      99.80
  output external delay                                 -20.00      79.80
  data required time                                                79.80
  --------------------------------------------------------------------------
  data required time                                                79.80
  data arrival time                                                -22.43
  --------------------------------------------------------------------------
  slack (MET)                                                       57.37


  Startpoint: U0_RegFile/regArr_reg[0][7]
              (rising edge-triggered flip-flop clocked by REG_CLK)
  Endpoint: U0_RegFile/RdData_reg[7]
            (rising edge-triggered flip-flop clocked by REG_CLK)
  Path Group: REG_CLK
  Path Type: max

  Des/Clust/Port     Wire Load Model       Library
  ------------------------------------------------
  System_Top         tsmc13_wl30           scmetro_tsmc_cl013g_rvt_ss_1p08v_125c

  Point                                                   Incr       Path
  --------------------------------------------------------------------------
  clock REG_CLK (rise edge)                               0.00       0.00
  clock network delay (ideal)                             0.00       0.00
  U0_RegFile/regArr_reg[0][7]/CK (DFFRQX1M)               0.00       0.00 r
  U0_RegFile/regArr_reg[0][7]/Q (DFFRQX1M)                0.65       0.65 f
  U0_RegFile/U332/Y (INVXLM)                              0.61       1.27 r
  U0_RegFile/U333/Y (INVX6M)                              0.59       1.85 f
  U0_RegFile/U577/Y (AOI22X1M)                            0.77       2.62 r
  U0_RegFile/U576/Y (OAI221X1M)                           0.73       3.35 f
  U0_RegFile/U583/Y (AOI22X1M)                            0.82       4.17 r
  U0_RegFile/U580/Y (OAI221X1M)                           0.72       4.89 f
  U0_RegFile/RdData_reg[7]/D (EDFFHQX2M)                  0.00       4.89 f
  data arrival time                                                  4.89

  clock REG_CLK (rise edge)                             100.00     100.00
  clock network delay (ideal)                             0.00     100.00
  clock uncertainty                                      -0.20      99.80
  U0_RegFile/RdData_reg[7]/CK (EDFFHQX2M)                 0.00      99.80 r
  library setup time                                     -0.54      99.26
  data required time                                                99.26
  --------------------------------------------------------------------------
  data required time                                                99.26
  data arrival time                                                 -4.89
  --------------------------------------------------------------------------
  slack (MET)                                                       94.37


  Startpoint: U0_RegFile/regArr_reg[1][6]
              (rising edge-triggered flip-flop clocked by REG_CLK)
  Endpoint: U0_RegFile/RdData_reg[6]
            (rising edge-triggered flip-flop clocked by REG_CLK)
  Path Group: REG_CLK
  Path Type: max

  Des/Clust/Port     Wire Load Model       Library
  ------------------------------------------------
  System_Top         tsmc13_wl30           scmetro_tsmc_cl013g_rvt_ss_1p08v_125c

  Point                                                   Incr       Path
  --------------------------------------------------------------------------
  clock REG_CLK (rise edge)                               0.00       0.00
  clock network delay (ideal)                             0.00       0.00
  U0_RegFile/regArr_reg[1][6]/CK (DFFRQX1M)               0.00       0.00 r
  U0_RegFile/regArr_reg[1][6]/Q (DFFRQX1M)                0.66       0.66 f
  U0_RegFile/U325/Y (INVX2M)                              0.31       0.98 r
  U0_RegFile/U323/Y (INVX6M)                              0.48       1.46 f
  U0_RegFile/U547/Y (AOI22X1M)                            0.77       2.23 r
  U0_RegFile/U546/Y (OAI221X1M)                           0.72       2.96 f
  U0_RegFile/U575/Y (AOI22X1M)                            0.82       3.78 r
  U0_RegFile/U572/Y (OAI221X1M)                           0.72       4.50 f
  U0_RegFile/RdData_reg[6]/D (EDFFHQX2M)                  0.00       4.50 f
  data arrival time                                                  4.50

  clock REG_CLK (rise edge)                             100.00     100.00
  clock network delay (ideal)                             0.00     100.00
  clock uncertainty                                      -0.20      99.80
  U0_RegFile/RdData_reg[6]/CK (EDFFHQX2M)                 0.00      99.80 r
  library setup time                                     -0.54      99.26
  data required time                                                99.26
  --------------------------------------------------------------------------
  data required time                                                99.26
  data arrival time                                                 -4.50
  --------------------------------------------------------------------------
  slack (MET)                                                       94.76


  Startpoint: U0_RegFile/regArr_reg[1][2]
              (rising edge-triggered flip-flop clocked by REG_CLK)
  Endpoint: U0_RegFile/RdData_reg[2]
            (rising edge-triggered flip-flop clocked by REG_CLK)
  Path Group: REG_CLK
  Path Type: max

  Des/Clust/Port     Wire Load Model       Library
  ------------------------------------------------
  System_Top         tsmc13_wl30           scmetro_tsmc_cl013g_rvt_ss_1p08v_125c

  Point                                                   Incr       Path
  --------------------------------------------------------------------------
  clock REG_CLK (rise edge)                               0.00       0.00
  clock network delay (ideal)                             0.00       0.00
  U0_RegFile/regArr_reg[1][2]/CK (DFFRQX1M)               0.00       0.00 r
  U0_RegFile/regArr_reg[1][2]/Q (DFFRQX1M)                0.68       0.68 f
  U0_RegFile/U335/Y (BUFX10M)                             0.54       1.22 f
  U0_RegFile/U539/Y (AOI22X1M)                            0.77       1.99 r
  U0_RegFile/U538/Y (OAI221X1M)                           0.72       2.71 f
  U0_RegFile/U559/Y (AOI22X1M)                            0.82       3.53 r
  U0_RegFile/U556/Y (OAI221X1M)                           0.72       4.26 f
  U0_RegFile/RdData_reg[2]/D (EDFFHQX2M)                  0.00       4.26 f
  data arrival time                                                  4.26

  clock REG_CLK (rise edge)                             100.00     100.00
  clock network delay (ideal)                             0.00     100.00
  clock uncertainty                                      -0.20      99.80
  U0_RegFile/RdData_reg[2]/CK (EDFFHQX2M)                 0.00      99.80 r
  library setup time                                     -0.54      99.26
  data required time                                                99.26
  --------------------------------------------------------------------------
  data required time                                                99.26
  data arrival time                                                 -4.26
  --------------------------------------------------------------------------
  slack (MET)                                                       95.00


  Startpoint: U0_RegFile/regArr_reg[1][1]
              (rising edge-triggered flip-flop clocked by REG_CLK)
  Endpoint: U0_RegFile/RdData_reg[1]
            (rising edge-triggered flip-flop clocked by REG_CLK)
  Path Group: REG_CLK
  Path Type: max

  Des/Clust/Port     Wire Load Model       Library
  ------------------------------------------------
  System_Top         tsmc13_wl30           scmetro_tsmc_cl013g_rvt_ss_1p08v_125c

  Point                                                   Incr       Path
  --------------------------------------------------------------------------
  clock REG_CLK (rise edge)                               0.00       0.00
  clock network delay (ideal)                             0.00       0.00
  U0_RegFile/regArr_reg[1][1]/CK (DFFRQX1M)               0.00       0.00 r
  U0_RegFile/regArr_reg[1][1]/Q (DFFRQX1M)                0.68       0.68 f
  U0_RegFile/U336/Y (BUFX10M)                             0.53       1.21 f
  U0_RegFile/U537/Y (AOI22X1M)                            0.77       1.98 r
  U0_RegFile/U536/Y (OAI221X1M)                           0.72       2.71 f
  U0_RegFile/U555/Y (AOI22X1M)                            0.82       3.53 r
  U0_RegFile/U552/Y (OAI221X1M)                           0.72       4.25 f
  U0_RegFile/RdData_reg[1]/D (EDFFHQX2M)                  0.00       4.25 f
  data arrival time                                                  4.25

  clock REG_CLK (rise edge)                             100.00     100.00
  clock network delay (ideal)                             0.00     100.00
  clock uncertainty                                      -0.20      99.80
  U0_RegFile/RdData_reg[1]/CK (EDFFHQX2M)                 0.00      99.80 r
  library setup time                                     -0.54      99.26
  data required time                                                99.26
  --------------------------------------------------------------------------
  data required time                                                99.26
  data arrival time                                                 -4.25
  --------------------------------------------------------------------------
  slack (MET)                                                       95.01


  Startpoint: U0_RegFile/regArr_reg[1][0]
              (rising edge-triggered flip-flop clocked by REG_CLK)
  Endpoint: U0_RegFile/RdData_reg[0]
            (rising edge-triggered flip-flop clocked by REG_CLK)
  Path Group: REG_CLK
  Path Type: max

  Des/Clust/Port     Wire Load Model       Library
  ------------------------------------------------
  System_Top         tsmc13_wl30           scmetro_tsmc_cl013g_rvt_ss_1p08v_125c

  Point                                                   Incr       Path
  --------------------------------------------------------------------------
  clock REG_CLK (rise edge)                               0.00       0.00
  clock network delay (ideal)                             0.00       0.00
  U0_RegFile/regArr_reg[1][0]/CK (DFFRQX1M)               0.00       0.00 r
  U0_RegFile/regArr_reg[1][0]/Q (DFFRQX1M)                0.68       0.68 f
  U0_RegFile/U334/Y (BUFX10M)                             0.52       1.20 f
  U0_RegFile/U535/Y (AOI22X1M)                            0.76       1.96 r
  U0_RegFile/U534/Y (OAI221X1M)                           0.72       2.69 f
  U0_RegFile/U551/Y (AOI22X1M)                            0.82       3.51 r
  U0_RegFile/U548/Y (OAI221X1M)                           0.72       4.23 f
  U0_RegFile/RdData_reg[0]/D (EDFFHQX2M)                  0.00       4.23 f
  data arrival time                                                  4.23

  clock REG_CLK (rise edge)                             100.00     100.00
  clock network delay (ideal)                             0.00     100.00
  clock uncertainty                                      -0.20      99.80
  U0_RegFile/RdData_reg[0]/CK (EDFFHQX2M)                 0.00      99.80 r
  library setup time                                     -0.54      99.26
  data required time                                                99.26
  --------------------------------------------------------------------------
  data required time                                                99.26
  data arrival time                                                 -4.23
  --------------------------------------------------------------------------
  slack (MET)                                                       95.02


  Startpoint: U0_RegFile/regArr_reg[3][5]
              (rising edge-triggered flip-flop clocked by REG_CLK)
  Endpoint: U0_RegFile/RdData_reg[5]
            (rising edge-triggered flip-flop clocked by REG_CLK)
  Path Group: REG_CLK
  Path Type: max

  Des/Clust/Port     Wire Load Model       Library
  ------------------------------------------------
  System_Top         tsmc13_wl30           scmetro_tsmc_cl013g_rvt_ss_1p08v_125c

  Point                                                   Incr       Path
  --------------------------------------------------------------------------
  clock REG_CLK (rise edge)                               0.00       0.00
  clock network delay (ideal)                             0.00       0.00
  U0_RegFile/regArr_reg[3][5]/CK (DFFRQX1M)               0.00       0.00 r
  U0_RegFile/regArr_reg[3][5]/Q (DFFRQX1M)                0.81       0.81 f
  U0_RegFile/U545/Y (AOI22X1M)                            0.74       1.55 r
  U0_RegFile/U544/Y (OAI221X1M)                           0.72       2.27 f
  U0_RegFile/U571/Y (AOI22X1M)                            0.82       3.10 r
  U0_RegFile/U568/Y (OAI221X1M)                           0.72       3.82 f
  U0_RegFile/RdData_reg[5]/D (EDFFHQX2M)                  0.00       3.82 f
  data arrival time                                                  3.82

  clock REG_CLK (rise edge)                             100.00     100.00
  clock network delay (ideal)                             0.00     100.00
  clock uncertainty                                      -0.20      99.80
  U0_RegFile/RdData_reg[5]/CK (EDFFHQX2M)                 0.00      99.80 r
  library setup time                                     -0.54      99.26
  data required time                                                99.26
  --------------------------------------------------------------------------
  data required time                                                99.26
  data arrival time                                                 -3.82
  --------------------------------------------------------------------------
  slack (MET)                                                       95.44


  Startpoint: U0_RegFile/regArr_reg[3][4]
              (rising edge-triggered flip-flop clocked by REG_CLK)
  Endpoint: U0_RegFile/RdData_reg[4]
            (rising edge-triggered flip-flop clocked by REG_CLK)
  Path Group: REG_CLK
  Path Type: max

  Des/Clust/Port     Wire Load Model       Library
  ------------------------------------------------
  System_Top         tsmc13_wl30           scmetro_tsmc_cl013g_rvt_ss_1p08v_125c

  Point                                                   Incr       Path
  --------------------------------------------------------------------------
  clock REG_CLK (rise edge)                               0.00       0.00
  clock network delay (ideal)                             0.00       0.00
  U0_RegFile/regArr_reg[3][4]/CK (DFFRQX1M)               0.00       0.00 r
  U0_RegFile/regArr_reg[3][4]/Q (DFFRQX1M)                0.81       0.81 f
  U0_RegFile/U543/Y (AOI22X1M)                            0.74       1.55 r
  U0_RegFile/U542/Y (OAI221X1M)                           0.72       2.27 f
  U0_RegFile/U567/Y (AOI22X1M)                            0.82       3.10 r
  U0_RegFile/U564/Y (OAI221X1M)                           0.72       3.82 f
  U0_RegFile/RdData_reg[4]/D (EDFFHQX2M)                  0.00       3.82 f
  data arrival time                                                  3.82

  clock REG_CLK (rise edge)                             100.00     100.00
  clock network delay (ideal)                             0.00     100.00
  clock uncertainty                                      -0.20      99.80
  U0_RegFile/RdData_reg[4]/CK (EDFFHQX2M)                 0.00      99.80 r
  library setup time                                     -0.54      99.26
  data required time                                                99.26
  --------------------------------------------------------------------------
  data required time                                                99.26
  data arrival time                                                 -3.82
  --------------------------------------------------------------------------
  slack (MET)                                                       95.44


  Startpoint: U0_RegFile/regArr_reg[3][3]
              (rising edge-triggered flip-flop clocked by REG_CLK)
  Endpoint: U0_RegFile/RdData_reg[3]
            (rising edge-triggered flip-flop clocked by REG_CLK)
  Path Group: REG_CLK
  Path Type: max

  Des/Clust/Port     Wire Load Model       Library
  ------------------------------------------------
  System_Top         tsmc13_wl30           scmetro_tsmc_cl013g_rvt_ss_1p08v_125c

  Point                                                   Incr       Path
  --------------------------------------------------------------------------
  clock REG_CLK (rise edge)                               0.00       0.00
  clock network delay (ideal)                             0.00       0.00
  U0_RegFile/regArr_reg[3][3]/CK (DFFRQX1M)               0.00       0.00 r
  U0_RegFile/regArr_reg[3][3]/Q (DFFRQX1M)                0.81       0.81 f
  U0_RegFile/U541/Y (AOI22X1M)                            0.74       1.55 r
  U0_RegFile/U540/Y (OAI221X1M)                           0.72       2.27 f
  U0_RegFile/U563/Y (AOI22X1M)                            0.82       3.10 r
  U0_RegFile/U560/Y (OAI221X1M)                           0.72       3.82 f
  U0_RegFile/RdData_reg[3]/D (EDFFHQX2M)                  0.00       3.82 f
  data arrival time                                                  3.82

  clock REG_CLK (rise edge)                             100.00     100.00
  clock network delay (ideal)                             0.00     100.00
  clock uncertainty                                      -0.20      99.80
  U0_RegFile/RdData_reg[3]/CK (EDFFHQX2M)                 0.00      99.80 r
  library setup time                                     -0.54      99.26
  data required time                                                99.26
  --------------------------------------------------------------------------
  data required time                                                99.26
  data arrival time                                                 -3.82
  --------------------------------------------------------------------------
  slack (MET)                                                       95.44


  Startpoint: U0_RegFile/regArr_reg[0][7]
              (rising edge-triggered flip-flop clocked by REG_CLK)
  Endpoint: U0_RegFile/regArr_reg[0][7]
            (rising edge-triggered flip-flop clocked by REG_CLK)
  Path Group: REG_CLK
  Path Type: max

  Des/Clust/Port     Wire Load Model       Library
  ------------------------------------------------
  System_Top         tsmc13_wl30           scmetro_tsmc_cl013g_rvt_ss_1p08v_125c

  Point                                                   Incr       Path
  --------------------------------------------------------------------------
  clock REG_CLK (rise edge)                               0.00       0.00
  clock network delay (ideal)                             0.00       0.00
  U0_RegFile/regArr_reg[0][7]/CK (DFFRQX1M)               0.00       0.00 r
  U0_RegFile/regArr_reg[0][7]/Q (DFFRQX1M)                0.64       0.64 r
  U0_RegFile/U332/Y (INVXLM)                              0.47       1.12 f
  U0_RegFile/U333/Y (INVX6M)                              0.85       1.96 r
  U0_RegFile/U638/Y (OAI2BB2X1M)                          0.48       2.45 r
  U0_RegFile/regArr_reg[0][7]/D (DFFRQX1M)                0.00       2.45 r
  data arrival time                                                  2.45

  clock REG_CLK (rise edge)                             100.00     100.00
  clock network delay (ideal)                             0.00     100.00
  clock uncertainty                                      -0.20      99.80
  U0_RegFile/regArr_reg[0][7]/CK (DFFRQX1M)               0.00      99.80 r
  library setup time                                     -0.44      99.36
  data required time                                                99.36
  --------------------------------------------------------------------------
  data required time                                                99.36
  data arrival time                                                 -2.45
  --------------------------------------------------------------------------
  slack (MET)                                                       96.91


  Startpoint: U0_RegFile/regArr_reg[1][7]
              (rising edge-triggered flip-flop clocked by REG_CLK)
  Endpoint: U0_RegFile/regArr_reg[1][7]
            (rising edge-triggered flip-flop clocked by REG_CLK)
  Path Group: REG_CLK
  Path Type: max

  Des/Clust/Port     Wire Load Model       Library
  ------------------------------------------------
  System_Top         tsmc13_wl30           scmetro_tsmc_cl013g_rvt_ss_1p08v_125c

  Point                                                   Incr       Path
  --------------------------------------------------------------------------
  clock REG_CLK (rise edge)                               0.00       0.00
  clock network delay (ideal)                             0.00       0.00
  U0_RegFile/regArr_reg[1][7]/CK (DFFRQX2M)               0.00       0.00 r
  U0_RegFile/regArr_reg[1][7]/Q (DFFRQX2M)                0.52       0.52 r
  U0_RegFile/U330/Y (INVXLM)                              0.44       0.96 f
  U0_RegFile/U331/Y (INVX6M)                              0.84       1.80 r
  U0_RegFile/U637/Y (OAI2BB2X1M)                          0.48       2.28 r
  U0_RegFile/regArr_reg[1][7]/D (DFFRQX2M)                0.00       2.28 r
  data arrival time                                                  2.28

  clock REG_CLK (rise edge)                             100.00     100.00
  clock network delay (ideal)                             0.00     100.00
  clock uncertainty                                      -0.20      99.80
  U0_RegFile/regArr_reg[1][7]/CK (DFFRQX2M)               0.00      99.80 r
  library setup time                                     -0.42      99.38
  data required time                                                99.38
  --------------------------------------------------------------------------
  data required time                                                99.38
  data arrival time                                                 -2.28
  --------------------------------------------------------------------------
  slack (MET)                                                       97.10


  Startpoint: U0_RegFile/regArr_reg[1][6]
              (rising edge-triggered flip-flop clocked by REG_CLK)
  Endpoint: U0_RegFile/regArr_reg[1][6]
            (rising edge-triggered flip-flop clocked by REG_CLK)
  Path Group: REG_CLK
  Path Type: max

  Des/Clust/Port     Wire Load Model       Library
  ------------------------------------------------
  System_Top         tsmc13_wl30           scmetro_tsmc_cl013g_rvt_ss_1p08v_125c

  Point                                                   Incr       Path
  --------------------------------------------------------------------------
  clock REG_CLK (rise edge)                               0.00       0.00
  clock network delay (ideal)                             0.00       0.00
  U0_RegFile/regArr_reg[1][6]/CK (DFFRQX1M)               0.00       0.00 r
  U0_RegFile/regArr_reg[1][6]/Q (DFFRQX1M)                0.66       0.66 r
  U0_RegFile/U325/Y (INVX2M)                              0.25       0.90 f
  U0_RegFile/U323/Y (INVX6M)                              0.84       1.74 r
  U0_RegFile/U584/Y (OAI2BB2X1M)                          0.49       2.23 r
  U0_RegFile/regArr_reg[1][6]/D (DFFRQX1M)                0.00       2.23 r
  data arrival time                                                  2.23

  clock REG_CLK (rise edge)                             100.00     100.00
  clock network delay (ideal)                             0.00     100.00
  clock uncertainty                                      -0.20      99.80
  U0_RegFile/regArr_reg[1][6]/CK (DFFRQX1M)               0.00      99.80 r
  library setup time                                     -0.44      99.36
  data required time                                                99.36
  --------------------------------------------------------------------------
  data required time                                                99.36
  data arrival time                                                 -2.23
  --------------------------------------------------------------------------
  slack (MET)                                                       97.13


  Startpoint: U0_RegFile/regArr_reg[1][2]
              (rising edge-triggered flip-flop clocked by REG_CLK)
  Endpoint: U0_RegFile/regArr_reg[1][2]
            (rising edge-triggered flip-flop clocked by REG_CLK)
  Path Group: REG_CLK
  Path Type: max

  Des/Clust/Port     Wire Load Model       Library
  ------------------------------------------------
  System_Top         tsmc13_wl30           scmetro_tsmc_cl013g_rvt_ss_1p08v_125c

  Point                                                   Incr       Path
  --------------------------------------------------------------------------
  clock REG_CLK (rise edge)                               0.00       0.00
  clock network delay (ideal)                             0.00       0.00
  U0_RegFile/regArr_reg[1][2]/CK (DFFRQX1M)               0.00       0.00 r
  U0_RegFile/regArr_reg[1][2]/Q (DFFRQX1M)                0.68       0.68 r
  U0_RegFile/U335/Y (BUFX10M)                             0.91       1.59 r
  U0_RegFile/U586/Y (OAI2BB2X1M)                          0.49       2.08 r
  U0_RegFile/regArr_reg[1][2]/D (DFFRQX1M)                0.00       2.08 r
  data arrival time                                                  2.08

  clock REG_CLK (rise edge)                             100.00     100.00
  clock network delay (ideal)                             0.00     100.00
  clock uncertainty                                      -0.20      99.80
  U0_RegFile/regArr_reg[1][2]/CK (DFFRQX1M)               0.00      99.80 r
  library setup time                                     -0.44      99.36
  data required time                                                99.36
  --------------------------------------------------------------------------
  data required time                                                99.36
  data arrival time                                                 -2.08
  --------------------------------------------------------------------------
  slack (MET)                                                       97.28


  Startpoint: U0_RegFile/regArr_reg[1][1]
              (rising edge-triggered flip-flop clocked by REG_CLK)
  Endpoint: U0_RegFile/regArr_reg[1][1]
            (rising edge-triggered flip-flop clocked by REG_CLK)
  Path Group: REG_CLK
  Path Type: max

  Des/Clust/Port     Wire Load Model       Library
  ------------------------------------------------
  System_Top         tsmc13_wl30           scmetro_tsmc_cl013g_rvt_ss_1p08v_125c

  Point                                                   Incr       Path
  --------------------------------------------------------------------------
  clock REG_CLK (rise edge)                               0.00       0.00
  clock network delay (ideal)                             0.00       0.00
  U0_RegFile/regArr_reg[1][1]/CK (DFFRQX1M)               0.00       0.00 r
  U0_RegFile/regArr_reg[1][1]/Q (DFFRQX1M)                0.68       0.68 r
  U0_RegFile/U336/Y (BUFX10M)                             0.90       1.58 r
  U0_RegFile/U587/Y (OAI2BB2X1M)                          0.49       2.07 r
  U0_RegFile/regArr_reg[1][1]/D (DFFRQX1M)                0.00       2.07 r
  data arrival time                                                  2.07

  clock REG_CLK (rise edge)                             100.00     100.00
  clock network delay (ideal)                             0.00     100.00
  clock uncertainty                                      -0.20      99.80
  U0_RegFile/regArr_reg[1][1]/CK (DFFRQX1M)               0.00      99.80 r
  library setup time                                     -0.44      99.36
  data required time                                                99.36
  --------------------------------------------------------------------------
  data required time                                                99.36
  data arrival time                                                 -2.07
  --------------------------------------------------------------------------
  slack (MET)                                                       97.29


  Startpoint: U0_RegFile/regArr_reg[1][0]
              (rising edge-triggered flip-flop clocked by REG_CLK)
  Endpoint: U0_RegFile/regArr_reg[1][0]
            (rising edge-triggered flip-flop clocked by REG_CLK)
  Path Group: REG_CLK
  Path Type: max

  Des/Clust/Port     Wire Load Model       Library
  ------------------------------------------------
  System_Top         tsmc13_wl30           scmetro_tsmc_cl013g_rvt_ss_1p08v_125c

  Point                                                   Incr       Path
  --------------------------------------------------------------------------
  clock REG_CLK (rise edge)                               0.00       0.00
  clock network delay (ideal)                             0.00       0.00
  U0_RegFile/regArr_reg[1][0]/CK (DFFRQX1M)               0.00       0.00 r
  U0_RegFile/regArr_reg[1][0]/Q (DFFRQX1M)                0.68       0.68 r
  U0_RegFile/U334/Y (BUFX10M)                             0.87       1.55 r
  U0_RegFile/U585/Y (OAI2BB2X1M)                          0.49       2.03 r
  U0_RegFile/regArr_reg[1][0]/D (DFFRQX1M)                0.00       2.03 r
  data arrival time                                                  2.03

  clock REG_CLK (rise edge)                             100.00     100.00
  clock network delay (ideal)                             0.00     100.00
  clock uncertainty                                      -0.20      99.80
  U0_RegFile/regArr_reg[1][0]/CK (DFFRQX1M)               0.00      99.80 r
  library setup time                                     -0.44      99.36
  data required time                                                99.36
  --------------------------------------------------------------------------
  data required time                                                99.36
  data arrival time                                                 -2.03
  --------------------------------------------------------------------------
  slack (MET)                                                       97.32


  Startpoint: U0_RegFile/regArr_reg[6][3]
              (rising edge-triggered flip-flop clocked by REG_CLK)
  Endpoint: U0_RegFile/regArr_reg[6][3]
            (rising edge-triggered flip-flop clocked by REG_CLK)
  Path Group: REG_CLK
  Path Type: max

  Des/Clust/Port     Wire Load Model       Library
  ------------------------------------------------
  System_Top         tsmc13_wl30           scmetro_tsmc_cl013g_rvt_ss_1p08v_125c

  Point                                                   Incr       Path
  --------------------------------------------------------------------------
  clock REG_CLK (rise edge)                               0.00       0.00
  clock network delay (ideal)                             0.00       0.00
  U0_RegFile/regArr_reg[6][3]/CK (DFFRQX1M)               0.00       0.00 r
  U0_RegFile/regArr_reg[6][3]/Q (DFFRQX1M)                0.66       0.66 r
  U0_RegFile/U713/Y (INVX2M)                              0.32       0.97 f
  U0_RegFile/U463/Y (OAI22X1M)                            0.69       1.67 r
  U0_RegFile/regArr_reg[6][3]/D (DFFRQX1M)                0.00       1.67 r
  data arrival time                                                  1.67

  clock REG_CLK (rise edge)                             100.00     100.00
  clock network delay (ideal)                             0.00     100.00
  clock uncertainty                                      -0.20      99.80
  U0_RegFile/regArr_reg[6][3]/CK (DFFRQX1M)               0.00      99.80 r
  library setup time                                     -0.46      99.34
  data required time                                                99.34
  --------------------------------------------------------------------------
  data required time                                                99.34
  data arrival time                                                 -1.67
  --------------------------------------------------------------------------
  slack (MET)                                                       97.67


  Startpoint: U0_RegFile/regArr_reg[6][2]
              (rising edge-triggered flip-flop clocked by REG_CLK)
  Endpoint: U0_RegFile/regArr_reg[6][2]
            (rising edge-triggered flip-flop clocked by REG_CLK)
  Path Group: REG_CLK
  Path Type: max

  Des/Clust/Port     Wire Load Model       Library
  ------------------------------------------------
  System_Top         tsmc13_wl30           scmetro_tsmc_cl013g_rvt_ss_1p08v_125c

  Point                                                   Incr       Path
  --------------------------------------------------------------------------
  clock REG_CLK (rise edge)                               0.00       0.00
  clock network delay (ideal)                             0.00       0.00
  U0_RegFile/regArr_reg[6][2]/CK (DFFRQX1M)               0.00       0.00 r
  U0_RegFile/regArr_reg[6][2]/Q (DFFRQX1M)                0.66       0.66 r
  U0_RegFile/U711/Y (INVX2M)                              0.32       0.97 f
  U0_RegFile/U462/Y (OAI22X1M)                            0.69       1.67 r
  U0_RegFile/regArr_reg[6][2]/D (DFFRQX1M)                0.00       1.67 r
  data arrival time                                                  1.67

  clock REG_CLK (rise edge)                             100.00     100.00
  clock network delay (ideal)                             0.00     100.00
  clock uncertainty                                      -0.20      99.80
  U0_RegFile/regArr_reg[6][2]/CK (DFFRQX1M)               0.00      99.80 r
  library setup time                                     -0.46      99.34
  data required time                                                99.34
  --------------------------------------------------------------------------
  data required time                                                99.34
  data arrival time                                                 -1.67
  --------------------------------------------------------------------------
  slack (MET)                                                       97.67


  Startpoint: U0_RegFile/regArr_reg[6][1]
              (rising edge-triggered flip-flop clocked by REG_CLK)
  Endpoint: U0_RegFile/regArr_reg[6][1]
            (rising edge-triggered flip-flop clocked by REG_CLK)
  Path Group: REG_CLK
  Path Type: max

  Des/Clust/Port     Wire Load Model       Library
  ------------------------------------------------
  System_Top         tsmc13_wl30           scmetro_tsmc_cl013g_rvt_ss_1p08v_125c

  Point                                                   Incr       Path
  --------------------------------------------------------------------------
  clock REG_CLK (rise edge)                               0.00       0.00
  clock network delay (ideal)                             0.00       0.00
  U0_RegFile/regArr_reg[6][1]/CK (DFFRQX1M)               0.00       0.00 r
  U0_RegFile/regArr_reg[6][1]/Q (DFFRQX1M)                0.66       0.66 r
  U0_RegFile/U709/Y (INVX2M)                              0.32       0.97 f
  U0_RegFile/U461/Y (OAI22X1M)                            0.69       1.67 r
  U0_RegFile/regArr_reg[6][1]/D (DFFRQX1M)                0.00       1.67 r
  data arrival time                                                  1.67

  clock REG_CLK (rise edge)                             100.00     100.00
  clock network delay (ideal)                             0.00     100.00
  clock uncertainty                                      -0.20      99.80
  U0_RegFile/regArr_reg[6][1]/CK (DFFRQX1M)               0.00      99.80 r
  library setup time                                     -0.46      99.34
  data required time                                                99.34
  --------------------------------------------------------------------------
  data required time                                                99.34
  data arrival time                                                 -1.67
  --------------------------------------------------------------------------
  slack (MET)                                                       97.67


  Startpoint: U0_RegFile/regArr_reg[6][0]
              (rising edge-triggered flip-flop clocked by REG_CLK)
  Endpoint: U0_RegFile/regArr_reg[6][0]
            (rising edge-triggered flip-flop clocked by REG_CLK)
  Path Group: REG_CLK
  Path Type: max

  Des/Clust/Port     Wire Load Model       Library
  ------------------------------------------------
  System_Top         tsmc13_wl30           scmetro_tsmc_cl013g_rvt_ss_1p08v_125c

  Point                                                   Incr       Path
  --------------------------------------------------------------------------
  clock REG_CLK (rise edge)                               0.00       0.00
  clock network delay (ideal)                             0.00       0.00
  U0_RegFile/regArr_reg[6][0]/CK (DFFRQX1M)               0.00       0.00 r
  U0_RegFile/regArr_reg[6][0]/Q (DFFRQX1M)                0.66       0.66 r
  U0_RegFile/U707/Y (INVX2M)                              0.32       0.97 f
  U0_RegFile/U460/Y (OAI22X1M)                            0.69       1.67 r
  U0_RegFile/regArr_reg[6][0]/D (DFFRQX1M)                0.00       1.67 r
  data arrival time                                                  1.67

  clock REG_CLK (rise edge)                             100.00     100.00
  clock network delay (ideal)                             0.00     100.00
  clock uncertainty                                      -0.20      99.80
  U0_RegFile/regArr_reg[6][0]/CK (DFFRQX1M)               0.00      99.80 r
  library setup time                                     -0.46      99.34
  data required time                                                99.34
  --------------------------------------------------------------------------
  data required time                                                99.34
  data arrival time                                                 -1.67
  --------------------------------------------------------------------------
  slack (MET)                                                       97.67


  Startpoint: U0_RegFile/regArr_reg[4][7]
              (rising edge-triggered flip-flop clocked by REG_CLK)
  Endpoint: U0_RegFile/regArr_reg[4][7]
            (rising edge-triggered flip-flop clocked by REG_CLK)
  Path Group: REG_CLK
  Path Type: max

  Des/Clust/Port     Wire Load Model       Library
  ------------------------------------------------
  System_Top         tsmc13_wl30           scmetro_tsmc_cl013g_rvt_ss_1p08v_125c

  Point                                                   Incr       Path
  --------------------------------------------------------------------------
  clock REG_CLK (rise edge)                               0.00       0.00
  clock network delay (ideal)                             0.00       0.00
  U0_RegFile/regArr_reg[4][7]/CK (DFFRQX1M)               0.00       0.00 r
  U0_RegFile/regArr_reg[4][7]/Q (DFFRQX1M)                0.66       0.66 r
  U0_RegFile/U705/Y (INVX2M)                              0.32       0.97 f
  U0_RegFile/U459/Y (OAI22X1M)                            0.69       1.67 r
  U0_RegFile/regArr_reg[4][7]/D (DFFRQX1M)                0.00       1.67 r
  data arrival time                                                  1.67

  clock REG_CLK (rise edge)                             100.00     100.00
  clock network delay (ideal)                             0.00     100.00
  clock uncertainty                                      -0.20      99.80
  U0_RegFile/regArr_reg[4][7]/CK (DFFRQX1M)               0.00      99.80 r
  library setup time                                     -0.46      99.34
  data required time                                                99.34
  --------------------------------------------------------------------------
  data required time                                                99.34
  data arrival time                                                 -1.67
  --------------------------------------------------------------------------
  slack (MET)                                                       97.67


  Startpoint: U0_RegFile/regArr_reg[4][6]
              (rising edge-triggered flip-flop clocked by REG_CLK)
  Endpoint: U0_RegFile/regArr_reg[4][6]
            (rising edge-triggered flip-flop clocked by REG_CLK)
  Path Group: REG_CLK
  Path Type: max

  Des/Clust/Port     Wire Load Model       Library
  ------------------------------------------------
  System_Top         tsmc13_wl30           scmetro_tsmc_cl013g_rvt_ss_1p08v_125c

  Point                                                   Incr       Path
  --------------------------------------------------------------------------
  clock REG_CLK (rise edge)                               0.00       0.00
  clock network delay (ideal)                             0.00       0.00
  U0_RegFile/regArr_reg[4][6]/CK (DFFRQX1M)               0.00       0.00 r
  U0_RegFile/regArr_reg[4][6]/Q (DFFRQX1M)                0.66       0.66 r
  U0_RegFile/U703/Y (INVX2M)                              0.32       0.97 f
  U0_RegFile/U458/Y (OAI22X1M)                            0.69       1.67 r
  U0_RegFile/regArr_reg[4][6]/D (DFFRQX1M)                0.00       1.67 r
  data arrival time                                                  1.67

  clock REG_CLK (rise edge)                             100.00     100.00
  clock network delay (ideal)                             0.00     100.00
  clock uncertainty                                      -0.20      99.80
  U0_RegFile/regArr_reg[4][6]/CK (DFFRQX1M)               0.00      99.80 r
  library setup time                                     -0.46      99.34
  data required time                                                99.34
  --------------------------------------------------------------------------
  data required time                                                99.34
  data arrival time                                                 -1.67
  --------------------------------------------------------------------------
  slack (MET)                                                       97.67


  Startpoint: U0_RegFile/regArr_reg[4][5]
              (rising edge-triggered flip-flop clocked by REG_CLK)
  Endpoint: U0_RegFile/regArr_reg[4][5]
            (rising edge-triggered flip-flop clocked by REG_CLK)
  Path Group: REG_CLK
  Path Type: max

  Des/Clust/Port     Wire Load Model       Library
  ------------------------------------------------
  System_Top         tsmc13_wl30           scmetro_tsmc_cl013g_rvt_ss_1p08v_125c

  Point                                                   Incr       Path
  --------------------------------------------------------------------------
  clock REG_CLK (rise edge)                               0.00       0.00
  clock network delay (ideal)                             0.00       0.00
  U0_RegFile/regArr_reg[4][5]/CK (DFFRQX1M)               0.00       0.00 r
  U0_RegFile/regArr_reg[4][5]/Q (DFFRQX1M)                0.66       0.66 r
  U0_RegFile/U701/Y (INVX2M)                              0.32       0.97 f
  U0_RegFile/U457/Y (OAI22X1M)                            0.69       1.67 r
  U0_RegFile/regArr_reg[4][5]/D (DFFRQX1M)                0.00       1.67 r
  data arrival time                                                  1.67

  clock REG_CLK (rise edge)                             100.00     100.00
  clock network delay (ideal)                             0.00     100.00
  clock uncertainty                                      -0.20      99.80
  U0_RegFile/regArr_reg[4][5]/CK (DFFRQX1M)               0.00      99.80 r
  library setup time                                     -0.46      99.34
  data required time                                                99.34
  --------------------------------------------------------------------------
  data required time                                                99.34
  data arrival time                                                 -1.67
  --------------------------------------------------------------------------
  slack (MET)                                                       97.67


  Startpoint: U0_RegFile/regArr_reg[4][4]
              (rising edge-triggered flip-flop clocked by REG_CLK)
  Endpoint: U0_RegFile/regArr_reg[4][4]
            (rising edge-triggered flip-flop clocked by REG_CLK)
  Path Group: REG_CLK
  Path Type: max

  Des/Clust/Port     Wire Load Model       Library
  ------------------------------------------------
  System_Top         tsmc13_wl30           scmetro_tsmc_cl013g_rvt_ss_1p08v_125c

  Point                                                   Incr       Path
  --------------------------------------------------------------------------
  clock REG_CLK (rise edge)                               0.00       0.00
  clock network delay (ideal)                             0.00       0.00
  U0_RegFile/regArr_reg[4][4]/CK (DFFRQX1M)               0.00       0.00 r
  U0_RegFile/regArr_reg[4][4]/Q (DFFRQX1M)                0.66       0.66 r
  U0_RegFile/U699/Y (INVX2M)                              0.32       0.97 f
  U0_RegFile/U456/Y (OAI22X1M)                            0.69       1.67 r
  U0_RegFile/regArr_reg[4][4]/D (DFFRQX1M)                0.00       1.67 r
  data arrival time                                                  1.67

  clock REG_CLK (rise edge)                             100.00     100.00
  clock network delay (ideal)                             0.00     100.00
  clock uncertainty                                      -0.20      99.80
  U0_RegFile/regArr_reg[4][4]/CK (DFFRQX1M)               0.00      99.80 r
  library setup time                                     -0.46      99.34
  data required time                                                99.34
  --------------------------------------------------------------------------
  data required time                                                99.34
  data arrival time                                                 -1.67
  --------------------------------------------------------------------------
  slack (MET)                                                       97.67


  Startpoint: U0_RegFile/regArr_reg[4][3]
              (rising edge-triggered flip-flop clocked by REG_CLK)
  Endpoint: U0_RegFile/regArr_reg[4][3]
            (rising edge-triggered flip-flop clocked by REG_CLK)
  Path Group: REG_CLK
  Path Type: max

  Des/Clust/Port     Wire Load Model       Library
  ------------------------------------------------
  System_Top         tsmc13_wl30           scmetro_tsmc_cl013g_rvt_ss_1p08v_125c

  Point                                                   Incr       Path
  --------------------------------------------------------------------------
  clock REG_CLK (rise edge)                               0.00       0.00
  clock network delay (ideal)                             0.00       0.00
  U0_RegFile/regArr_reg[4][3]/CK (DFFRQX1M)               0.00       0.00 r
  U0_RegFile/regArr_reg[4][3]/Q (DFFRQX1M)                0.66       0.66 r
  U0_RegFile/U697/Y (INVX2M)                              0.32       0.97 f
  U0_RegFile/U455/Y (OAI22X1M)                            0.69       1.67 r
  U0_RegFile/regArr_reg[4][3]/D (DFFRQX1M)                0.00       1.67 r
  data arrival time                                                  1.67

  clock REG_CLK (rise edge)                             100.00     100.00
  clock network delay (ideal)                             0.00     100.00
  clock uncertainty                                      -0.20      99.80
  U0_RegFile/regArr_reg[4][3]/CK (DFFRQX1M)               0.00      99.80 r
  library setup time                                     -0.46      99.34
  data required time                                                99.34
  --------------------------------------------------------------------------
  data required time                                                99.34
  data arrival time                                                 -1.67
  --------------------------------------------------------------------------
  slack (MET)                                                       97.67


  Startpoint: U0_RegFile/regArr_reg[4][2]
              (rising edge-triggered flip-flop clocked by REG_CLK)
  Endpoint: U0_RegFile/regArr_reg[4][2]
            (rising edge-triggered flip-flop clocked by REG_CLK)
  Path Group: REG_CLK
  Path Type: max

  Des/Clust/Port     Wire Load Model       Library
  ------------------------------------------------
  System_Top         tsmc13_wl30           scmetro_tsmc_cl013g_rvt_ss_1p08v_125c

  Point                                                   Incr       Path
  --------------------------------------------------------------------------
  clock REG_CLK (rise edge)                               0.00       0.00
  clock network delay (ideal)                             0.00       0.00
  U0_RegFile/regArr_reg[4][2]/CK (DFFRQX1M)               0.00       0.00 r
  U0_RegFile/regArr_reg[4][2]/Q (DFFRQX1M)                0.66       0.66 r
  U0_RegFile/U695/Y (INVX2M)                              0.32       0.97 f
  U0_RegFile/U454/Y (OAI22X1M)                            0.69       1.67 r
  U0_RegFile/regArr_reg[4][2]/D (DFFRQX1M)                0.00       1.67 r
  data arrival time                                                  1.67

  clock REG_CLK (rise edge)                             100.00     100.00
  clock network delay (ideal)                             0.00     100.00
  clock uncertainty                                      -0.20      99.80
  U0_RegFile/regArr_reg[4][2]/CK (DFFRQX1M)               0.00      99.80 r
  library setup time                                     -0.46      99.34
  data required time                                                99.34
  --------------------------------------------------------------------------
  data required time                                                99.34
  data arrival time                                                 -1.67
  --------------------------------------------------------------------------
  slack (MET)                                                       97.67


  Startpoint: U0_RegFile/regArr_reg[4][1]
              (rising edge-triggered flip-flop clocked by REG_CLK)
  Endpoint: U0_RegFile/regArr_reg[4][1]
            (rising edge-triggered flip-flop clocked by REG_CLK)
  Path Group: REG_CLK
  Path Type: max

  Des/Clust/Port     Wire Load Model       Library
  ------------------------------------------------
  System_Top         tsmc13_wl30           scmetro_tsmc_cl013g_rvt_ss_1p08v_125c

  Point                                                   Incr       Path
  --------------------------------------------------------------------------
  clock REG_CLK (rise edge)                               0.00       0.00
  clock network delay (ideal)                             0.00       0.00
  U0_RegFile/regArr_reg[4][1]/CK (DFFRQX1M)               0.00       0.00 r
  U0_RegFile/regArr_reg[4][1]/Q (DFFRQX1M)                0.66       0.66 r
  U0_RegFile/U693/Y (INVX2M)                              0.32       0.97 f
  U0_RegFile/U453/Y (OAI22X1M)                            0.69       1.67 r
  U0_RegFile/regArr_reg[4][1]/D (DFFRQX1M)                0.00       1.67 r
  data arrival time                                                  1.67

  clock REG_CLK (rise edge)                             100.00     100.00
  clock network delay (ideal)                             0.00     100.00
  clock uncertainty                                      -0.20      99.80
  U0_RegFile/regArr_reg[4][1]/CK (DFFRQX1M)               0.00      99.80 r
  library setup time                                     -0.46      99.34
  data required time                                                99.34
  --------------------------------------------------------------------------
  data required time                                                99.34
  data arrival time                                                 -1.67
  --------------------------------------------------------------------------
  slack (MET)                                                       97.67


  Startpoint: U0_RegFile/regArr_reg[4][0]
              (rising edge-triggered flip-flop clocked by REG_CLK)
  Endpoint: U0_RegFile/regArr_reg[4][0]
            (rising edge-triggered flip-flop clocked by REG_CLK)
  Path Group: REG_CLK
  Path Type: max

  Des/Clust/Port     Wire Load Model       Library
  ------------------------------------------------
  System_Top         tsmc13_wl30           scmetro_tsmc_cl013g_rvt_ss_1p08v_125c

  Point                                                   Incr       Path
  --------------------------------------------------------------------------
  clock REG_CLK (rise edge)                               0.00       0.00
  clock network delay (ideal)                             0.00       0.00
  U0_RegFile/regArr_reg[4][0]/CK (DFFRQX1M)               0.00       0.00 r
  U0_RegFile/regArr_reg[4][0]/Q (DFFRQX1M)                0.66       0.66 r
  U0_RegFile/U691/Y (INVX2M)                              0.32       0.97 f
  U0_RegFile/U452/Y (OAI22X1M)                            0.69       1.67 r
  U0_RegFile/regArr_reg[4][0]/D (DFFRQX1M)                0.00       1.67 r
  data arrival time                                                  1.67

  clock REG_CLK (rise edge)                             100.00     100.00
  clock network delay (ideal)                             0.00     100.00
  clock uncertainty                                      -0.20      99.80
  U0_RegFile/regArr_reg[4][0]/CK (DFFRQX1M)               0.00      99.80 r
  library setup time                                     -0.46      99.34
  data required time                                                99.34
  --------------------------------------------------------------------------
  data required time                                                99.34
  data arrival time                                                 -1.67
  --------------------------------------------------------------------------
  slack (MET)                                                       97.67


  Startpoint: U0_RegFile/regArr_reg[5][7]
              (rising edge-triggered flip-flop clocked by REG_CLK)
  Endpoint: U0_RegFile/regArr_reg[5][7]
            (rising edge-triggered flip-flop clocked by REG_CLK)
  Path Group: REG_CLK
  Path Type: max

  Des/Clust/Port     Wire Load Model       Library
  ------------------------------------------------
  System_Top         tsmc13_wl30           scmetro_tsmc_cl013g_rvt_ss_1p08v_125c

  Point                                                   Incr       Path
  --------------------------------------------------------------------------
  clock REG_CLK (rise edge)                               0.00       0.00
  clock network delay (ideal)                             0.00       0.00
  U0_RegFile/regArr_reg[5][7]/CK (DFFRQX1M)               0.00       0.00 r
  U0_RegFile/regArr_reg[5][7]/Q (DFFRQX1M)                0.66       0.66 r
  U0_RegFile/U704/Y (INVX2M)                              0.32       0.97 f
  U0_RegFile/U451/Y (OAI22X1M)                            0.69       1.67 r
  U0_RegFile/regArr_reg[5][7]/D (DFFRQX1M)                0.00       1.67 r
  data arrival time                                                  1.67

  clock REG_CLK (rise edge)                             100.00     100.00
  clock network delay (ideal)                             0.00     100.00
  clock uncertainty                                      -0.20      99.80
  U0_RegFile/regArr_reg[5][7]/CK (DFFRQX1M)               0.00      99.80 r
  library setup time                                     -0.46      99.34
  data required time                                                99.34
  --------------------------------------------------------------------------
  data required time                                                99.34
  data arrival time                                                 -1.67
  --------------------------------------------------------------------------
  slack (MET)                                                       97.67


  Startpoint: U0_RegFile/regArr_reg[5][6]
              (rising edge-triggered flip-flop clocked by REG_CLK)
  Endpoint: U0_RegFile/regArr_reg[5][6]
            (rising edge-triggered flip-flop clocked by REG_CLK)
  Path Group: REG_CLK
  Path Type: max

  Des/Clust/Port     Wire Load Model       Library
  ------------------------------------------------
  System_Top         tsmc13_wl30           scmetro_tsmc_cl013g_rvt_ss_1p08v_125c

  Point                                                   Incr       Path
  --------------------------------------------------------------------------
  clock REG_CLK (rise edge)                               0.00       0.00
  clock network delay (ideal)                             0.00       0.00
  U0_RegFile/regArr_reg[5][6]/CK (DFFRQX1M)               0.00       0.00 r
  U0_RegFile/regArr_reg[5][6]/Q (DFFRQX1M)                0.66       0.66 r
  U0_RegFile/U702/Y (INVX2M)                              0.32       0.97 f
  U0_RegFile/U450/Y (OAI22X1M)                            0.69       1.67 r
  U0_RegFile/regArr_reg[5][6]/D (DFFRQX1M)                0.00       1.67 r
  data arrival time                                                  1.67

  clock REG_CLK (rise edge)                             100.00     100.00
  clock network delay (ideal)                             0.00     100.00
  clock uncertainty                                      -0.20      99.80
  U0_RegFile/regArr_reg[5][6]/CK (DFFRQX1M)               0.00      99.80 r
  library setup time                                     -0.46      99.34
  data required time                                                99.34
  --------------------------------------------------------------------------
  data required time                                                99.34
  data arrival time                                                 -1.67
  --------------------------------------------------------------------------
  slack (MET)                                                       97.67


  Startpoint: U0_RegFile/regArr_reg[5][5]
              (rising edge-triggered flip-flop clocked by REG_CLK)
  Endpoint: U0_RegFile/regArr_reg[5][5]
            (rising edge-triggered flip-flop clocked by REG_CLK)
  Path Group: REG_CLK
  Path Type: max

  Des/Clust/Port     Wire Load Model       Library
  ------------------------------------------------
  System_Top         tsmc13_wl30           scmetro_tsmc_cl013g_rvt_ss_1p08v_125c

  Point                                                   Incr       Path
  --------------------------------------------------------------------------
  clock REG_CLK (rise edge)                               0.00       0.00
  clock network delay (ideal)                             0.00       0.00
  U0_RegFile/regArr_reg[5][5]/CK (DFFRQX1M)               0.00       0.00 r
  U0_RegFile/regArr_reg[5][5]/Q (DFFRQX1M)                0.66       0.66 r
  U0_RegFile/U700/Y (INVX2M)                              0.32       0.97 f
  U0_RegFile/U449/Y (OAI22X1M)                            0.69       1.67 r
  U0_RegFile/regArr_reg[5][5]/D (DFFRQX1M)                0.00       1.67 r
  data arrival time                                                  1.67

  clock REG_CLK (rise edge)                             100.00     100.00
  clock network delay (ideal)                             0.00     100.00
  clock uncertainty                                      -0.20      99.80
  U0_RegFile/regArr_reg[5][5]/CK (DFFRQX1M)               0.00      99.80 r
  library setup time                                     -0.46      99.34
  data required time                                                99.34
  --------------------------------------------------------------------------
  data required time                                                99.34
  data arrival time                                                 -1.67
  --------------------------------------------------------------------------
  slack (MET)                                                       97.67


  Startpoint: U0_RegFile/regArr_reg[5][4]
              (rising edge-triggered flip-flop clocked by REG_CLK)
  Endpoint: U0_RegFile/regArr_reg[5][4]
            (rising edge-triggered flip-flop clocked by REG_CLK)
  Path Group: REG_CLK
  Path Type: max

  Des/Clust/Port     Wire Load Model       Library
  ------------------------------------------------
  System_Top         tsmc13_wl30           scmetro_tsmc_cl013g_rvt_ss_1p08v_125c

  Point                                                   Incr       Path
  --------------------------------------------------------------------------
  clock REG_CLK (rise edge)                               0.00       0.00
  clock network delay (ideal)                             0.00       0.00
  U0_RegFile/regArr_reg[5][4]/CK (DFFRQX1M)               0.00       0.00 r
  U0_RegFile/regArr_reg[5][4]/Q (DFFRQX1M)                0.66       0.66 r
  U0_RegFile/U698/Y (INVX2M)                              0.32       0.97 f
  U0_RegFile/U448/Y (OAI22X1M)                            0.69       1.67 r
  U0_RegFile/regArr_reg[5][4]/D (DFFRQX1M)                0.00       1.67 r
  data arrival time                                                  1.67

  clock REG_CLK (rise edge)                             100.00     100.00
  clock network delay (ideal)                             0.00     100.00
  clock uncertainty                                      -0.20      99.80
  U0_RegFile/regArr_reg[5][4]/CK (DFFRQX1M)               0.00      99.80 r
  library setup time                                     -0.46      99.34
  data required time                                                99.34
  --------------------------------------------------------------------------
  data required time                                                99.34
  data arrival time                                                 -1.67
  --------------------------------------------------------------------------
  slack (MET)                                                       97.67


  Startpoint: U0_RegFile/regArr_reg[5][3]
              (rising edge-triggered flip-flop clocked by REG_CLK)
  Endpoint: U0_RegFile/regArr_reg[5][3]
            (rising edge-triggered flip-flop clocked by REG_CLK)
  Path Group: REG_CLK
  Path Type: max

  Des/Clust/Port     Wire Load Model       Library
  ------------------------------------------------
  System_Top         tsmc13_wl30           scmetro_tsmc_cl013g_rvt_ss_1p08v_125c

  Point                                                   Incr       Path
  --------------------------------------------------------------------------
  clock REG_CLK (rise edge)                               0.00       0.00
  clock network delay (ideal)                             0.00       0.00
  U0_RegFile/regArr_reg[5][3]/CK (DFFRQX1M)               0.00       0.00 r
  U0_RegFile/regArr_reg[5][3]/Q (DFFRQX1M)                0.66       0.66 r
  U0_RegFile/U696/Y (INVX2M)                              0.32       0.97 f
  U0_RegFile/U447/Y (OAI22X1M)                            0.69       1.67 r
  U0_RegFile/regArr_reg[5][3]/D (DFFRQX1M)                0.00       1.67 r
  data arrival time                                                  1.67

  clock REG_CLK (rise edge)                             100.00     100.00
  clock network delay (ideal)                             0.00     100.00
  clock uncertainty                                      -0.20      99.80
  U0_RegFile/regArr_reg[5][3]/CK (DFFRQX1M)               0.00      99.80 r
  library setup time                                     -0.46      99.34
  data required time                                                99.34
  --------------------------------------------------------------------------
  data required time                                                99.34
  data arrival time                                                 -1.67
  --------------------------------------------------------------------------
  slack (MET)                                                       97.67


  Startpoint: U0_RegFile/regArr_reg[5][2]
              (rising edge-triggered flip-flop clocked by REG_CLK)
  Endpoint: U0_RegFile/regArr_reg[5][2]
            (rising edge-triggered flip-flop clocked by REG_CLK)
  Path Group: REG_CLK
  Path Type: max

  Des/Clust/Port     Wire Load Model       Library
  ------------------------------------------------
  System_Top         tsmc13_wl30           scmetro_tsmc_cl013g_rvt_ss_1p08v_125c

  Point                                                   Incr       Path
  --------------------------------------------------------------------------
  clock REG_CLK (rise edge)                               0.00       0.00
  clock network delay (ideal)                             0.00       0.00
  U0_RegFile/regArr_reg[5][2]/CK (DFFRQX1M)               0.00       0.00 r
  U0_RegFile/regArr_reg[5][2]/Q (DFFRQX1M)                0.66       0.66 r
  U0_RegFile/U694/Y (INVX2M)                              0.32       0.97 f
  U0_RegFile/U446/Y (OAI22X1M)                            0.69       1.67 r
  U0_RegFile/regArr_reg[5][2]/D (DFFRQX1M)                0.00       1.67 r
  data arrival time                                                  1.67

  clock REG_CLK (rise edge)                             100.00     100.00
  clock network delay (ideal)                             0.00     100.00
  clock uncertainty                                      -0.20      99.80
  U0_RegFile/regArr_reg[5][2]/CK (DFFRQX1M)               0.00      99.80 r
  library setup time                                     -0.46      99.34
  data required time                                                99.34
  --------------------------------------------------------------------------
  data required time                                                99.34
  data arrival time                                                 -1.67
  --------------------------------------------------------------------------
  slack (MET)                                                       97.67


  Startpoint: U0_RegFile/regArr_reg[5][1]
              (rising edge-triggered flip-flop clocked by REG_CLK)
  Endpoint: U0_RegFile/regArr_reg[5][1]
            (rising edge-triggered flip-flop clocked by REG_CLK)
  Path Group: REG_CLK
  Path Type: max

  Des/Clust/Port     Wire Load Model       Library
  ------------------------------------------------
  System_Top         tsmc13_wl30           scmetro_tsmc_cl013g_rvt_ss_1p08v_125c

  Point                                                   Incr       Path
  --------------------------------------------------------------------------
  clock REG_CLK (rise edge)                               0.00       0.00
  clock network delay (ideal)                             0.00       0.00
  U0_RegFile/regArr_reg[5][1]/CK (DFFRQX1M)               0.00       0.00 r
  U0_RegFile/regArr_reg[5][1]/Q (DFFRQX1M)                0.66       0.66 r
  U0_RegFile/U692/Y (INVX2M)                              0.32       0.97 f
  U0_RegFile/U445/Y (OAI22X1M)                            0.69       1.67 r
  U0_RegFile/regArr_reg[5][1]/D (DFFRQX1M)                0.00       1.67 r
  data arrival time                                                  1.67

  clock REG_CLK (rise edge)                             100.00     100.00
  clock network delay (ideal)                             0.00     100.00
  clock uncertainty                                      -0.20      99.80
  U0_RegFile/regArr_reg[5][1]/CK (DFFRQX1M)               0.00      99.80 r
  library setup time                                     -0.46      99.34
  data required time                                                99.34
  --------------------------------------------------------------------------
  data required time                                                99.34
  data arrival time                                                 -1.67
  --------------------------------------------------------------------------
  slack (MET)                                                       97.67


  Startpoint: U0_RegFile/regArr_reg[5][0]
              (rising edge-triggered flip-flop clocked by REG_CLK)
  Endpoint: U0_RegFile/regArr_reg[5][0]
            (rising edge-triggered flip-flop clocked by REG_CLK)
  Path Group: REG_CLK
  Path Type: max

  Des/Clust/Port     Wire Load Model       Library
  ------------------------------------------------
  System_Top         tsmc13_wl30           scmetro_tsmc_cl013g_rvt_ss_1p08v_125c

  Point                                                   Incr       Path
  --------------------------------------------------------------------------
  clock REG_CLK (rise edge)                               0.00       0.00
  clock network delay (ideal)                             0.00       0.00
  U0_RegFile/regArr_reg[5][0]/CK (DFFRQX1M)               0.00       0.00 r
  U0_RegFile/regArr_reg[5][0]/Q (DFFRQX1M)                0.66       0.66 r
  U0_RegFile/U690/Y (INVX2M)                              0.32       0.97 f
  U0_RegFile/U444/Y (OAI22X1M)                            0.69       1.67 r
  U0_RegFile/regArr_reg[5][0]/D (DFFRQX1M)                0.00       1.67 r
  data arrival time                                                  1.67

  clock REG_CLK (rise edge)                             100.00     100.00
  clock network delay (ideal)                             0.00     100.00
  clock uncertainty                                      -0.20      99.80
  U0_RegFile/regArr_reg[5][0]/CK (DFFRQX1M)               0.00      99.80 r
  library setup time                                     -0.46      99.34
  data required time                                                99.34
  --------------------------------------------------------------------------
  data required time                                                99.34
  data arrival time                                                 -1.67
  --------------------------------------------------------------------------
  slack (MET)                                                       97.67


  Startpoint: U0_RegFile/regArr_reg[7][7]
              (rising edge-triggered flip-flop clocked by REG_CLK)
  Endpoint: U0_RegFile/regArr_reg[7][7]
            (rising edge-triggered flip-flop clocked by REG_CLK)
  Path Group: REG_CLK
  Path Type: max

  Des/Clust/Port     Wire Load Model       Library
  ------------------------------------------------
  System_Top         tsmc13_wl30           scmetro_tsmc_cl013g_rvt_ss_1p08v_125c

  Point                                                   Incr       Path
  --------------------------------------------------------------------------
  clock REG_CLK (rise edge)                               0.00       0.00
  clock network delay (ideal)                             0.00       0.00
  U0_RegFile/regArr_reg[7][7]/CK (DFFRQX1M)               0.00       0.00 r
  U0_RegFile/regArr_reg[7][7]/Q (DFFRQX1M)                0.66       0.66 r
  U0_RegFile/U720/Y (INVX2M)                              0.32       0.97 f
  U0_RegFile/U443/Y (OAI22X1M)                            0.69       1.67 r
  U0_RegFile/regArr_reg[7][7]/D (DFFRQX1M)                0.00       1.67 r
  data arrival time                                                  1.67

  clock REG_CLK (rise edge)                             100.00     100.00
  clock network delay (ideal)                             0.00     100.00
  clock uncertainty                                      -0.20      99.80
  U0_RegFile/regArr_reg[7][7]/CK (DFFRQX1M)               0.00      99.80 r
  library setup time                                     -0.46      99.34
  data required time                                                99.34
  --------------------------------------------------------------------------
  data required time                                                99.34
  data arrival time                                                 -1.67
  --------------------------------------------------------------------------
  slack (MET)                                                       97.67


  Startpoint: U0_RegFile/regArr_reg[7][6]
              (rising edge-triggered flip-flop clocked by REG_CLK)
  Endpoint: U0_RegFile/regArr_reg[7][6]
            (rising edge-triggered flip-flop clocked by REG_CLK)
  Path Group: REG_CLK
  Path Type: max

  Des/Clust/Port     Wire Load Model       Library
  ------------------------------------------------
  System_Top         tsmc13_wl30           scmetro_tsmc_cl013g_rvt_ss_1p08v_125c

  Point                                                   Incr       Path
  --------------------------------------------------------------------------
  clock REG_CLK (rise edge)                               0.00       0.00
  clock network delay (ideal)                             0.00       0.00
  U0_RegFile/regArr_reg[7][6]/CK (DFFRQX1M)               0.00       0.00 r
  U0_RegFile/regArr_reg[7][6]/Q (DFFRQX1M)                0.66       0.66 r
  U0_RegFile/U718/Y (INVX2M)                              0.32       0.97 f
  U0_RegFile/U442/Y (OAI22X1M)                            0.69       1.67 r
  U0_RegFile/regArr_reg[7][6]/D (DFFRQX1M)                0.00       1.67 r
  data arrival time                                                  1.67

  clock REG_CLK (rise edge)                             100.00     100.00
  clock network delay (ideal)                             0.00     100.00
  clock uncertainty                                      -0.20      99.80
  U0_RegFile/regArr_reg[7][6]/CK (DFFRQX1M)               0.00      99.80 r
  library setup time                                     -0.46      99.34
  data required time                                                99.34
  --------------------------------------------------------------------------
  data required time                                                99.34
  data arrival time                                                 -1.67
  --------------------------------------------------------------------------
  slack (MET)                                                       97.67


  Startpoint: U0_RegFile/regArr_reg[7][5]
              (rising edge-triggered flip-flop clocked by REG_CLK)
  Endpoint: U0_RegFile/regArr_reg[7][5]
            (rising edge-triggered flip-flop clocked by REG_CLK)
  Path Group: REG_CLK
  Path Type: max

  Des/Clust/Port     Wire Load Model       Library
  ------------------------------------------------
  System_Top         tsmc13_wl30           scmetro_tsmc_cl013g_rvt_ss_1p08v_125c

  Point                                                   Incr       Path
  --------------------------------------------------------------------------
  clock REG_CLK (rise edge)                               0.00       0.00
  clock network delay (ideal)                             0.00       0.00
  U0_RegFile/regArr_reg[7][5]/CK (DFFRQX1M)               0.00       0.00 r
  U0_RegFile/regArr_reg[7][5]/Q (DFFRQX1M)                0.66       0.66 r
  U0_RegFile/U716/Y (INVX2M)                              0.32       0.97 f
  U0_RegFile/U441/Y (OAI22X1M)                            0.69       1.67 r
  U0_RegFile/regArr_reg[7][5]/D (DFFRQX1M)                0.00       1.67 r
  data arrival time                                                  1.67

  clock REG_CLK (rise edge)                             100.00     100.00
  clock network delay (ideal)                             0.00     100.00
  clock uncertainty                                      -0.20      99.80
  U0_RegFile/regArr_reg[7][5]/CK (DFFRQX1M)               0.00      99.80 r
  library setup time                                     -0.46      99.34
  data required time                                                99.34
  --------------------------------------------------------------------------
  data required time                                                99.34
  data arrival time                                                 -1.67
  --------------------------------------------------------------------------
  slack (MET)                                                       97.67


  Startpoint: U0_RegFile/regArr_reg[7][4]
              (rising edge-triggered flip-flop clocked by REG_CLK)
  Endpoint: U0_RegFile/regArr_reg[7][4]
            (rising edge-triggered flip-flop clocked by REG_CLK)
  Path Group: REG_CLK
  Path Type: max

  Des/Clust/Port     Wire Load Model       Library
  ------------------------------------------------
  System_Top         tsmc13_wl30           scmetro_tsmc_cl013g_rvt_ss_1p08v_125c

  Point                                                   Incr       Path
  --------------------------------------------------------------------------
  clock REG_CLK (rise edge)                               0.00       0.00
  clock network delay (ideal)                             0.00       0.00
  U0_RegFile/regArr_reg[7][4]/CK (DFFRQX1M)               0.00       0.00 r
  U0_RegFile/regArr_reg[7][4]/Q (DFFRQX1M)                0.66       0.66 r
  U0_RegFile/U714/Y (INVX2M)                              0.32       0.97 f
  U0_RegFile/U440/Y (OAI22X1M)                            0.69       1.67 r
  U0_RegFile/regArr_reg[7][4]/D (DFFRQX1M)                0.00       1.67 r
  data arrival time                                                  1.67

  clock REG_CLK (rise edge)                             100.00     100.00
  clock network delay (ideal)                             0.00     100.00
  clock uncertainty                                      -0.20      99.80
  U0_RegFile/regArr_reg[7][4]/CK (DFFRQX1M)               0.00      99.80 r
  library setup time                                     -0.46      99.34
  data required time                                                99.34
  --------------------------------------------------------------------------
  data required time                                                99.34
  data arrival time                                                 -1.67
  --------------------------------------------------------------------------
  slack (MET)                                                       97.67


  Startpoint: U0_RegFile/regArr_reg[7][3]
              (rising edge-triggered flip-flop clocked by REG_CLK)
  Endpoint: U0_RegFile/regArr_reg[7][3]
            (rising edge-triggered flip-flop clocked by REG_CLK)
  Path Group: REG_CLK
  Path Type: max

  Des/Clust/Port     Wire Load Model       Library
  ------------------------------------------------
  System_Top         tsmc13_wl30           scmetro_tsmc_cl013g_rvt_ss_1p08v_125c

  Point                                                   Incr       Path
  --------------------------------------------------------------------------
  clock REG_CLK (rise edge)                               0.00       0.00
  clock network delay (ideal)                             0.00       0.00
  U0_RegFile/regArr_reg[7][3]/CK (DFFRQX1M)               0.00       0.00 r
  U0_RegFile/regArr_reg[7][3]/Q (DFFRQX1M)                0.66       0.66 r
  U0_RegFile/U712/Y (INVX2M)                              0.32       0.97 f
  U0_RegFile/U439/Y (OAI22X1M)                            0.69       1.67 r
  U0_RegFile/regArr_reg[7][3]/D (DFFRQX1M)                0.00       1.67 r
  data arrival time                                                  1.67

  clock REG_CLK (rise edge)                             100.00     100.00
  clock network delay (ideal)                             0.00     100.00
  clock uncertainty                                      -0.20      99.80
  U0_RegFile/regArr_reg[7][3]/CK (DFFRQX1M)               0.00      99.80 r
  library setup time                                     -0.46      99.34
  data required time                                                99.34
  --------------------------------------------------------------------------
  data required time                                                99.34
  data arrival time                                                 -1.67
  --------------------------------------------------------------------------
  slack (MET)                                                       97.67


  Startpoint: U0_RegFile/regArr_reg[7][2]
              (rising edge-triggered flip-flop clocked by REG_CLK)
  Endpoint: U0_RegFile/regArr_reg[7][2]
            (rising edge-triggered flip-flop clocked by REG_CLK)
  Path Group: REG_CLK
  Path Type: max

  Des/Clust/Port     Wire Load Model       Library
  ------------------------------------------------
  System_Top         tsmc13_wl30           scmetro_tsmc_cl013g_rvt_ss_1p08v_125c

  Point                                                   Incr       Path
  --------------------------------------------------------------------------
  clock REG_CLK (rise edge)                               0.00       0.00
  clock network delay (ideal)                             0.00       0.00
  U0_RegFile/regArr_reg[7][2]/CK (DFFRQX1M)               0.00       0.00 r
  U0_RegFile/regArr_reg[7][2]/Q (DFFRQX1M)                0.66       0.66 r
  U0_RegFile/U710/Y (INVX2M)                              0.32       0.97 f
  U0_RegFile/U438/Y (OAI22X1M)                            0.69       1.67 r
  U0_RegFile/regArr_reg[7][2]/D (DFFRQX1M)                0.00       1.67 r
  data arrival time                                                  1.67

  clock REG_CLK (rise edge)                             100.00     100.00
  clock network delay (ideal)                             0.00     100.00
  clock uncertainty                                      -0.20      99.80
  U0_RegFile/regArr_reg[7][2]/CK (DFFRQX1M)               0.00      99.80 r
  library setup time                                     -0.46      99.34
  data required time                                                99.34
  --------------------------------------------------------------------------
  data required time                                                99.34
  data arrival time                                                 -1.67
  --------------------------------------------------------------------------
  slack (MET)                                                       97.67


  Startpoint: U0_RegFile/regArr_reg[7][1]
              (rising edge-triggered flip-flop clocked by REG_CLK)
  Endpoint: U0_RegFile/regArr_reg[7][1]
            (rising edge-triggered flip-flop clocked by REG_CLK)
  Path Group: REG_CLK
  Path Type: max

  Des/Clust/Port     Wire Load Model       Library
  ------------------------------------------------
  System_Top         tsmc13_wl30           scmetro_tsmc_cl013g_rvt_ss_1p08v_125c

  Point                                                   Incr       Path
  --------------------------------------------------------------------------
  clock REG_CLK (rise edge)                               0.00       0.00
  clock network delay (ideal)                             0.00       0.00
  U0_RegFile/regArr_reg[7][1]/CK (DFFRQX1M)               0.00       0.00 r
  U0_RegFile/regArr_reg[7][1]/Q (DFFRQX1M)                0.66       0.66 r
  U0_RegFile/U708/Y (INVX2M)                              0.32       0.97 f
  U0_RegFile/U437/Y (OAI22X1M)                            0.69       1.67 r
  U0_RegFile/regArr_reg[7][1]/D (DFFRQX1M)                0.00       1.67 r
  data arrival time                                                  1.67

  clock REG_CLK (rise edge)                             100.00     100.00
  clock network delay (ideal)                             0.00     100.00
  clock uncertainty                                      -0.20      99.80
  U0_RegFile/regArr_reg[7][1]/CK (DFFRQX1M)               0.00      99.80 r
  library setup time                                     -0.46      99.34
  data required time                                                99.34
  --------------------------------------------------------------------------
  data required time                                                99.34
  data arrival time                                                 -1.67
  --------------------------------------------------------------------------
  slack (MET)                                                       97.67


  Startpoint: U0_RegFile/regArr_reg[7][0]
              (rising edge-triggered flip-flop clocked by REG_CLK)
  Endpoint: U0_RegFile/regArr_reg[7][0]
            (rising edge-triggered flip-flop clocked by REG_CLK)
  Path Group: REG_CLK
  Path Type: max

  Des/Clust/Port     Wire Load Model       Library
  ------------------------------------------------
  System_Top         tsmc13_wl30           scmetro_tsmc_cl013g_rvt_ss_1p08v_125c

  Point                                                   Incr       Path
  --------------------------------------------------------------------------
  clock REG_CLK (rise edge)                               0.00       0.00
  clock network delay (ideal)                             0.00       0.00
  U0_RegFile/regArr_reg[7][0]/CK (DFFRQX1M)               0.00       0.00 r
  U0_RegFile/regArr_reg[7][0]/Q (DFFRQX1M)                0.66       0.66 r
  U0_RegFile/U706/Y (INVX2M)                              0.32       0.97 f
  U0_RegFile/U436/Y (OAI22X1M)                            0.69       1.67 r
  U0_RegFile/regArr_reg[7][0]/D (DFFRQX1M)                0.00       1.67 r
  data arrival time                                                  1.67

  clock REG_CLK (rise edge)                             100.00     100.00
  clock network delay (ideal)                             0.00     100.00
  clock uncertainty                                      -0.20      99.80
  U0_RegFile/regArr_reg[7][0]/CK (DFFRQX1M)               0.00      99.80 r
  library setup time                                     -0.46      99.34
  data required time                                                99.34
  --------------------------------------------------------------------------
  data required time                                                99.34
  data arrival time                                                 -1.67
  --------------------------------------------------------------------------
  slack (MET)                                                       97.67


  Startpoint: U0_RegFile/regArr_reg[6][7]
              (rising edge-triggered flip-flop clocked by REG_CLK)
  Endpoint: U0_RegFile/regArr_reg[6][7]
            (rising edge-triggered flip-flop clocked by REG_CLK)
  Path Group: REG_CLK
  Path Type: max

  Des/Clust/Port     Wire Load Model       Library
  ------------------------------------------------
  System_Top         tsmc13_wl30           scmetro_tsmc_cl013g_rvt_ss_1p08v_125c

  Point                                                   Incr       Path
  --------------------------------------------------------------------------
  clock REG_CLK (rise edge)                               0.00       0.00
  clock network delay (ideal)                             0.00       0.00
  U0_RegFile/regArr_reg[6][7]/CK (DFFRQX1M)               0.00       0.00 r
  U0_RegFile/regArr_reg[6][7]/Q (DFFRQX1M)                0.66       0.66 r
  U0_RegFile/U721/Y (INVX2M)                              0.32       0.97 f
  U0_RegFile/U467/Y (OAI22X1M)                            0.69       1.67 r
  U0_RegFile/regArr_reg[6][7]/D (DFFRQX1M)                0.00       1.67 r
  data arrival time                                                  1.67

  clock REG_CLK (rise edge)                             100.00     100.00
  clock network delay (ideal)                             0.00     100.00
  clock uncertainty                                      -0.20      99.80
  U0_RegFile/regArr_reg[6][7]/CK (DFFRQX1M)               0.00      99.80 r
  library setup time                                     -0.46      99.34
  data required time                                                99.34
  --------------------------------------------------------------------------
  data required time                                                99.34
  data arrival time                                                 -1.67
  --------------------------------------------------------------------------
  slack (MET)                                                       97.67


  Startpoint: U0_RegFile/regArr_reg[6][6]
              (rising edge-triggered flip-flop clocked by REG_CLK)
  Endpoint: U0_RegFile/regArr_reg[6][6]
            (rising edge-triggered flip-flop clocked by REG_CLK)
  Path Group: REG_CLK
  Path Type: max

  Des/Clust/Port     Wire Load Model       Library
  ------------------------------------------------
  System_Top         tsmc13_wl30           scmetro_tsmc_cl013g_rvt_ss_1p08v_125c

  Point                                                   Incr       Path
  --------------------------------------------------------------------------
  clock REG_CLK (rise edge)                               0.00       0.00
  clock network delay (ideal)                             0.00       0.00
  U0_RegFile/regArr_reg[6][6]/CK (DFFRQX1M)               0.00       0.00 r
  U0_RegFile/regArr_reg[6][6]/Q (DFFRQX1M)                0.66       0.66 r
  U0_RegFile/U719/Y (INVX2M)                              0.32       0.97 f
  U0_RegFile/U466/Y (OAI22X1M)                            0.69       1.67 r
  U0_RegFile/regArr_reg[6][6]/D (DFFRQX1M)                0.00       1.67 r
  data arrival time                                                  1.67

  clock REG_CLK (rise edge)                             100.00     100.00
  clock network delay (ideal)                             0.00     100.00
  clock uncertainty                                      -0.20      99.80
  U0_RegFile/regArr_reg[6][6]/CK (DFFRQX1M)               0.00      99.80 r
  library setup time                                     -0.46      99.34
  data required time                                                99.34
  --------------------------------------------------------------------------
  data required time                                                99.34
  data arrival time                                                 -1.67
  --------------------------------------------------------------------------
  slack (MET)                                                       97.67


  Startpoint: U0_RegFile/regArr_reg[6][5]
              (rising edge-triggered flip-flop clocked by REG_CLK)
  Endpoint: U0_RegFile/regArr_reg[6][5]
            (rising edge-triggered flip-flop clocked by REG_CLK)
  Path Group: REG_CLK
  Path Type: max

  Des/Clust/Port     Wire Load Model       Library
  ------------------------------------------------
  System_Top         tsmc13_wl30           scmetro_tsmc_cl013g_rvt_ss_1p08v_125c

  Point                                                   Incr       Path
  --------------------------------------------------------------------------
  clock REG_CLK (rise edge)                               0.00       0.00
  clock network delay (ideal)                             0.00       0.00
  U0_RegFile/regArr_reg[6][5]/CK (DFFRQX1M)               0.00       0.00 r
  U0_RegFile/regArr_reg[6][5]/Q (DFFRQX1M)                0.66       0.66 r
  U0_RegFile/U717/Y (INVX2M)                              0.32       0.97 f
  U0_RegFile/U465/Y (OAI22X1M)                            0.69       1.67 r
  U0_RegFile/regArr_reg[6][5]/D (DFFRQX1M)                0.00       1.67 r
  data arrival time                                                  1.67

  clock REG_CLK (rise edge)                             100.00     100.00
  clock network delay (ideal)                             0.00     100.00
  clock uncertainty                                      -0.20      99.80
  U0_RegFile/regArr_reg[6][5]/CK (DFFRQX1M)               0.00      99.80 r
  library setup time                                     -0.46      99.34
  data required time                                                99.34
  --------------------------------------------------------------------------
  data required time                                                99.34
  data arrival time                                                 -1.67
  --------------------------------------------------------------------------
  slack (MET)                                                       97.67


  Startpoint: U0_RegFile/regArr_reg[6][4]
              (rising edge-triggered flip-flop clocked by REG_CLK)
  Endpoint: U0_RegFile/regArr_reg[6][4]
            (rising edge-triggered flip-flop clocked by REG_CLK)
  Path Group: REG_CLK
  Path Type: max

  Des/Clust/Port     Wire Load Model       Library
  ------------------------------------------------
  System_Top         tsmc13_wl30           scmetro_tsmc_cl013g_rvt_ss_1p08v_125c

  Point                                                   Incr       Path
  --------------------------------------------------------------------------
  clock REG_CLK (rise edge)                               0.00       0.00
  clock network delay (ideal)                             0.00       0.00
  U0_RegFile/regArr_reg[6][4]/CK (DFFRQX1M)               0.00       0.00 r
  U0_RegFile/regArr_reg[6][4]/Q (DFFRQX1M)                0.66       0.66 r
  U0_RegFile/U715/Y (INVX2M)                              0.32       0.97 f
  U0_RegFile/U464/Y (OAI22X1M)                            0.69       1.67 r
  U0_RegFile/regArr_reg[6][4]/D (DFFRQX1M)                0.00       1.67 r
  data arrival time                                                  1.67

  clock REG_CLK (rise edge)                             100.00     100.00
  clock network delay (ideal)                             0.00     100.00
  clock uncertainty                                      -0.20      99.80
  U0_RegFile/regArr_reg[6][4]/CK (DFFRQX1M)               0.00      99.80 r
  library setup time                                     -0.46      99.34
  data required time                                                99.34
  --------------------------------------------------------------------------
  data required time                                                99.34
  data arrival time                                                 -1.67
  --------------------------------------------------------------------------
  slack (MET)                                                       97.67


  Startpoint: U0_RegFile/regArr_reg[13][7]
              (rising edge-triggered flip-flop clocked by REG_CLK)
  Endpoint: U0_RegFile/regArr_reg[13][7]
            (rising edge-triggered flip-flop clocked by REG_CLK)
  Path Group: REG_CLK
  Path Type: max

  Des/Clust/Port     Wire Load Model       Library
  ------------------------------------------------
  System_Top         tsmc13_wl30           scmetro_tsmc_cl013g_rvt_ss_1p08v_125c

  Point                                                   Incr       Path
  --------------------------------------------------------------------------
  clock REG_CLK (rise edge)                               0.00       0.00
  clock network delay (ideal)                             0.00       0.00
  U0_RegFile/regArr_reg[13][7]/CK (DFFRQX1M)              0.00       0.00 r
  U0_RegFile/regArr_reg[13][7]/Q (DFFRQX1M)               0.66       0.66 r
  U0_RegFile/U689/Y (INVX2M)                              0.32       0.97 f
  U0_RegFile/U499/Y (OAI22X1M)                            0.69       1.67 r
  U0_RegFile/regArr_reg[13][7]/D (DFFRQX1M)               0.00       1.67 r
  data arrival time                                                  1.67

  clock REG_CLK (rise edge)                             100.00     100.00
  clock network delay (ideal)                             0.00     100.00
  clock uncertainty                                      -0.20      99.80
  U0_RegFile/regArr_reg[13][7]/CK (DFFRQX1M)              0.00      99.80 r
  library setup time                                     -0.46      99.34
  data required time                                                99.34
  --------------------------------------------------------------------------
  data required time                                                99.34
  data arrival time                                                 -1.67
  --------------------------------------------------------------------------
  slack (MET)                                                       97.67


  Startpoint: U0_RegFile/regArr_reg[13][6]
              (rising edge-triggered flip-flop clocked by REG_CLK)
  Endpoint: U0_RegFile/regArr_reg[13][6]
            (rising edge-triggered flip-flop clocked by REG_CLK)
  Path Group: REG_CLK
  Path Type: max

  Des/Clust/Port     Wire Load Model       Library
  ------------------------------------------------
  System_Top         tsmc13_wl30           scmetro_tsmc_cl013g_rvt_ss_1p08v_125c

  Point                                                   Incr       Path
  --------------------------------------------------------------------------
  clock REG_CLK (rise edge)                               0.00       0.00
  clock network delay (ideal)                             0.00       0.00
  U0_RegFile/regArr_reg[13][6]/CK (DFFRQX1M)              0.00       0.00 r
  U0_RegFile/regArr_reg[13][6]/Q (DFFRQX1M)               0.66       0.66 r
  U0_RegFile/U687/Y (INVX2M)                              0.32       0.97 f
  U0_RegFile/U498/Y (OAI22X1M)                            0.69       1.67 r
  U0_RegFile/regArr_reg[13][6]/D (DFFRQX1M)               0.00       1.67 r
  data arrival time                                                  1.67

  clock REG_CLK (rise edge)                             100.00     100.00
  clock network delay (ideal)                             0.00     100.00
  clock uncertainty                                      -0.20      99.80
  U0_RegFile/regArr_reg[13][6]/CK (DFFRQX1M)              0.00      99.80 r
  library setup time                                     -0.46      99.34
  data required time                                                99.34
  --------------------------------------------------------------------------
  data required time                                                99.34
  data arrival time                                                 -1.67
  --------------------------------------------------------------------------
  slack (MET)                                                       97.67


  Startpoint: U0_RegFile/regArr_reg[13][5]
              (rising edge-triggered flip-flop clocked by REG_CLK)
  Endpoint: U0_RegFile/regArr_reg[13][5]
            (rising edge-triggered flip-flop clocked by REG_CLK)
  Path Group: REG_CLK
  Path Type: max

  Des/Clust/Port     Wire Load Model       Library
  ------------------------------------------------
  System_Top         tsmc13_wl30           scmetro_tsmc_cl013g_rvt_ss_1p08v_125c

  Point                                                   Incr       Path
  --------------------------------------------------------------------------
  clock REG_CLK (rise edge)                               0.00       0.00
  clock network delay (ideal)                             0.00       0.00
  U0_RegFile/regArr_reg[13][5]/CK (DFFRQX1M)              0.00       0.00 r
  U0_RegFile/regArr_reg[13][5]/Q (DFFRQX1M)               0.66       0.66 r
  U0_RegFile/U685/Y (INVX2M)                              0.32       0.97 f
  U0_RegFile/U497/Y (OAI22X1M)                            0.69       1.67 r
  U0_RegFile/regArr_reg[13][5]/D (DFFRQX1M)               0.00       1.67 r
  data arrival time                                                  1.67

  clock REG_CLK (rise edge)                             100.00     100.00
  clock network delay (ideal)                             0.00     100.00
  clock uncertainty                                      -0.20      99.80
  U0_RegFile/regArr_reg[13][5]/CK (DFFRQX1M)              0.00      99.80 r
  library setup time                                     -0.46      99.34
  data required time                                                99.34
  --------------------------------------------------------------------------
  data required time                                                99.34
  data arrival time                                                 -1.67
  --------------------------------------------------------------------------
  slack (MET)                                                       97.67


  Startpoint: U0_RegFile/regArr_reg[13][4]
              (rising edge-triggered flip-flop clocked by REG_CLK)
  Endpoint: U0_RegFile/regArr_reg[13][4]
            (rising edge-triggered flip-flop clocked by REG_CLK)
  Path Group: REG_CLK
  Path Type: max

  Des/Clust/Port     Wire Load Model       Library
  ------------------------------------------------
  System_Top         tsmc13_wl30           scmetro_tsmc_cl013g_rvt_ss_1p08v_125c

  Point                                                   Incr       Path
  --------------------------------------------------------------------------
  clock REG_CLK (rise edge)                               0.00       0.00
  clock network delay (ideal)                             0.00       0.00
  U0_RegFile/regArr_reg[13][4]/CK (DFFRQX1M)              0.00       0.00 r
  U0_RegFile/regArr_reg[13][4]/Q (DFFRQX1M)               0.66       0.66 r
  U0_RegFile/U683/Y (INVX2M)                              0.32       0.97 f
  U0_RegFile/U496/Y (OAI22X1M)                            0.69       1.67 r
  U0_RegFile/regArr_reg[13][4]/D (DFFRQX1M)               0.00       1.67 r
  data arrival time                                                  1.67

  clock REG_CLK (rise edge)                             100.00     100.00
  clock network delay (ideal)                             0.00     100.00
  clock uncertainty                                      -0.20      99.80
  U0_RegFile/regArr_reg[13][4]/CK (DFFRQX1M)              0.00      99.80 r
  library setup time                                     -0.46      99.34
  data required time                                                99.34
  --------------------------------------------------------------------------
  data required time                                                99.34
  data arrival time                                                 -1.67
  --------------------------------------------------------------------------
  slack (MET)                                                       97.67


  Startpoint: U0_RegFile/regArr_reg[13][3]
              (rising edge-triggered flip-flop clocked by REG_CLK)
  Endpoint: U0_RegFile/regArr_reg[13][3]
            (rising edge-triggered flip-flop clocked by REG_CLK)
  Path Group: REG_CLK
  Path Type: max

  Des/Clust/Port     Wire Load Model       Library
  ------------------------------------------------
  System_Top         tsmc13_wl30           scmetro_tsmc_cl013g_rvt_ss_1p08v_125c

  Point                                                   Incr       Path
  --------------------------------------------------------------------------
  clock REG_CLK (rise edge)                               0.00       0.00
  clock network delay (ideal)                             0.00       0.00
  U0_RegFile/regArr_reg[13][3]/CK (DFFRQX1M)              0.00       0.00 r
  U0_RegFile/regArr_reg[13][3]/Q (DFFRQX1M)               0.66       0.66 r
  U0_RegFile/U681/Y (INVX2M)                              0.32       0.97 f
  U0_RegFile/U495/Y (OAI22X1M)                            0.69       1.67 r
  U0_RegFile/regArr_reg[13][3]/D (DFFRQX1M)               0.00       1.67 r
  data arrival time                                                  1.67

  clock REG_CLK (rise edge)                             100.00     100.00
  clock network delay (ideal)                             0.00     100.00
  clock uncertainty                                      -0.20      99.80
  U0_RegFile/regArr_reg[13][3]/CK (DFFRQX1M)              0.00      99.80 r
  library setup time                                     -0.46      99.34
  data required time                                                99.34
  --------------------------------------------------------------------------
  data required time                                                99.34
  data arrival time                                                 -1.67
  --------------------------------------------------------------------------
  slack (MET)                                                       97.67


  Startpoint: U0_RegFile/regArr_reg[13][2]
              (rising edge-triggered flip-flop clocked by REG_CLK)
  Endpoint: U0_RegFile/regArr_reg[13][2]
            (rising edge-triggered flip-flop clocked by REG_CLK)
  Path Group: REG_CLK
  Path Type: max

  Des/Clust/Port     Wire Load Model       Library
  ------------------------------------------------
  System_Top         tsmc13_wl30           scmetro_tsmc_cl013g_rvt_ss_1p08v_125c

  Point                                                   Incr       Path
  --------------------------------------------------------------------------
  clock REG_CLK (rise edge)                               0.00       0.00
  clock network delay (ideal)                             0.00       0.00
  U0_RegFile/regArr_reg[13][2]/CK (DFFRQX1M)              0.00       0.00 r
  U0_RegFile/regArr_reg[13][2]/Q (DFFRQX1M)               0.66       0.66 r
  U0_RegFile/U679/Y (INVX2M)                              0.32       0.97 f
  U0_RegFile/U494/Y (OAI22X1M)                            0.69       1.67 r
  U0_RegFile/regArr_reg[13][2]/D (DFFRQX1M)               0.00       1.67 r
  data arrival time                                                  1.67

  clock REG_CLK (rise edge)                             100.00     100.00
  clock network delay (ideal)                             0.00     100.00
  clock uncertainty                                      -0.20      99.80
  U0_RegFile/regArr_reg[13][2]/CK (DFFRQX1M)              0.00      99.80 r
  library setup time                                     -0.46      99.34
  data required time                                                99.34
  --------------------------------------------------------------------------
  data required time                                                99.34
  data arrival time                                                 -1.67
  --------------------------------------------------------------------------
  slack (MET)                                                       97.67


  Startpoint: U0_RegFile/regArr_reg[13][1]
              (rising edge-triggered flip-flop clocked by REG_CLK)
  Endpoint: U0_RegFile/regArr_reg[13][1]
            (rising edge-triggered flip-flop clocked by REG_CLK)
  Path Group: REG_CLK
  Path Type: max

  Des/Clust/Port     Wire Load Model       Library
  ------------------------------------------------
  System_Top         tsmc13_wl30           scmetro_tsmc_cl013g_rvt_ss_1p08v_125c

  Point                                                   Incr       Path
  --------------------------------------------------------------------------
  clock REG_CLK (rise edge)                               0.00       0.00
  clock network delay (ideal)                             0.00       0.00
  U0_RegFile/regArr_reg[13][1]/CK (DFFRQX1M)              0.00       0.00 r
  U0_RegFile/regArr_reg[13][1]/Q (DFFRQX1M)               0.66       0.66 r
  U0_RegFile/U677/Y (INVX2M)                              0.32       0.97 f
  U0_RegFile/U493/Y (OAI22X1M)                            0.69       1.67 r
  U0_RegFile/regArr_reg[13][1]/D (DFFRQX1M)               0.00       1.67 r
  data arrival time                                                  1.67

  clock REG_CLK (rise edge)                             100.00     100.00
  clock network delay (ideal)                             0.00     100.00
  clock uncertainty                                      -0.20      99.80
  U0_RegFile/regArr_reg[13][1]/CK (DFFRQX1M)              0.00      99.80 r
  library setup time                                     -0.46      99.34
  data required time                                                99.34
  --------------------------------------------------------------------------
  data required time                                                99.34
  data arrival time                                                 -1.67
  --------------------------------------------------------------------------
  slack (MET)                                                       97.67


  Startpoint: U0_RegFile/regArr_reg[13][0]
              (rising edge-triggered flip-flop clocked by REG_CLK)
  Endpoint: U0_RegFile/regArr_reg[13][0]
            (rising edge-triggered flip-flop clocked by REG_CLK)
  Path Group: REG_CLK
  Path Type: max

  Des/Clust/Port     Wire Load Model       Library
  ------------------------------------------------
  System_Top         tsmc13_wl30           scmetro_tsmc_cl013g_rvt_ss_1p08v_125c

  Point                                                   Incr       Path
  --------------------------------------------------------------------------
  clock REG_CLK (rise edge)                               0.00       0.00
  clock network delay (ideal)                             0.00       0.00
  U0_RegFile/regArr_reg[13][0]/CK (DFFRQX1M)              0.00       0.00 r
  U0_RegFile/regArr_reg[13][0]/Q (DFFRQX1M)               0.66       0.66 r
  U0_RegFile/U675/Y (INVX2M)                              0.32       0.97 f
  U0_RegFile/U492/Y (OAI22X1M)                            0.69       1.67 r
  U0_RegFile/regArr_reg[13][0]/D (DFFRQX1M)               0.00       1.67 r
  data arrival time                                                  1.67

  clock REG_CLK (rise edge)                             100.00     100.00
  clock network delay (ideal)                             0.00     100.00
  clock uncertainty                                      -0.20      99.80
  U0_RegFile/regArr_reg[13][0]/CK (DFFRQX1M)              0.00      99.80 r
  library setup time                                     -0.46      99.34
  data required time                                                99.34
  --------------------------------------------------------------------------
  data required time                                                99.34
  data arrival time                                                 -1.67
  --------------------------------------------------------------------------
  slack (MET)                                                       97.67


  Startpoint: U0_RegFile/regArr_reg[12][7]
              (rising edge-triggered flip-flop clocked by REG_CLK)
  Endpoint: U0_RegFile/regArr_reg[12][7]
            (rising edge-triggered flip-flop clocked by REG_CLK)
  Path Group: REG_CLK
  Path Type: max

  Des/Clust/Port     Wire Load Model       Library
  ------------------------------------------------
  System_Top         tsmc13_wl30           scmetro_tsmc_cl013g_rvt_ss_1p08v_125c

  Point                                                   Incr       Path
  --------------------------------------------------------------------------
  clock REG_CLK (rise edge)                               0.00       0.00
  clock network delay (ideal)                             0.00       0.00
  U0_RegFile/regArr_reg[12][7]/CK (DFFRQX1M)              0.00       0.00 r
  U0_RegFile/regArr_reg[12][7]/Q (DFFRQX1M)               0.66       0.66 r
  U0_RegFile/U688/Y (INVX2M)                              0.32       0.97 f
  U0_RegFile/U491/Y (OAI22X1M)                            0.69       1.67 r
  U0_RegFile/regArr_reg[12][7]/D (DFFRQX1M)               0.00       1.67 r
  data arrival time                                                  1.67

  clock REG_CLK (rise edge)                             100.00     100.00
  clock network delay (ideal)                             0.00     100.00
  clock uncertainty                                      -0.20      99.80
  U0_RegFile/regArr_reg[12][7]/CK (DFFRQX1M)              0.00      99.80 r
  library setup time                                     -0.46      99.34
  data required time                                                99.34
  --------------------------------------------------------------------------
  data required time                                                99.34
  data arrival time                                                 -1.67
  --------------------------------------------------------------------------
  slack (MET)                                                       97.67


  Startpoint: U0_RegFile/regArr_reg[12][6]
              (rising edge-triggered flip-flop clocked by REG_CLK)
  Endpoint: U0_RegFile/regArr_reg[12][6]
            (rising edge-triggered flip-flop clocked by REG_CLK)
  Path Group: REG_CLK
  Path Type: max

  Des/Clust/Port     Wire Load Model       Library
  ------------------------------------------------
  System_Top         tsmc13_wl30           scmetro_tsmc_cl013g_rvt_ss_1p08v_125c

  Point                                                   Incr       Path
  --------------------------------------------------------------------------
  clock REG_CLK (rise edge)                               0.00       0.00
  clock network delay (ideal)                             0.00       0.00
  U0_RegFile/regArr_reg[12][6]/CK (DFFRQX1M)              0.00       0.00 r
  U0_RegFile/regArr_reg[12][6]/Q (DFFRQX1M)               0.66       0.66 r
  U0_RegFile/U686/Y (INVX2M)                              0.32       0.97 f
  U0_RegFile/U490/Y (OAI22X1M)                            0.69       1.67 r
  U0_RegFile/regArr_reg[12][6]/D (DFFRQX1M)               0.00       1.67 r
  data arrival time                                                  1.67

  clock REG_CLK (rise edge)                             100.00     100.00
  clock network delay (ideal)                             0.00     100.00
  clock uncertainty                                      -0.20      99.80
  U0_RegFile/regArr_reg[12][6]/CK (DFFRQX1M)              0.00      99.80 r
  library setup time                                     -0.46      99.34
  data required time                                                99.34
  --------------------------------------------------------------------------
  data required time                                                99.34
  data arrival time                                                 -1.67
  --------------------------------------------------------------------------
  slack (MET)                                                       97.67


  Startpoint: U0_RegFile/regArr_reg[12][5]
              (rising edge-triggered flip-flop clocked by REG_CLK)
  Endpoint: U0_RegFile/regArr_reg[12][5]
            (rising edge-triggered flip-flop clocked by REG_CLK)
  Path Group: REG_CLK
  Path Type: max

  Des/Clust/Port     Wire Load Model       Library
  ------------------------------------------------
  System_Top         tsmc13_wl30           scmetro_tsmc_cl013g_rvt_ss_1p08v_125c

  Point                                                   Incr       Path
  --------------------------------------------------------------------------
  clock REG_CLK (rise edge)                               0.00       0.00
  clock network delay (ideal)                             0.00       0.00
  U0_RegFile/regArr_reg[12][5]/CK (DFFRQX1M)              0.00       0.00 r
  U0_RegFile/regArr_reg[12][5]/Q (DFFRQX1M)               0.66       0.66 r
  U0_RegFile/U684/Y (INVX2M)                              0.32       0.97 f
  U0_RegFile/U489/Y (OAI22X1M)                            0.69       1.67 r
  U0_RegFile/regArr_reg[12][5]/D (DFFRQX1M)               0.00       1.67 r
  data arrival time                                                  1.67

  clock REG_CLK (rise edge)                             100.00     100.00
  clock network delay (ideal)                             0.00     100.00
  clock uncertainty                                      -0.20      99.80
  U0_RegFile/regArr_reg[12][5]/CK (DFFRQX1M)              0.00      99.80 r
  library setup time                                     -0.46      99.34
  data required time                                                99.34
  --------------------------------------------------------------------------
  data required time                                                99.34
  data arrival time                                                 -1.67
  --------------------------------------------------------------------------
  slack (MET)                                                       97.67


  Startpoint: U0_RegFile/regArr_reg[12][4]
              (rising edge-triggered flip-flop clocked by REG_CLK)
  Endpoint: U0_RegFile/regArr_reg[12][4]
            (rising edge-triggered flip-flop clocked by REG_CLK)
  Path Group: REG_CLK
  Path Type: max

  Des/Clust/Port     Wire Load Model       Library
  ------------------------------------------------
  System_Top         tsmc13_wl30           scmetro_tsmc_cl013g_rvt_ss_1p08v_125c

  Point                                                   Incr       Path
  --------------------------------------------------------------------------
  clock REG_CLK (rise edge)                               0.00       0.00
  clock network delay (ideal)                             0.00       0.00
  U0_RegFile/regArr_reg[12][4]/CK (DFFRQX1M)              0.00       0.00 r
  U0_RegFile/regArr_reg[12][4]/Q (DFFRQX1M)               0.66       0.66 r
  U0_RegFile/U682/Y (INVX2M)                              0.32       0.97 f
  U0_RegFile/U488/Y (OAI22X1M)                            0.69       1.67 r
  U0_RegFile/regArr_reg[12][4]/D (DFFRQX1M)               0.00       1.67 r
  data arrival time                                                  1.67

  clock REG_CLK (rise edge)                             100.00     100.00
  clock network delay (ideal)                             0.00     100.00
  clock uncertainty                                      -0.20      99.80
  U0_RegFile/regArr_reg[12][4]/CK (DFFRQX1M)              0.00      99.80 r
  library setup time                                     -0.46      99.34
  data required time                                                99.34
  --------------------------------------------------------------------------
  data required time                                                99.34
  data arrival time                                                 -1.67
  --------------------------------------------------------------------------
  slack (MET)                                                       97.67


  Startpoint: U0_RegFile/regArr_reg[12][3]
              (rising edge-triggered flip-flop clocked by REG_CLK)
  Endpoint: U0_RegFile/regArr_reg[12][3]
            (rising edge-triggered flip-flop clocked by REG_CLK)
  Path Group: REG_CLK
  Path Type: max

  Des/Clust/Port     Wire Load Model       Library
  ------------------------------------------------
  System_Top         tsmc13_wl30           scmetro_tsmc_cl013g_rvt_ss_1p08v_125c

  Point                                                   Incr       Path
  --------------------------------------------------------------------------
  clock REG_CLK (rise edge)                               0.00       0.00
  clock network delay (ideal)                             0.00       0.00
  U0_RegFile/regArr_reg[12][3]/CK (DFFRQX1M)              0.00       0.00 r
  U0_RegFile/regArr_reg[12][3]/Q (DFFRQX1M)               0.66       0.66 r
  U0_RegFile/U680/Y (INVX2M)                              0.32       0.97 f
  U0_RegFile/U487/Y (OAI22X1M)                            0.69       1.67 r
  U0_RegFile/regArr_reg[12][3]/D (DFFRQX1M)               0.00       1.67 r
  data arrival time                                                  1.67

  clock REG_CLK (rise edge)                             100.00     100.00
  clock network delay (ideal)                             0.00     100.00
  clock uncertainty                                      -0.20      99.80
  U0_RegFile/regArr_reg[12][3]/CK (DFFRQX1M)              0.00      99.80 r
  library setup time                                     -0.46      99.34
  data required time                                                99.34
  --------------------------------------------------------------------------
  data required time                                                99.34
  data arrival time                                                 -1.67
  --------------------------------------------------------------------------
  slack (MET)                                                       97.67


  Startpoint: U0_RegFile/regArr_reg[12][2]
              (rising edge-triggered flip-flop clocked by REG_CLK)
  Endpoint: U0_RegFile/regArr_reg[12][2]
            (rising edge-triggered flip-flop clocked by REG_CLK)
  Path Group: REG_CLK
  Path Type: max

  Des/Clust/Port     Wire Load Model       Library
  ------------------------------------------------
  System_Top         tsmc13_wl30           scmetro_tsmc_cl013g_rvt_ss_1p08v_125c

  Point                                                   Incr       Path
  --------------------------------------------------------------------------
  clock REG_CLK (rise edge)                               0.00       0.00
  clock network delay (ideal)                             0.00       0.00
  U0_RegFile/regArr_reg[12][2]/CK (DFFRQX1M)              0.00       0.00 r
  U0_RegFile/regArr_reg[12][2]/Q (DFFRQX1M)               0.66       0.66 r
  U0_RegFile/U678/Y (INVX2M)                              0.32       0.97 f
  U0_RegFile/U486/Y (OAI22X1M)                            0.69       1.67 r
  U0_RegFile/regArr_reg[12][2]/D (DFFRQX1M)               0.00       1.67 r
  data arrival time                                                  1.67

  clock REG_CLK (rise edge)                             100.00     100.00
  clock network delay (ideal)                             0.00     100.00
  clock uncertainty                                      -0.20      99.80
  U0_RegFile/regArr_reg[12][2]/CK (DFFRQX1M)              0.00      99.80 r
  library setup time                                     -0.46      99.34
  data required time                                                99.34
  --------------------------------------------------------------------------
  data required time                                                99.34
  data arrival time                                                 -1.67
  --------------------------------------------------------------------------
  slack (MET)                                                       97.67


  Startpoint: U0_RegFile/regArr_reg[12][1]
              (rising edge-triggered flip-flop clocked by REG_CLK)
  Endpoint: U0_RegFile/regArr_reg[12][1]
            (rising edge-triggered flip-flop clocked by REG_CLK)
  Path Group: REG_CLK
  Path Type: max

  Des/Clust/Port     Wire Load Model       Library
  ------------------------------------------------
  System_Top         tsmc13_wl30           scmetro_tsmc_cl013g_rvt_ss_1p08v_125c

  Point                                                   Incr       Path
  --------------------------------------------------------------------------
  clock REG_CLK (rise edge)                               0.00       0.00
  clock network delay (ideal)                             0.00       0.00
  U0_RegFile/regArr_reg[12][1]/CK (DFFRQX1M)              0.00       0.00 r
  U0_RegFile/regArr_reg[12][1]/Q (DFFRQX1M)               0.66       0.66 r
  U0_RegFile/U676/Y (INVX2M)                              0.32       0.97 f
  U0_RegFile/U485/Y (OAI22X1M)                            0.69       1.67 r
  U0_RegFile/regArr_reg[12][1]/D (DFFRQX1M)               0.00       1.67 r
  data arrival time                                                  1.67

  clock REG_CLK (rise edge)                             100.00     100.00
  clock network delay (ideal)                             0.00     100.00
  clock uncertainty                                      -0.20      99.80
  U0_RegFile/regArr_reg[12][1]/CK (DFFRQX1M)              0.00      99.80 r
  library setup time                                     -0.46      99.34
  data required time                                                99.34
  --------------------------------------------------------------------------
  data required time                                                99.34
  data arrival time                                                 -1.67
  --------------------------------------------------------------------------
  slack (MET)                                                       97.67


  Startpoint: U0_RegFile/regArr_reg[12][0]
              (rising edge-triggered flip-flop clocked by REG_CLK)
  Endpoint: U0_RegFile/regArr_reg[12][0]
            (rising edge-triggered flip-flop clocked by REG_CLK)
  Path Group: REG_CLK
  Path Type: max

  Des/Clust/Port     Wire Load Model       Library
  ------------------------------------------------
  System_Top         tsmc13_wl30           scmetro_tsmc_cl013g_rvt_ss_1p08v_125c

  Point                                                   Incr       Path
  --------------------------------------------------------------------------
  clock REG_CLK (rise edge)                               0.00       0.00
  clock network delay (ideal)                             0.00       0.00
  U0_RegFile/regArr_reg[12][0]/CK (DFFRQX1M)              0.00       0.00 r
  U0_RegFile/regArr_reg[12][0]/Q (DFFRQX1M)               0.66       0.66 r
  U0_RegFile/U674/Y (INVX2M)                              0.32       0.97 f
  U0_RegFile/U484/Y (OAI22X1M)                            0.69       1.67 r
  U0_RegFile/regArr_reg[12][0]/D (DFFRQX1M)               0.00       1.67 r
  data arrival time                                                  1.67

  clock REG_CLK (rise edge)                             100.00     100.00
  clock network delay (ideal)                             0.00     100.00
  clock uncertainty                                      -0.20      99.80
  U0_RegFile/regArr_reg[12][0]/CK (DFFRQX1M)              0.00      99.80 r
  library setup time                                     -0.46      99.34
  data required time                                                99.34
  --------------------------------------------------------------------------
  data required time                                                99.34
  data arrival time                                                 -1.67
  --------------------------------------------------------------------------
  slack (MET)                                                       97.67


  Startpoint: U0_RegFile/regArr_reg[15][7]
              (rising edge-triggered flip-flop clocked by REG_CLK)
  Endpoint: U0_RegFile/regArr_reg[15][7]
            (rising edge-triggered flip-flop clocked by REG_CLK)
  Path Group: REG_CLK
  Path Type: max

  Des/Clust/Port     Wire Load Model       Library
  ------------------------------------------------
  System_Top         tsmc13_wl30           scmetro_tsmc_cl013g_rvt_ss_1p08v_125c

  Point                                                   Incr       Path
  --------------------------------------------------------------------------
  clock REG_CLK (rise edge)                               0.00       0.00
  clock network delay (ideal)                             0.00       0.00
  U0_RegFile/regArr_reg[15][7]/CK (DFFRQX1M)              0.00       0.00 r
  U0_RegFile/regArr_reg[15][7]/Q (DFFRQX1M)               0.66       0.66 r
  U0_RegFile/U673/Y (INVX2M)                              0.32       0.97 f
  U0_RegFile/U483/Y (OAI22X1M)                            0.69       1.67 r
  U0_RegFile/regArr_reg[15][7]/D (DFFRQX1M)               0.00       1.67 r
  data arrival time                                                  1.67

  clock REG_CLK (rise edge)                             100.00     100.00
  clock network delay (ideal)                             0.00     100.00
  clock uncertainty                                      -0.20      99.80
  U0_RegFile/regArr_reg[15][7]/CK (DFFRQX1M)              0.00      99.80 r
  library setup time                                     -0.46      99.34
  data required time                                                99.34
  --------------------------------------------------------------------------
  data required time                                                99.34
  data arrival time                                                 -1.67
  --------------------------------------------------------------------------
  slack (MET)                                                       97.67


  Startpoint: U0_RegFile/regArr_reg[15][6]
              (rising edge-triggered flip-flop clocked by REG_CLK)
  Endpoint: U0_RegFile/regArr_reg[15][6]
            (rising edge-triggered flip-flop clocked by REG_CLK)
  Path Group: REG_CLK
  Path Type: max

  Des/Clust/Port     Wire Load Model       Library
  ------------------------------------------------
  System_Top         tsmc13_wl30           scmetro_tsmc_cl013g_rvt_ss_1p08v_125c

  Point                                                   Incr       Path
  --------------------------------------------------------------------------
  clock REG_CLK (rise edge)                               0.00       0.00
  clock network delay (ideal)                             0.00       0.00
  U0_RegFile/regArr_reg[15][6]/CK (DFFRQX1M)              0.00       0.00 r
  U0_RegFile/regArr_reg[15][6]/Q (DFFRQX1M)               0.66       0.66 r
  U0_RegFile/U671/Y (INVX2M)                              0.32       0.97 f
  U0_RegFile/U482/Y (OAI22X1M)                            0.69       1.67 r
  U0_RegFile/regArr_reg[15][6]/D (DFFRQX1M)               0.00       1.67 r
  data arrival time                                                  1.67

  clock REG_CLK (rise edge)                             100.00     100.00
  clock network delay (ideal)                             0.00     100.00
  clock uncertainty                                      -0.20      99.80
  U0_RegFile/regArr_reg[15][6]/CK (DFFRQX1M)              0.00      99.80 r
  library setup time                                     -0.46      99.34
  data required time                                                99.34
  --------------------------------------------------------------------------
  data required time                                                99.34
  data arrival time                                                 -1.67
  --------------------------------------------------------------------------
  slack (MET)                                                       97.67


  Startpoint: U0_RegFile/regArr_reg[15][5]
              (rising edge-triggered flip-flop clocked by REG_CLK)
  Endpoint: U0_RegFile/regArr_reg[15][5]
            (rising edge-triggered flip-flop clocked by REG_CLK)
  Path Group: REG_CLK
  Path Type: max

  Des/Clust/Port     Wire Load Model       Library
  ------------------------------------------------
  System_Top         tsmc13_wl30           scmetro_tsmc_cl013g_rvt_ss_1p08v_125c

  Point                                                   Incr       Path
  --------------------------------------------------------------------------
  clock REG_CLK (rise edge)                               0.00       0.00
  clock network delay (ideal)                             0.00       0.00
  U0_RegFile/regArr_reg[15][5]/CK (DFFRQX1M)              0.00       0.00 r
  U0_RegFile/regArr_reg[15][5]/Q (DFFRQX1M)               0.66       0.66 r
  U0_RegFile/U669/Y (INVX2M)                              0.32       0.97 f
  U0_RegFile/U481/Y (OAI22X1M)                            0.69       1.67 r
  U0_RegFile/regArr_reg[15][5]/D (DFFRQX1M)               0.00       1.67 r
  data arrival time                                                  1.67

  clock REG_CLK (rise edge)                             100.00     100.00
  clock network delay (ideal)                             0.00     100.00
  clock uncertainty                                      -0.20      99.80
  U0_RegFile/regArr_reg[15][5]/CK (DFFRQX1M)              0.00      99.80 r
  library setup time                                     -0.46      99.34
  data required time                                                99.34
  --------------------------------------------------------------------------
  data required time                                                99.34
  data arrival time                                                 -1.67
  --------------------------------------------------------------------------
  slack (MET)                                                       97.67


  Startpoint: U0_RegFile/regArr_reg[15][4]
              (rising edge-triggered flip-flop clocked by REG_CLK)
  Endpoint: U0_RegFile/regArr_reg[15][4]
            (rising edge-triggered flip-flop clocked by REG_CLK)
  Path Group: REG_CLK
  Path Type: max

  Des/Clust/Port     Wire Load Model       Library
  ------------------------------------------------
  System_Top         tsmc13_wl30           scmetro_tsmc_cl013g_rvt_ss_1p08v_125c

  Point                                                   Incr       Path
  --------------------------------------------------------------------------
  clock REG_CLK (rise edge)                               0.00       0.00
  clock network delay (ideal)                             0.00       0.00
  U0_RegFile/regArr_reg[15][4]/CK (DFFRQX1M)              0.00       0.00 r
  U0_RegFile/regArr_reg[15][4]/Q (DFFRQX1M)               0.66       0.66 r
  U0_RegFile/U667/Y (INVX2M)                              0.32       0.97 f
  U0_RegFile/U480/Y (OAI22X1M)                            0.69       1.67 r
  U0_RegFile/regArr_reg[15][4]/D (DFFRQX1M)               0.00       1.67 r
  data arrival time                                                  1.67

  clock REG_CLK (rise edge)                             100.00     100.00
  clock network delay (ideal)                             0.00     100.00
  clock uncertainty                                      -0.20      99.80
  U0_RegFile/regArr_reg[15][4]/CK (DFFRQX1M)              0.00      99.80 r
  library setup time                                     -0.46      99.34
  data required time                                                99.34
  --------------------------------------------------------------------------
  data required time                                                99.34
  data arrival time                                                 -1.67
  --------------------------------------------------------------------------
  slack (MET)                                                       97.67


  Startpoint: U0_RegFile/regArr_reg[15][3]
              (rising edge-triggered flip-flop clocked by REG_CLK)
  Endpoint: U0_RegFile/regArr_reg[15][3]
            (rising edge-triggered flip-flop clocked by REG_CLK)
  Path Group: REG_CLK
  Path Type: max

  Des/Clust/Port     Wire Load Model       Library
  ------------------------------------------------
  System_Top         tsmc13_wl30           scmetro_tsmc_cl013g_rvt_ss_1p08v_125c

  Point                                                   Incr       Path
  --------------------------------------------------------------------------
  clock REG_CLK (rise edge)                               0.00       0.00
  clock network delay (ideal)                             0.00       0.00
  U0_RegFile/regArr_reg[15][3]/CK (DFFRQX1M)              0.00       0.00 r
  U0_RegFile/regArr_reg[15][3]/Q (DFFRQX1M)               0.66       0.66 r
  U0_RegFile/U665/Y (INVX2M)                              0.32       0.97 f
  U0_RegFile/U479/Y (OAI22X1M)                            0.69       1.67 r
  U0_RegFile/regArr_reg[15][3]/D (DFFRQX1M)               0.00       1.67 r
  data arrival time                                                  1.67

  clock REG_CLK (rise edge)                             100.00     100.00
  clock network delay (ideal)                             0.00     100.00
  clock uncertainty                                      -0.20      99.80
  U0_RegFile/regArr_reg[15][3]/CK (DFFRQX1M)              0.00      99.80 r
  library setup time                                     -0.46      99.34
  data required time                                                99.34
  --------------------------------------------------------------------------
  data required time                                                99.34
  data arrival time                                                 -1.67
  --------------------------------------------------------------------------
  slack (MET)                                                       97.67


  Startpoint: U0_RegFile/regArr_reg[15][2]
              (rising edge-triggered flip-flop clocked by REG_CLK)
  Endpoint: U0_RegFile/regArr_reg[15][2]
            (rising edge-triggered flip-flop clocked by REG_CLK)
  Path Group: REG_CLK
  Path Type: max

  Des/Clust/Port     Wire Load Model       Library
  ------------------------------------------------
  System_Top         tsmc13_wl30           scmetro_tsmc_cl013g_rvt_ss_1p08v_125c

  Point                                                   Incr       Path
  --------------------------------------------------------------------------
  clock REG_CLK (rise edge)                               0.00       0.00
  clock network delay (ideal)                             0.00       0.00
  U0_RegFile/regArr_reg[15][2]/CK (DFFRQX1M)              0.00       0.00 r
  U0_RegFile/regArr_reg[15][2]/Q (DFFRQX1M)               0.66       0.66 r
  U0_RegFile/U663/Y (INVX2M)                              0.32       0.97 f
  U0_RegFile/U478/Y (OAI22X1M)                            0.69       1.67 r
  U0_RegFile/regArr_reg[15][2]/D (DFFRQX1M)               0.00       1.67 r
  data arrival time                                                  1.67

  clock REG_CLK (rise edge)                             100.00     100.00
  clock network delay (ideal)                             0.00     100.00
  clock uncertainty                                      -0.20      99.80
  U0_RegFile/regArr_reg[15][2]/CK (DFFRQX1M)              0.00      99.80 r
  library setup time                                     -0.46      99.34
  data required time                                                99.34
  --------------------------------------------------------------------------
  data required time                                                99.34
  data arrival time                                                 -1.67
  --------------------------------------------------------------------------
  slack (MET)                                                       97.67


  Startpoint: U0_RegFile/regArr_reg[15][1]
              (rising edge-triggered flip-flop clocked by REG_CLK)
  Endpoint: U0_RegFile/regArr_reg[15][1]
            (rising edge-triggered flip-flop clocked by REG_CLK)
  Path Group: REG_CLK
  Path Type: max

  Des/Clust/Port     Wire Load Model       Library
  ------------------------------------------------
  System_Top         tsmc13_wl30           scmetro_tsmc_cl013g_rvt_ss_1p08v_125c

  Point                                                   Incr       Path
  --------------------------------------------------------------------------
  clock REG_CLK (rise edge)                               0.00       0.00
  clock network delay (ideal)                             0.00       0.00
  U0_RegFile/regArr_reg[15][1]/CK (DFFRQX1M)              0.00       0.00 r
  U0_RegFile/regArr_reg[15][1]/Q (DFFRQX1M)               0.66       0.66 r
  U0_RegFile/U661/Y (INVX2M)                              0.32       0.97 f
  U0_RegFile/U477/Y (OAI22X1M)                            0.69       1.67 r
  U0_RegFile/regArr_reg[15][1]/D (DFFRQX1M)               0.00       1.67 r
  data arrival time                                                  1.67

  clock REG_CLK (rise edge)                             100.00     100.00
  clock network delay (ideal)                             0.00     100.00
  clock uncertainty                                      -0.20      99.80
  U0_RegFile/regArr_reg[15][1]/CK (DFFRQX1M)              0.00      99.80 r
  library setup time                                     -0.46      99.34
  data required time                                                99.34
  --------------------------------------------------------------------------
  data required time                                                99.34
  data arrival time                                                 -1.67
  --------------------------------------------------------------------------
  slack (MET)                                                       97.67


  Startpoint: U0_RegFile/regArr_reg[15][0]
              (rising edge-triggered flip-flop clocked by REG_CLK)
  Endpoint: U0_RegFile/regArr_reg[15][0]
            (rising edge-triggered flip-flop clocked by REG_CLK)
  Path Group: REG_CLK
  Path Type: max

  Des/Clust/Port     Wire Load Model       Library
  ------------------------------------------------
  System_Top         tsmc13_wl30           scmetro_tsmc_cl013g_rvt_ss_1p08v_125c

  Point                                                   Incr       Path
  --------------------------------------------------------------------------
  clock REG_CLK (rise edge)                               0.00       0.00
  clock network delay (ideal)                             0.00       0.00
  U0_RegFile/regArr_reg[15][0]/CK (DFFRQX1M)              0.00       0.00 r
  U0_RegFile/regArr_reg[15][0]/Q (DFFRQX1M)               0.66       0.66 r
  U0_RegFile/U659/Y (INVX2M)                              0.32       0.97 f
  U0_RegFile/U476/Y (OAI22X1M)                            0.69       1.67 r
  U0_RegFile/regArr_reg[15][0]/D (DFFRQX1M)               0.00       1.67 r
  data arrival time                                                  1.67

  clock REG_CLK (rise edge)                             100.00     100.00
  clock network delay (ideal)                             0.00     100.00
  clock uncertainty                                      -0.20      99.80
  U0_RegFile/regArr_reg[15][0]/CK (DFFRQX1M)              0.00      99.80 r
  library setup time                                     -0.46      99.34
  data required time                                                99.34
  --------------------------------------------------------------------------
  data required time                                                99.34
  data arrival time                                                 -1.67
  --------------------------------------------------------------------------
  slack (MET)                                                       97.67


  Startpoint: U0_RegFile/regArr_reg[14][7]
              (rising edge-triggered flip-flop clocked by REG_CLK)
  Endpoint: U0_RegFile/regArr_reg[14][7]
            (rising edge-triggered flip-flop clocked by REG_CLK)
  Path Group: REG_CLK
  Path Type: max

  Des/Clust/Port     Wire Load Model       Library
  ------------------------------------------------
  System_Top         tsmc13_wl30           scmetro_tsmc_cl013g_rvt_ss_1p08v_125c

  Point                                                   Incr       Path
  --------------------------------------------------------------------------
  clock REG_CLK (rise edge)                               0.00       0.00
  clock network delay (ideal)                             0.00       0.00
  U0_RegFile/regArr_reg[14][7]/CK (DFFRQX1M)              0.00       0.00 r
  U0_RegFile/regArr_reg[14][7]/Q (DFFRQX1M)               0.66       0.66 r
  U0_RegFile/U672/Y (INVX2M)                              0.32       0.97 f
  U0_RegFile/U475/Y (OAI22X1M)                            0.69       1.67 r
  U0_RegFile/regArr_reg[14][7]/D (DFFRQX1M)               0.00       1.67 r
  data arrival time                                                  1.67

  clock REG_CLK (rise edge)                             100.00     100.00
  clock network delay (ideal)                             0.00     100.00
  clock uncertainty                                      -0.20      99.80
  U0_RegFile/regArr_reg[14][7]/CK (DFFRQX1M)              0.00      99.80 r
  library setup time                                     -0.46      99.34
  data required time                                                99.34
  --------------------------------------------------------------------------
  data required time                                                99.34
  data arrival time                                                 -1.67
  --------------------------------------------------------------------------
  slack (MET)                                                       97.67


  Startpoint: U0_RegFile/regArr_reg[14][6]
              (rising edge-triggered flip-flop clocked by REG_CLK)
  Endpoint: U0_RegFile/regArr_reg[14][6]
            (rising edge-triggered flip-flop clocked by REG_CLK)
  Path Group: REG_CLK
  Path Type: max

  Des/Clust/Port     Wire Load Model       Library
  ------------------------------------------------
  System_Top         tsmc13_wl30           scmetro_tsmc_cl013g_rvt_ss_1p08v_125c

  Point                                                   Incr       Path
  --------------------------------------------------------------------------
  clock REG_CLK (rise edge)                               0.00       0.00
  clock network delay (ideal)                             0.00       0.00
  U0_RegFile/regArr_reg[14][6]/CK (DFFRQX1M)              0.00       0.00 r
  U0_RegFile/regArr_reg[14][6]/Q (DFFRQX1M)               0.66       0.66 r
  U0_RegFile/U670/Y (INVX2M)                              0.32       0.97 f
  U0_RegFile/U474/Y (OAI22X1M)                            0.69       1.67 r
  U0_RegFile/regArr_reg[14][6]/D (DFFRQX1M)               0.00       1.67 r
  data arrival time                                                  1.67

  clock REG_CLK (rise edge)                             100.00     100.00
  clock network delay (ideal)                             0.00     100.00
  clock uncertainty                                      -0.20      99.80
  U0_RegFile/regArr_reg[14][6]/CK (DFFRQX1M)              0.00      99.80 r
  library setup time                                     -0.46      99.34
  data required time                                                99.34
  --------------------------------------------------------------------------
  data required time                                                99.34
  data arrival time                                                 -1.67
  --------------------------------------------------------------------------
  slack (MET)                                                       97.67


  Startpoint: U0_RegFile/regArr_reg[14][5]
              (rising edge-triggered flip-flop clocked by REG_CLK)
  Endpoint: U0_RegFile/regArr_reg[14][5]
            (rising edge-triggered flip-flop clocked by REG_CLK)
  Path Group: REG_CLK
  Path Type: max

  Des/Clust/Port     Wire Load Model       Library
  ------------------------------------------------
  System_Top         tsmc13_wl30           scmetro_tsmc_cl013g_rvt_ss_1p08v_125c

  Point                                                   Incr       Path
  --------------------------------------------------------------------------
  clock REG_CLK (rise edge)                               0.00       0.00
  clock network delay (ideal)                             0.00       0.00
  U0_RegFile/regArr_reg[14][5]/CK (DFFRQX1M)              0.00       0.00 r
  U0_RegFile/regArr_reg[14][5]/Q (DFFRQX1M)               0.66       0.66 r
  U0_RegFile/U668/Y (INVX2M)                              0.32       0.97 f
  U0_RegFile/U473/Y (OAI22X1M)                            0.69       1.67 r
  U0_RegFile/regArr_reg[14][5]/D (DFFRQX1M)               0.00       1.67 r
  data arrival time                                                  1.67

  clock REG_CLK (rise edge)                             100.00     100.00
  clock network delay (ideal)                             0.00     100.00
  clock uncertainty                                      -0.20      99.80
  U0_RegFile/regArr_reg[14][5]/CK (DFFRQX1M)              0.00      99.80 r
  library setup time                                     -0.46      99.34
  data required time                                                99.34
  --------------------------------------------------------------------------
  data required time                                                99.34
  data arrival time                                                 -1.67
  --------------------------------------------------------------------------
  slack (MET)                                                       97.67


  Startpoint: U0_RegFile/regArr_reg[14][4]
              (rising edge-triggered flip-flop clocked by REG_CLK)
  Endpoint: U0_RegFile/regArr_reg[14][4]
            (rising edge-triggered flip-flop clocked by REG_CLK)
  Path Group: REG_CLK
  Path Type: max

  Des/Clust/Port     Wire Load Model       Library
  ------------------------------------------------
  System_Top         tsmc13_wl30           scmetro_tsmc_cl013g_rvt_ss_1p08v_125c

  Point                                                   Incr       Path
  --------------------------------------------------------------------------
  clock REG_CLK (rise edge)                               0.00       0.00
  clock network delay (ideal)                             0.00       0.00
  U0_RegFile/regArr_reg[14][4]/CK (DFFRQX1M)              0.00       0.00 r
  U0_RegFile/regArr_reg[14][4]/Q (DFFRQX1M)               0.66       0.66 r
  U0_RegFile/U666/Y (INVX2M)                              0.32       0.97 f
  U0_RegFile/U472/Y (OAI22X1M)                            0.69       1.67 r
  U0_RegFile/regArr_reg[14][4]/D (DFFRQX1M)               0.00       1.67 r
  data arrival time                                                  1.67

  clock REG_CLK (rise edge)                             100.00     100.00
  clock network delay (ideal)                             0.00     100.00
  clock uncertainty                                      -0.20      99.80
  U0_RegFile/regArr_reg[14][4]/CK (DFFRQX1M)              0.00      99.80 r
  library setup time                                     -0.46      99.34
  data required time                                                99.34
  --------------------------------------------------------------------------
  data required time                                                99.34
  data arrival time                                                 -1.67
  --------------------------------------------------------------------------
  slack (MET)                                                       97.67


  Startpoint: U0_RegFile/regArr_reg[14][3]
              (rising edge-triggered flip-flop clocked by REG_CLK)
  Endpoint: U0_RegFile/regArr_reg[14][3]
            (rising edge-triggered flip-flop clocked by REG_CLK)
  Path Group: REG_CLK
  Path Type: max

  Des/Clust/Port     Wire Load Model       Library
  ------------------------------------------------
  System_Top         tsmc13_wl30           scmetro_tsmc_cl013g_rvt_ss_1p08v_125c

  Point                                                   Incr       Path
  --------------------------------------------------------------------------
  clock REG_CLK (rise edge)                               0.00       0.00
  clock network delay (ideal)                             0.00       0.00
  U0_RegFile/regArr_reg[14][3]/CK (DFFRQX1M)              0.00       0.00 r
  U0_RegFile/regArr_reg[14][3]/Q (DFFRQX1M)               0.66       0.66 r
  U0_RegFile/U664/Y (INVX2M)                              0.32       0.97 f
  U0_RegFile/U471/Y (OAI22X1M)                            0.69       1.67 r
  U0_RegFile/regArr_reg[14][3]/D (DFFRQX1M)               0.00       1.67 r
  data arrival time                                                  1.67

  clock REG_CLK (rise edge)                             100.00     100.00
  clock network delay (ideal)                             0.00     100.00
  clock uncertainty                                      -0.20      99.80
  U0_RegFile/regArr_reg[14][3]/CK (DFFRQX1M)              0.00      99.80 r
  library setup time                                     -0.46      99.34
  data required time                                                99.34
  --------------------------------------------------------------------------
  data required time                                                99.34
  data arrival time                                                 -1.67
  --------------------------------------------------------------------------
  slack (MET)                                                       97.67


  Startpoint: U0_RegFile/regArr_reg[14][2]
              (rising edge-triggered flip-flop clocked by REG_CLK)
  Endpoint: U0_RegFile/regArr_reg[14][2]
            (rising edge-triggered flip-flop clocked by REG_CLK)
  Path Group: REG_CLK
  Path Type: max

  Des/Clust/Port     Wire Load Model       Library
  ------------------------------------------------
  System_Top         tsmc13_wl30           scmetro_tsmc_cl013g_rvt_ss_1p08v_125c

  Point                                                   Incr       Path
  --------------------------------------------------------------------------
  clock REG_CLK (rise edge)                               0.00       0.00
  clock network delay (ideal)                             0.00       0.00
  U0_RegFile/regArr_reg[14][2]/CK (DFFRQX1M)              0.00       0.00 r
  U0_RegFile/regArr_reg[14][2]/Q (DFFRQX1M)               0.66       0.66 r
  U0_RegFile/U662/Y (INVX2M)                              0.32       0.97 f
  U0_RegFile/U470/Y (OAI22X1M)                            0.69       1.67 r
  U0_RegFile/regArr_reg[14][2]/D (DFFRQX1M)               0.00       1.67 r
  data arrival time                                                  1.67

  clock REG_CLK (rise edge)                             100.00     100.00
  clock network delay (ideal)                             0.00     100.00
  clock uncertainty                                      -0.20      99.80
  U0_RegFile/regArr_reg[14][2]/CK (DFFRQX1M)              0.00      99.80 r
  library setup time                                     -0.46      99.34
  data required time                                                99.34
  --------------------------------------------------------------------------
  data required time                                                99.34
  data arrival time                                                 -1.67
  --------------------------------------------------------------------------
  slack (MET)                                                       97.67


  Startpoint: U0_RegFile/regArr_reg[14][1]
              (rising edge-triggered flip-flop clocked by REG_CLK)
  Endpoint: U0_RegFile/regArr_reg[14][1]
            (rising edge-triggered flip-flop clocked by REG_CLK)
  Path Group: REG_CLK
  Path Type: max

  Des/Clust/Port     Wire Load Model       Library
  ------------------------------------------------
  System_Top         tsmc13_wl30           scmetro_tsmc_cl013g_rvt_ss_1p08v_125c

  Point                                                   Incr       Path
  --------------------------------------------------------------------------
  clock REG_CLK (rise edge)                               0.00       0.00
  clock network delay (ideal)                             0.00       0.00
  U0_RegFile/regArr_reg[14][1]/CK (DFFRQX1M)              0.00       0.00 r
  U0_RegFile/regArr_reg[14][1]/Q (DFFRQX1M)               0.66       0.66 r
  U0_RegFile/U660/Y (INVX2M)                              0.32       0.97 f
  U0_RegFile/U469/Y (OAI22X1M)                            0.69       1.67 r
  U0_RegFile/regArr_reg[14][1]/D (DFFRQX1M)               0.00       1.67 r
  data arrival time                                                  1.67

  clock REG_CLK (rise edge)                             100.00     100.00
  clock network delay (ideal)                             0.00     100.00
  clock uncertainty                                      -0.20      99.80
  U0_RegFile/regArr_reg[14][1]/CK (DFFRQX1M)              0.00      99.80 r
  library setup time                                     -0.46      99.34
  data required time                                                99.34
  --------------------------------------------------------------------------
  data required time                                                99.34
  data arrival time                                                 -1.67
  --------------------------------------------------------------------------
  slack (MET)                                                       97.67


  Startpoint: U0_RegFile/regArr_reg[14][0]
              (rising edge-triggered flip-flop clocked by REG_CLK)
  Endpoint: U0_RegFile/regArr_reg[14][0]
            (rising edge-triggered flip-flop clocked by REG_CLK)
  Path Group: REG_CLK
  Path Type: max

  Des/Clust/Port     Wire Load Model       Library
  ------------------------------------------------
  System_Top         tsmc13_wl30           scmetro_tsmc_cl013g_rvt_ss_1p08v_125c

  Point                                                   Incr       Path
  --------------------------------------------------------------------------
  clock REG_CLK (rise edge)                               0.00       0.00
  clock network delay (ideal)                             0.00       0.00
  U0_RegFile/regArr_reg[14][0]/CK (DFFRQX1M)              0.00       0.00 r
  U0_RegFile/regArr_reg[14][0]/Q (DFFRQX1M)               0.66       0.66 r
  U0_RegFile/U658/Y (INVX2M)                              0.32       0.97 f
  U0_RegFile/U468/Y (OAI22X1M)                            0.69       1.67 r
  U0_RegFile/regArr_reg[14][0]/D (DFFRQX1M)               0.00       1.67 r
  data arrival time                                                  1.67

  clock REG_CLK (rise edge)                             100.00     100.00
  clock network delay (ideal)                             0.00     100.00
  clock uncertainty                                      -0.20      99.80
  U0_RegFile/regArr_reg[14][0]/CK (DFFRQX1M)              0.00      99.80 r
  library setup time                                     -0.46      99.34
  data required time                                                99.34
  --------------------------------------------------------------------------
  data required time                                                99.34
  data arrival time                                                 -1.67
  --------------------------------------------------------------------------
  slack (MET)                                                       97.67


  Startpoint: U0_RegFile/regArr_reg[11][7]
              (rising edge-triggered flip-flop clocked by REG_CLK)
  Endpoint: U0_RegFile/regArr_reg[11][7]
            (rising edge-triggered flip-flop clocked by REG_CLK)
  Path Group: REG_CLK
  Path Type: max

  Des/Clust/Port     Wire Load Model       Library
  ------------------------------------------------
  System_Top         tsmc13_wl30           scmetro_tsmc_cl013g_rvt_ss_1p08v_125c

  Point                                                   Incr       Path
  --------------------------------------------------------------------------
  clock REG_CLK (rise edge)                               0.00       0.00
  clock network delay (ideal)                             0.00       0.00
  U0_RegFile/regArr_reg[11][7]/CK (DFFRQX1M)              0.00       0.00 r
  U0_RegFile/regArr_reg[11][7]/Q (DFFRQX1M)               0.89       0.89 r
  U0_RegFile/U641/Y (OAI2BB2X1M)                          0.47       1.36 r
  U0_RegFile/regArr_reg[11][7]/D (DFFRQX1M)               0.00       1.36 r
  data arrival time                                                  1.36

  clock REG_CLK (rise edge)                             100.00     100.00
  clock network delay (ideal)                             0.00     100.00
  clock uncertainty                                      -0.20      99.80
  U0_RegFile/regArr_reg[11][7]/CK (DFFRQX1M)              0.00      99.80 r
  library setup time                                     -0.44      99.36
  data required time                                                99.36
  --------------------------------------------------------------------------
  data required time                                                99.36
  data arrival time                                                 -1.36
  --------------------------------------------------------------------------
  slack (MET)                                                       98.00


  Startpoint: U0_RegFile/regArr_reg[10][7]
              (rising edge-triggered flip-flop clocked by REG_CLK)
  Endpoint: U0_RegFile/regArr_reg[10][7]
            (rising edge-triggered flip-flop clocked by REG_CLK)
  Path Group: REG_CLK
  Path Type: max

  Des/Clust/Port     Wire Load Model       Library
  ------------------------------------------------
  System_Top         tsmc13_wl30           scmetro_tsmc_cl013g_rvt_ss_1p08v_125c

  Point                                                   Incr       Path
  --------------------------------------------------------------------------
  clock REG_CLK (rise edge)                               0.00       0.00
  clock network delay (ideal)                             0.00       0.00
  U0_RegFile/regArr_reg[10][7]/CK (DFFRQX1M)              0.00       0.00 r
  U0_RegFile/regArr_reg[10][7]/Q (DFFRQX1M)               0.89       0.89 r
  U0_RegFile/U640/Y (OAI2BB2X1M)                          0.47       1.36 r
  U0_RegFile/regArr_reg[10][7]/D (DFFRQX1M)               0.00       1.36 r
  data arrival time                                                  1.36

  clock REG_CLK (rise edge)                             100.00     100.00
  clock network delay (ideal)                             0.00     100.00
  clock uncertainty                                      -0.20      99.80
  U0_RegFile/regArr_reg[10][7]/CK (DFFRQX1M)              0.00      99.80 r
  library setup time                                     -0.44      99.36
  data required time                                                99.36
  --------------------------------------------------------------------------
  data required time                                                99.36
  data arrival time                                                 -1.36
  --------------------------------------------------------------------------
  slack (MET)                                                       98.00


  Startpoint: U0_RegFile/regArr_reg[11][6]
              (rising edge-triggered flip-flop clocked by REG_CLK)
  Endpoint: U0_RegFile/regArr_reg[11][6]
            (rising edge-triggered flip-flop clocked by REG_CLK)
  Path Group: REG_CLK
  Path Type: max

  Des/Clust/Port     Wire Load Model       Library
  ------------------------------------------------
  System_Top         tsmc13_wl30           scmetro_tsmc_cl013g_rvt_ss_1p08v_125c

  Point                                                   Incr       Path
  --------------------------------------------------------------------------
  clock REG_CLK (rise edge)                               0.00       0.00
  clock network delay (ideal)                             0.00       0.00
  U0_RegFile/regArr_reg[11][6]/CK (DFFRQX1M)              0.00       0.00 r
  U0_RegFile/regArr_reg[11][6]/Q (DFFRQX1M)               0.89       0.89 r
  U0_RegFile/U615/Y (OAI2BB2X1M)                          0.47       1.36 r
  U0_RegFile/regArr_reg[11][6]/D (DFFRQX1M)               0.00       1.36 r
  data arrival time                                                  1.36

  clock REG_CLK (rise edge)                             100.00     100.00
  clock network delay (ideal)                             0.00     100.00
  clock uncertainty                                      -0.20      99.80
  U0_RegFile/regArr_reg[11][6]/CK (DFFRQX1M)              0.00      99.80 r
  library setup time                                     -0.44      99.36
  data required time                                                99.36
  --------------------------------------------------------------------------
  data required time                                                99.36
  data arrival time                                                 -1.36
  --------------------------------------------------------------------------
  slack (MET)                                                       98.00


  Startpoint: U0_RegFile/regArr_reg[11][5]
              (rising edge-triggered flip-flop clocked by REG_CLK)
  Endpoint: U0_RegFile/regArr_reg[11][5]
            (rising edge-triggered flip-flop clocked by REG_CLK)
  Path Group: REG_CLK
  Path Type: max

  Des/Clust/Port     Wire Load Model       Library
  ------------------------------------------------
  System_Top         tsmc13_wl30           scmetro_tsmc_cl013g_rvt_ss_1p08v_125c

  Point                                                   Incr       Path
  --------------------------------------------------------------------------
  clock REG_CLK (rise edge)                               0.00       0.00
  clock network delay (ideal)                             0.00       0.00
  U0_RegFile/regArr_reg[11][5]/CK (DFFRQX1M)              0.00       0.00 r
  U0_RegFile/regArr_reg[11][5]/Q (DFFRQX1M)               0.89       0.89 r
  U0_RegFile/U614/Y (OAI2BB2X1M)                          0.47       1.36 r
  U0_RegFile/regArr_reg[11][5]/D (DFFRQX1M)               0.00       1.36 r
  data arrival time                                                  1.36

  clock REG_CLK (rise edge)                             100.00     100.00
  clock network delay (ideal)                             0.00     100.00
  clock uncertainty                                      -0.20      99.80
  U0_RegFile/regArr_reg[11][5]/CK (DFFRQX1M)              0.00      99.80 r
  library setup time                                     -0.44      99.36
  data required time                                                99.36
  --------------------------------------------------------------------------
  data required time                                                99.36
  data arrival time                                                 -1.36
  --------------------------------------------------------------------------
  slack (MET)                                                       98.00


  Startpoint: U0_RegFile/regArr_reg[11][4]
              (rising edge-triggered flip-flop clocked by REG_CLK)
  Endpoint: U0_RegFile/regArr_reg[11][4]
            (rising edge-triggered flip-flop clocked by REG_CLK)
  Path Group: REG_CLK
  Path Type: max

  Des/Clust/Port     Wire Load Model       Library
  ------------------------------------------------
  System_Top         tsmc13_wl30           scmetro_tsmc_cl013g_rvt_ss_1p08v_125c

  Point                                                   Incr       Path
  --------------------------------------------------------------------------
  clock REG_CLK (rise edge)                               0.00       0.00
  clock network delay (ideal)                             0.00       0.00
  U0_RegFile/regArr_reg[11][4]/CK (DFFRQX1M)              0.00       0.00 r
  U0_RegFile/regArr_reg[11][4]/Q (DFFRQX1M)               0.89       0.89 r
  U0_RegFile/U613/Y (OAI2BB2X1M)                          0.47       1.36 r
  U0_RegFile/regArr_reg[11][4]/D (DFFRQX1M)               0.00       1.36 r
  data arrival time                                                  1.36

  clock REG_CLK (rise edge)                             100.00     100.00
  clock network delay (ideal)                             0.00     100.00
  clock uncertainty                                      -0.20      99.80
  U0_RegFile/regArr_reg[11][4]/CK (DFFRQX1M)              0.00      99.80 r
  library setup time                                     -0.44      99.36
  data required time                                                99.36
  --------------------------------------------------------------------------
  data required time                                                99.36
  data arrival time                                                 -1.36
  --------------------------------------------------------------------------
  slack (MET)                                                       98.00


  Startpoint: U0_RegFile/regArr_reg[11][3]
              (rising edge-triggered flip-flop clocked by REG_CLK)
  Endpoint: U0_RegFile/regArr_reg[11][3]
            (rising edge-triggered flip-flop clocked by REG_CLK)
  Path Group: REG_CLK
  Path Type: max

  Des/Clust/Port     Wire Load Model       Library
  ------------------------------------------------
  System_Top         tsmc13_wl30           scmetro_tsmc_cl013g_rvt_ss_1p08v_125c

  Point                                                   Incr       Path
  --------------------------------------------------------------------------
  clock REG_CLK (rise edge)                               0.00       0.00
  clock network delay (ideal)                             0.00       0.00
  U0_RegFile/regArr_reg[11][3]/CK (DFFRQX1M)              0.00       0.00 r
  U0_RegFile/regArr_reg[11][3]/Q (DFFRQX1M)               0.89       0.89 r
  U0_RegFile/U612/Y (OAI2BB2X1M)                          0.47       1.36 r
  U0_RegFile/regArr_reg[11][3]/D (DFFRQX1M)               0.00       1.36 r
  data arrival time                                                  1.36

  clock REG_CLK (rise edge)                             100.00     100.00
  clock network delay (ideal)                             0.00     100.00
  clock uncertainty                                      -0.20      99.80
  U0_RegFile/regArr_reg[11][3]/CK (DFFRQX1M)              0.00      99.80 r
  library setup time                                     -0.44      99.36
  data required time                                                99.36
  --------------------------------------------------------------------------
  data required time                                                99.36
  data arrival time                                                 -1.36
  --------------------------------------------------------------------------
  slack (MET)                                                       98.00


  Startpoint: U0_RegFile/regArr_reg[11][2]
              (rising edge-triggered flip-flop clocked by REG_CLK)
  Endpoint: U0_RegFile/regArr_reg[11][2]
            (rising edge-triggered flip-flop clocked by REG_CLK)
  Path Group: REG_CLK
  Path Type: max

  Des/Clust/Port     Wire Load Model       Library
  ------------------------------------------------
  System_Top         tsmc13_wl30           scmetro_tsmc_cl013g_rvt_ss_1p08v_125c

  Point                                                   Incr       Path
  --------------------------------------------------------------------------
  clock REG_CLK (rise edge)                               0.00       0.00
  clock network delay (ideal)                             0.00       0.00
  U0_RegFile/regArr_reg[11][2]/CK (DFFRQX1M)              0.00       0.00 r
  U0_RegFile/regArr_reg[11][2]/Q (DFFRQX1M)               0.89       0.89 r
  U0_RegFile/U611/Y (OAI2BB2X1M)                          0.47       1.36 r
  U0_RegFile/regArr_reg[11][2]/D (DFFRQX1M)               0.00       1.36 r
  data arrival time                                                  1.36

  clock REG_CLK (rise edge)                             100.00     100.00
  clock network delay (ideal)                             0.00     100.00
  clock uncertainty                                      -0.20      99.80
  U0_RegFile/regArr_reg[11][2]/CK (DFFRQX1M)              0.00      99.80 r
  library setup time                                     -0.44      99.36
  data required time                                                99.36
  --------------------------------------------------------------------------
  data required time                                                99.36
  data arrival time                                                 -1.36
  --------------------------------------------------------------------------
  slack (MET)                                                       98.00


  Startpoint: U0_RegFile/regArr_reg[11][1]
              (rising edge-triggered flip-flop clocked by REG_CLK)
  Endpoint: U0_RegFile/regArr_reg[11][1]
            (rising edge-triggered flip-flop clocked by REG_CLK)
  Path Group: REG_CLK
  Path Type: max

  Des/Clust/Port     Wire Load Model       Library
  ------------------------------------------------
  System_Top         tsmc13_wl30           scmetro_tsmc_cl013g_rvt_ss_1p08v_125c

  Point                                                   Incr       Path
  --------------------------------------------------------------------------
  clock REG_CLK (rise edge)                               0.00       0.00
  clock network delay (ideal)                             0.00       0.00
  U0_RegFile/regArr_reg[11][1]/CK (DFFRQX1M)              0.00       0.00 r
  U0_RegFile/regArr_reg[11][1]/Q (DFFRQX1M)               0.89       0.89 r
  U0_RegFile/U610/Y (OAI2BB2X1M)                          0.47       1.36 r
  U0_RegFile/regArr_reg[11][1]/D (DFFRQX1M)               0.00       1.36 r
  data arrival time                                                  1.36

  clock REG_CLK (rise edge)                             100.00     100.00
  clock network delay (ideal)                             0.00     100.00
  clock uncertainty                                      -0.20      99.80
  U0_RegFile/regArr_reg[11][1]/CK (DFFRQX1M)              0.00      99.80 r
  library setup time                                     -0.44      99.36
  data required time                                                99.36
  --------------------------------------------------------------------------
  data required time                                                99.36
  data arrival time                                                 -1.36
  --------------------------------------------------------------------------
  slack (MET)                                                       98.00


  Startpoint: U0_RegFile/regArr_reg[11][0]
              (rising edge-triggered flip-flop clocked by REG_CLK)
  Endpoint: U0_RegFile/regArr_reg[11][0]
            (rising edge-triggered flip-flop clocked by REG_CLK)
  Path Group: REG_CLK
  Path Type: max

  Des/Clust/Port     Wire Load Model       Library
  ------------------------------------------------
  System_Top         tsmc13_wl30           scmetro_tsmc_cl013g_rvt_ss_1p08v_125c

  Point                                                   Incr       Path
  --------------------------------------------------------------------------
  clock REG_CLK (rise edge)                               0.00       0.00
  clock network delay (ideal)                             0.00       0.00
  U0_RegFile/regArr_reg[11][0]/CK (DFFRQX1M)              0.00       0.00 r
  U0_RegFile/regArr_reg[11][0]/Q (DFFRQX1M)               0.89       0.89 r
  U0_RegFile/U609/Y (OAI2BB2X1M)                          0.47       1.36 r
  U0_RegFile/regArr_reg[11][0]/D (DFFRQX1M)               0.00       1.36 r
  data arrival time                                                  1.36

  clock REG_CLK (rise edge)                             100.00     100.00
  clock network delay (ideal)                             0.00     100.00
  clock uncertainty                                      -0.20      99.80
  U0_RegFile/regArr_reg[11][0]/CK (DFFRQX1M)              0.00      99.80 r
  library setup time                                     -0.44      99.36
  data required time                                                99.36
  --------------------------------------------------------------------------
  data required time                                                99.36
  data arrival time                                                 -1.36
  --------------------------------------------------------------------------
  slack (MET)                                                       98.00


  Startpoint: U0_RegFile/regArr_reg[10][6]
              (rising edge-triggered flip-flop clocked by REG_CLK)
  Endpoint: U0_RegFile/regArr_reg[10][6]
            (rising edge-triggered flip-flop clocked by REG_CLK)
  Path Group: REG_CLK
  Path Type: max

  Des/Clust/Port     Wire Load Model       Library
  ------------------------------------------------
  System_Top         tsmc13_wl30           scmetro_tsmc_cl013g_rvt_ss_1p08v_125c

  Point                                                   Incr       Path
  --------------------------------------------------------------------------
  clock REG_CLK (rise edge)                               0.00       0.00
  clock network delay (ideal)                             0.00       0.00
  U0_RegFile/regArr_reg[10][6]/CK (DFFRQX1M)              0.00       0.00 r
  U0_RegFile/regArr_reg[10][6]/Q (DFFRQX1M)               0.89       0.89 r
  U0_RegFile/U608/Y (OAI2BB2X1M)                          0.47       1.36 r
  U0_RegFile/regArr_reg[10][6]/D (DFFRQX1M)               0.00       1.36 r
  data arrival time                                                  1.36

  clock REG_CLK (rise edge)                             100.00     100.00
  clock network delay (ideal)                             0.00     100.00
  clock uncertainty                                      -0.20      99.80
  U0_RegFile/regArr_reg[10][6]/CK (DFFRQX1M)              0.00      99.80 r
  library setup time                                     -0.44      99.36
  data required time                                                99.36
  --------------------------------------------------------------------------
  data required time                                                99.36
  data arrival time                                                 -1.36
  --------------------------------------------------------------------------
  slack (MET)                                                       98.00


  Startpoint: U0_RegFile/regArr_reg[10][5]
              (rising edge-triggered flip-flop clocked by REG_CLK)
  Endpoint: U0_RegFile/regArr_reg[10][5]
            (rising edge-triggered flip-flop clocked by REG_CLK)
  Path Group: REG_CLK
  Path Type: max

  Des/Clust/Port     Wire Load Model       Library
  ------------------------------------------------
  System_Top         tsmc13_wl30           scmetro_tsmc_cl013g_rvt_ss_1p08v_125c

  Point                                                   Incr       Path
  --------------------------------------------------------------------------
  clock REG_CLK (rise edge)                               0.00       0.00
  clock network delay (ideal)                             0.00       0.00
  U0_RegFile/regArr_reg[10][5]/CK (DFFRQX1M)              0.00       0.00 r
  U0_RegFile/regArr_reg[10][5]/Q (DFFRQX1M)               0.89       0.89 r
  U0_RegFile/U607/Y (OAI2BB2X1M)                          0.47       1.36 r
  U0_RegFile/regArr_reg[10][5]/D (DFFRQX1M)               0.00       1.36 r
  data arrival time                                                  1.36

  clock REG_CLK (rise edge)                             100.00     100.00
  clock network delay (ideal)                             0.00     100.00
  clock uncertainty                                      -0.20      99.80
  U0_RegFile/regArr_reg[10][5]/CK (DFFRQX1M)              0.00      99.80 r
  library setup time                                     -0.44      99.36
  data required time                                                99.36
  --------------------------------------------------------------------------
  data required time                                                99.36
  data arrival time                                                 -1.36
  --------------------------------------------------------------------------
  slack (MET)                                                       98.00


  Startpoint: U0_RegFile/regArr_reg[10][4]
              (rising edge-triggered flip-flop clocked by REG_CLK)
  Endpoint: U0_RegFile/regArr_reg[10][4]
            (rising edge-triggered flip-flop clocked by REG_CLK)
  Path Group: REG_CLK
  Path Type: max

  Des/Clust/Port     Wire Load Model       Library
  ------------------------------------------------
  System_Top         tsmc13_wl30           scmetro_tsmc_cl013g_rvt_ss_1p08v_125c

  Point                                                   Incr       Path
  --------------------------------------------------------------------------
  clock REG_CLK (rise edge)                               0.00       0.00
  clock network delay (ideal)                             0.00       0.00
  U0_RegFile/regArr_reg[10][4]/CK (DFFRQX1M)              0.00       0.00 r
  U0_RegFile/regArr_reg[10][4]/Q (DFFRQX1M)               0.89       0.89 r
  U0_RegFile/U606/Y (OAI2BB2X1M)                          0.47       1.36 r
  U0_RegFile/regArr_reg[10][4]/D (DFFRQX1M)               0.00       1.36 r
  data arrival time                                                  1.36

  clock REG_CLK (rise edge)                             100.00     100.00
  clock network delay (ideal)                             0.00     100.00
  clock uncertainty                                      -0.20      99.80
  U0_RegFile/regArr_reg[10][4]/CK (DFFRQX1M)              0.00      99.80 r
  library setup time                                     -0.44      99.36
  data required time                                                99.36
  --------------------------------------------------------------------------
  data required time                                                99.36
  data arrival time                                                 -1.36
  --------------------------------------------------------------------------
  slack (MET)                                                       98.00


  Startpoint: U0_RegFile/regArr_reg[10][3]
              (rising edge-triggered flip-flop clocked by REG_CLK)
  Endpoint: U0_RegFile/regArr_reg[10][3]
            (rising edge-triggered flip-flop clocked by REG_CLK)
  Path Group: REG_CLK
  Path Type: max

  Des/Clust/Port     Wire Load Model       Library
  ------------------------------------------------
  System_Top         tsmc13_wl30           scmetro_tsmc_cl013g_rvt_ss_1p08v_125c

  Point                                                   Incr       Path
  --------------------------------------------------------------------------
  clock REG_CLK (rise edge)                               0.00       0.00
  clock network delay (ideal)                             0.00       0.00
  U0_RegFile/regArr_reg[10][3]/CK (DFFRQX1M)              0.00       0.00 r
  U0_RegFile/regArr_reg[10][3]/Q (DFFRQX1M)               0.89       0.89 r
  U0_RegFile/U605/Y (OAI2BB2X1M)                          0.47       1.36 r
  U0_RegFile/regArr_reg[10][3]/D (DFFRQX1M)               0.00       1.36 r
  data arrival time                                                  1.36

  clock REG_CLK (rise edge)                             100.00     100.00
  clock network delay (ideal)                             0.00     100.00
  clock uncertainty                                      -0.20      99.80
  U0_RegFile/regArr_reg[10][3]/CK (DFFRQX1M)              0.00      99.80 r
  library setup time                                     -0.44      99.36
  data required time                                                99.36
  --------------------------------------------------------------------------
  data required time                                                99.36
  data arrival time                                                 -1.36
  --------------------------------------------------------------------------
  slack (MET)                                                       98.00


  Startpoint: U0_RegFile/regArr_reg[10][2]
              (rising edge-triggered flip-flop clocked by REG_CLK)
  Endpoint: U0_RegFile/regArr_reg[10][2]
            (rising edge-triggered flip-flop clocked by REG_CLK)
  Path Group: REG_CLK
  Path Type: max

  Des/Clust/Port     Wire Load Model       Library
  ------------------------------------------------
  System_Top         tsmc13_wl30           scmetro_tsmc_cl013g_rvt_ss_1p08v_125c

  Point                                                   Incr       Path
  --------------------------------------------------------------------------
  clock REG_CLK (rise edge)                               0.00       0.00
  clock network delay (ideal)                             0.00       0.00
  U0_RegFile/regArr_reg[10][2]/CK (DFFRQX1M)              0.00       0.00 r
  U0_RegFile/regArr_reg[10][2]/Q (DFFRQX1M)               0.89       0.89 r
  U0_RegFile/U604/Y (OAI2BB2X1M)                          0.47       1.36 r
  U0_RegFile/regArr_reg[10][2]/D (DFFRQX1M)               0.00       1.36 r
  data arrival time                                                  1.36

  clock REG_CLK (rise edge)                             100.00     100.00
  clock network delay (ideal)                             0.00     100.00
  clock uncertainty                                      -0.20      99.80
  U0_RegFile/regArr_reg[10][2]/CK (DFFRQX1M)              0.00      99.80 r
  library setup time                                     -0.44      99.36
  data required time                                                99.36
  --------------------------------------------------------------------------
  data required time                                                99.36
  data arrival time                                                 -1.36
  --------------------------------------------------------------------------
  slack (MET)                                                       98.00


  Startpoint: U0_RegFile/regArr_reg[10][1]
              (rising edge-triggered flip-flop clocked by REG_CLK)
  Endpoint: U0_RegFile/regArr_reg[10][1]
            (rising edge-triggered flip-flop clocked by REG_CLK)
  Path Group: REG_CLK
  Path Type: max

  Des/Clust/Port     Wire Load Model       Library
  ------------------------------------------------
  System_Top         tsmc13_wl30           scmetro_tsmc_cl013g_rvt_ss_1p08v_125c

  Point                                                   Incr       Path
  --------------------------------------------------------------------------
  clock REG_CLK (rise edge)                               0.00       0.00
  clock network delay (ideal)                             0.00       0.00
  U0_RegFile/regArr_reg[10][1]/CK (DFFRQX1M)              0.00       0.00 r
  U0_RegFile/regArr_reg[10][1]/Q (DFFRQX1M)               0.89       0.89 r
  U0_RegFile/U603/Y (OAI2BB2X1M)                          0.47       1.36 r
  U0_RegFile/regArr_reg[10][1]/D (DFFRQX1M)               0.00       1.36 r
  data arrival time                                                  1.36

  clock REG_CLK (rise edge)                             100.00     100.00
  clock network delay (ideal)                             0.00     100.00
  clock uncertainty                                      -0.20      99.80
  U0_RegFile/regArr_reg[10][1]/CK (DFFRQX1M)              0.00      99.80 r
  library setup time                                     -0.44      99.36
  data required time                                                99.36
  --------------------------------------------------------------------------
  data required time                                                99.36
  data arrival time                                                 -1.36
  --------------------------------------------------------------------------
  slack (MET)                                                       98.00


  Startpoint: U0_RegFile/regArr_reg[10][0]
              (rising edge-triggered flip-flop clocked by REG_CLK)
  Endpoint: U0_RegFile/regArr_reg[10][0]
            (rising edge-triggered flip-flop clocked by REG_CLK)
  Path Group: REG_CLK
  Path Type: max

  Des/Clust/Port     Wire Load Model       Library
  ------------------------------------------------
  System_Top         tsmc13_wl30           scmetro_tsmc_cl013g_rvt_ss_1p08v_125c

  Point                                                   Incr       Path
  --------------------------------------------------------------------------
  clock REG_CLK (rise edge)                               0.00       0.00
  clock network delay (ideal)                             0.00       0.00
  U0_RegFile/regArr_reg[10][0]/CK (DFFRQX1M)              0.00       0.00 r
  U0_RegFile/regArr_reg[10][0]/Q (DFFRQX1M)               0.89       0.89 r
  U0_RegFile/U602/Y (OAI2BB2X1M)                          0.47       1.36 r
  U0_RegFile/regArr_reg[10][0]/D (DFFRQX1M)               0.00       1.36 r
  data arrival time                                                  1.36

  clock REG_CLK (rise edge)                             100.00     100.00
  clock network delay (ideal)                             0.00     100.00
  clock uncertainty                                      -0.20      99.80
  U0_RegFile/regArr_reg[10][0]/CK (DFFRQX1M)              0.00      99.80 r
  library setup time                                     -0.44      99.36
  data required time                                                99.36
  --------------------------------------------------------------------------
  data required time                                                99.36
  data arrival time                                                 -1.36
  --------------------------------------------------------------------------
  slack (MET)                                                       98.00


  Startpoint: U0_RegFile/regArr_reg[9][7]
              (rising edge-triggered flip-flop clocked by REG_CLK)
  Endpoint: U0_RegFile/regArr_reg[9][7]
            (rising edge-triggered flip-flop clocked by REG_CLK)
  Path Group: REG_CLK
  Path Type: max

  Des/Clust/Port     Wire Load Model       Library
  ------------------------------------------------
  System_Top         tsmc13_wl30           scmetro_tsmc_cl013g_rvt_ss_1p08v_125c

  Point                                                   Incr       Path
  --------------------------------------------------------------------------
  clock REG_CLK (rise edge)                               0.00       0.00
  clock network delay (ideal)                             0.00       0.00
  U0_RegFile/regArr_reg[9][7]/CK (DFFRQX1M)               0.00       0.00 r
  U0_RegFile/regArr_reg[9][7]/Q (DFFRQX1M)                0.89       0.89 r
  U0_RegFile/U643/Y (OAI2BB2X1M)                          0.47       1.36 r
  U0_RegFile/regArr_reg[9][7]/D (DFFRQX1M)                0.00       1.36 r
  data arrival time                                                  1.36

  clock REG_CLK (rise edge)                             100.00     100.00
  clock network delay (ideal)                             0.00     100.00
  clock uncertainty                                      -0.20      99.80
  U0_RegFile/regArr_reg[9][7]/CK (DFFRQX1M)               0.00      99.80 r
  library setup time                                     -0.44      99.36
  data required time                                                99.36
  --------------------------------------------------------------------------
  data required time                                                99.36
  data arrival time                                                 -1.36
  --------------------------------------------------------------------------
  slack (MET)                                                       98.00


  Startpoint: U0_RegFile/regArr_reg[8][7]
              (rising edge-triggered flip-flop clocked by REG_CLK)
  Endpoint: U0_RegFile/regArr_reg[8][7]
            (rising edge-triggered flip-flop clocked by REG_CLK)
  Path Group: REG_CLK
  Path Type: max

  Des/Clust/Port     Wire Load Model       Library
  ------------------------------------------------
  System_Top         tsmc13_wl30           scmetro_tsmc_cl013g_rvt_ss_1p08v_125c

  Point                                                   Incr       Path
  --------------------------------------------------------------------------
  clock REG_CLK (rise edge)                               0.00       0.00
  clock network delay (ideal)                             0.00       0.00
  U0_RegFile/regArr_reg[8][7]/CK (DFFRQX1M)               0.00       0.00 r
  U0_RegFile/regArr_reg[8][7]/Q (DFFRQX1M)                0.89       0.89 r
  U0_RegFile/U642/Y (OAI2BB2X1M)                          0.47       1.36 r
  U0_RegFile/regArr_reg[8][7]/D (DFFRQX1M)                0.00       1.36 r
  data arrival time                                                  1.36

  clock REG_CLK (rise edge)                             100.00     100.00
  clock network delay (ideal)                             0.00     100.00
  clock uncertainty                                      -0.20      99.80
  U0_RegFile/regArr_reg[8][7]/CK (DFFRQX1M)               0.00      99.80 r
  library setup time                                     -0.44      99.36
  data required time                                                99.36
  --------------------------------------------------------------------------
  data required time                                                99.36
  data arrival time                                                 -1.36
  --------------------------------------------------------------------------
  slack (MET)                                                       98.00


  Startpoint: U0_RegFile/regArr_reg[8][3]
              (rising edge-triggered flip-flop clocked by REG_CLK)
  Endpoint: U0_RegFile/regArr_reg[8][3]
            (rising edge-triggered flip-flop clocked by REG_CLK)
  Path Group: REG_CLK
  Path Type: max

  Des/Clust/Port     Wire Load Model       Library
  ------------------------------------------------
  System_Top         tsmc13_wl30           scmetro_tsmc_cl013g_rvt_ss_1p08v_125c

  Point                                                   Incr       Path
  --------------------------------------------------------------------------
  clock REG_CLK (rise edge)                               0.00       0.00
  clock network delay (ideal)                             0.00       0.00
  U0_RegFile/regArr_reg[8][3]/CK (DFFRQX1M)               0.00       0.00 r
  U0_RegFile/regArr_reg[8][3]/Q (DFFRQX1M)                0.89       0.89 r
  U0_RegFile/U619/Y (OAI2BB2X1M)                          0.47       1.36 r
  U0_RegFile/regArr_reg[8][3]/D (DFFRQX1M)                0.00       1.36 r
  data arrival time                                                  1.36

  clock REG_CLK (rise edge)                             100.00     100.00
  clock network delay (ideal)                             0.00     100.00
  clock uncertainty                                      -0.20      99.80
  U0_RegFile/regArr_reg[8][3]/CK (DFFRQX1M)               0.00      99.80 r
  library setup time                                     -0.44      99.36
  data required time                                                99.36
  --------------------------------------------------------------------------
  data required time                                                99.36
  data arrival time                                                 -1.36
  --------------------------------------------------------------------------
  slack (MET)                                                       98.00


  Startpoint: U0_RegFile/regArr_reg[8][2]
              (rising edge-triggered flip-flop clocked by REG_CLK)
  Endpoint: U0_RegFile/regArr_reg[8][2]
            (rising edge-triggered flip-flop clocked by REG_CLK)
  Path Group: REG_CLK
  Path Type: max

  Des/Clust/Port     Wire Load Model       Library
  ------------------------------------------------
  System_Top         tsmc13_wl30           scmetro_tsmc_cl013g_rvt_ss_1p08v_125c

  Point                                                   Incr       Path
  --------------------------------------------------------------------------
  clock REG_CLK (rise edge)                               0.00       0.00
  clock network delay (ideal)                             0.00       0.00
  U0_RegFile/regArr_reg[8][2]/CK (DFFRQX1M)               0.00       0.00 r
  U0_RegFile/regArr_reg[8][2]/Q (DFFRQX1M)                0.89       0.89 r
  U0_RegFile/U618/Y (OAI2BB2X1M)                          0.47       1.36 r
  U0_RegFile/regArr_reg[8][2]/D (DFFRQX1M)                0.00       1.36 r
  data arrival time                                                  1.36

  clock REG_CLK (rise edge)                             100.00     100.00
  clock network delay (ideal)                             0.00     100.00
  clock uncertainty                                      -0.20      99.80
  U0_RegFile/regArr_reg[8][2]/CK (DFFRQX1M)               0.00      99.80 r
  library setup time                                     -0.44      99.36
  data required time                                                99.36
  --------------------------------------------------------------------------
  data required time                                                99.36
  data arrival time                                                 -1.36
  --------------------------------------------------------------------------
  slack (MET)                                                       98.00


  Startpoint: U0_RegFile/regArr_reg[8][1]
              (rising edge-triggered flip-flop clocked by REG_CLK)
  Endpoint: U0_RegFile/regArr_reg[8][1]
            (rising edge-triggered flip-flop clocked by REG_CLK)
  Path Group: REG_CLK
  Path Type: max

  Des/Clust/Port     Wire Load Model       Library
  ------------------------------------------------
  System_Top         tsmc13_wl30           scmetro_tsmc_cl013g_rvt_ss_1p08v_125c

  Point                                                   Incr       Path
  --------------------------------------------------------------------------
  clock REG_CLK (rise edge)                               0.00       0.00
  clock network delay (ideal)                             0.00       0.00
  U0_RegFile/regArr_reg[8][1]/CK (DFFRQX1M)               0.00       0.00 r
  U0_RegFile/regArr_reg[8][1]/Q (DFFRQX1M)                0.89       0.89 r
  U0_RegFile/U617/Y (OAI2BB2X1M)                          0.47       1.36 r
  U0_RegFile/regArr_reg[8][1]/D (DFFRQX1M)                0.00       1.36 r
  data arrival time                                                  1.36

  clock REG_CLK (rise edge)                             100.00     100.00
  clock network delay (ideal)                             0.00     100.00
  clock uncertainty                                      -0.20      99.80
  U0_RegFile/regArr_reg[8][1]/CK (DFFRQX1M)               0.00      99.80 r
  library setup time                                     -0.44      99.36
  data required time                                                99.36
  --------------------------------------------------------------------------
  data required time                                                99.36
  data arrival time                                                 -1.36
  --------------------------------------------------------------------------
  slack (MET)                                                       98.00


  Startpoint: U0_RegFile/regArr_reg[8][0]
              (rising edge-triggered flip-flop clocked by REG_CLK)
  Endpoint: U0_RegFile/regArr_reg[8][0]
            (rising edge-triggered flip-flop clocked by REG_CLK)
  Path Group: REG_CLK
  Path Type: max

  Des/Clust/Port     Wire Load Model       Library
  ------------------------------------------------
  System_Top         tsmc13_wl30           scmetro_tsmc_cl013g_rvt_ss_1p08v_125c

  Point                                                   Incr       Path
  --------------------------------------------------------------------------
  clock REG_CLK (rise edge)                               0.00       0.00
  clock network delay (ideal)                             0.00       0.00
  U0_RegFile/regArr_reg[8][0]/CK (DFFRQX1M)               0.00       0.00 r
  U0_RegFile/regArr_reg[8][0]/Q (DFFRQX1M)                0.89       0.89 r
  U0_RegFile/U616/Y (OAI2BB2X1M)                          0.47       1.36 r
  U0_RegFile/regArr_reg[8][0]/D (DFFRQX1M)                0.00       1.36 r
  data arrival time                                                  1.36

  clock REG_CLK (rise edge)                             100.00     100.00
  clock network delay (ideal)                             0.00     100.00
  clock uncertainty                                      -0.20      99.80
  U0_RegFile/regArr_reg[8][0]/CK (DFFRQX1M)               0.00      99.80 r
  library setup time                                     -0.44      99.36
  data required time                                                99.36
  --------------------------------------------------------------------------
  data required time                                                99.36
  data arrival time                                                 -1.36
  --------------------------------------------------------------------------
  slack (MET)                                                       98.00


1
