 
****************************************
Report : timing
        -path full
        -delay min
        -max_paths 100
Design : System_Top
Version: K-2015.06
Date   : Sun Aug 10 17:11:06 2025
****************************************

Operating Conditions: scmetro_tsmc_cl013g_rvt_ff_1p32v_m40c   Library: scmetro_tsmc_cl013g_rvt_ff_1p32v_m40c
Wire Load Model Mode: top

  Startpoint: U0_RegFile/regArr_reg[1][0]
              (rising edge-triggered flip-flop clocked by REG_CLK)
  Endpoint: U0_ALU/ALU_OUT_reg[0]
            (rising edge-triggered flip-flop clocked by ALU_CLK)
  Path Group: ALU_CLK
  Path Type: min

  Des/Clust/Port     Wire Load Model       Library
  ------------------------------------------------
  System_Top         tsmc13_wl30           scmetro_tsmc_cl013g_rvt_ss_1p08v_125c

  Point                                                   Incr       Path
  --------------------------------------------------------------------------
  clock REG_CLK (rise edge)                               0.00       0.00
  clock network delay (ideal)                             0.00       0.00
  U0_RegFile/regArr_reg[1][0]/CK (DFFRQX1M)               0.00       0.00 r
  U0_RegFile/regArr_reg[1][0]/Q (DFFRQX1M)                0.68       0.68 f
  U0_RegFile/U334/Y (BUFX10M)                             0.52       1.20 f
  U0_RegFile/REG1[0] (RegFile)                            0.00       1.20 f
  U0_ALU/B[0] (ALU)                                       0.00       1.20 f
  U0_ALU/add_42/B[0] (ALU_DW01_add_0)                     0.00       1.20 f
  U0_ALU/add_42/U42/Y (XOR2X1M)                           0.50       1.70 f
  U0_ALU/add_42/SUM[0] (ALU_DW01_add_0)                   0.00       1.70 f
  U0_ALU/U215/Y (AOI22X1M)                                0.59       2.29 r
  U0_ALU/U214/Y (AOI31X2M)                                0.43       2.72 f
  U0_ALU/ALU_OUT_reg[0]/D (DFFRQX2M)                      0.00       2.72 f
  data arrival time                                                  2.72

  clock ALU_CLK (rise edge)                               0.00       0.00
  clock network delay (ideal)                             0.00       0.00
  clock uncertainty                                       0.10       0.10
  U0_ALU/ALU_OUT_reg[0]/CK (DFFRQX2M)                     0.00       0.10 r
  library hold time                                      -0.09       0.01
  data required time                                                 0.01
  --------------------------------------------------------------------------
  data required time                                                 0.01
  data arrival time                                                 -2.72
  --------------------------------------------------------------------------
  slack (MET)                                                        2.70


  Startpoint: U0_RegFile/regArr_reg[0][1]
              (rising edge-triggered flip-flop clocked by REG_CLK)
  Endpoint: U0_ALU/ALU_OUT_reg[1]
            (rising edge-triggered flip-flop clocked by ALU_CLK)
  Path Group: ALU_CLK
  Path Type: min

  Des/Clust/Port     Wire Load Model       Library
  ------------------------------------------------
  System_Top         tsmc13_wl30           scmetro_tsmc_cl013g_rvt_ss_1p08v_125c

  Point                                                   Incr       Path
  --------------------------------------------------------------------------
  clock REG_CLK (rise edge)                               0.00       0.00
  clock network delay (ideal)                             0.00       0.00
  U0_RegFile/regArr_reg[0][1]/CK (DFFSQX2M)               0.00       0.00 r
  U0_RegFile/regArr_reg[0][1]/Q (DFFSQX2M)                0.73       0.73 f
  U0_RegFile/REG0[1] (RegFile)                            0.00       0.73 f
  U0_ALU/A[1] (ALU)                                       0.00       0.73 f
  U0_ALU/U286/Y (INVX2M)                                  0.54       1.27 r
  U0_ALU/U247/Y (INVX6M)                                  0.50       1.78 f
  U0_ALU/U159/Y (AOI222X2M)                               0.65       2.43 r
  U0_ALU/U168/Y (AOI31X1M)                                0.60       3.03 f
  U0_ALU/ALU_OUT_reg[1]/D (DFFRQX1M)                      0.00       3.03 f
  data arrival time                                                  3.03

  clock ALU_CLK (rise edge)                               0.00       0.00
  clock network delay (ideal)                             0.00       0.00
  clock uncertainty                                       0.10       0.10
  U0_ALU/ALU_OUT_reg[1]/CK (DFFRQX1M)                     0.00       0.10 r
  library hold time                                      -0.08       0.02
  data required time                                                 0.02
  --------------------------------------------------------------------------
  data required time                                                 0.02
  data arrival time                                                 -3.03
  --------------------------------------------------------------------------
  slack (MET)                                                        3.01


  Startpoint: U0_RegFile/regArr_reg[0][3]
              (rising edge-triggered flip-flop clocked by REG_CLK)
  Endpoint: U0_ALU/ALU_OUT_reg[3]
            (rising edge-triggered flip-flop clocked by ALU_CLK)
  Path Group: ALU_CLK
  Path Type: min

  Des/Clust/Port     Wire Load Model       Library
  ------------------------------------------------
  System_Top         tsmc13_wl30           scmetro_tsmc_cl013g_rvt_ss_1p08v_125c

  Point                                                   Incr       Path
  --------------------------------------------------------------------------
  clock REG_CLK (rise edge)                               0.00       0.00
  clock network delay (ideal)                             0.00       0.00
  U0_RegFile/regArr_reg[0][3]/CK (DFFRQX2M)               0.00       0.00 r
  U0_RegFile/regArr_reg[0][3]/Q (DFFRQX2M)                0.74       0.74 f
  U0_RegFile/REG0[3] (RegFile)                            0.00       0.74 f
  U0_ALU/A[3] (ALU)                                       0.00       0.74 f
  U0_ALU/U264/Y (INVX2M)                                  0.55       1.30 r
  U0_ALU/U256/Y (INVX6M)                                  0.51       1.81 f
  U0_ALU/U157/Y (AOI222X2M)                               0.65       2.46 r
  U0_ALU/U171/Y (AOI31X1M)                                0.60       3.05 f
  U0_ALU/ALU_OUT_reg[3]/D (DFFRQX2M)                      0.00       3.05 f
  data arrival time                                                  3.05

  clock ALU_CLK (rise edge)                               0.00       0.00
  clock network delay (ideal)                             0.00       0.00
  clock uncertainty                                       0.10       0.10
  U0_ALU/ALU_OUT_reg[3]/CK (DFFRQX2M)                     0.00       0.10 r
  library hold time                                      -0.10       0.00
  data required time                                                 0.00
  --------------------------------------------------------------------------
  data required time                                                 0.00
  data arrival time                                                 -3.05
  --------------------------------------------------------------------------
  slack (MET)                                                        3.05


  Startpoint: U0_RegFile/regArr_reg[0][5]
              (rising edge-triggered flip-flop clocked by REG_CLK)
  Endpoint: U0_ALU/ALU_OUT_reg[5]
            (rising edge-triggered flip-flop clocked by ALU_CLK)
  Path Group: ALU_CLK
  Path Type: min

  Des/Clust/Port     Wire Load Model       Library
  ------------------------------------------------
  System_Top         tsmc13_wl30           scmetro_tsmc_cl013g_rvt_ss_1p08v_125c

  Point                                                   Incr       Path
  --------------------------------------------------------------------------
  clock REG_CLK (rise edge)                               0.00       0.00
  clock network delay (ideal)                             0.00       0.00
  U0_RegFile/regArr_reg[0][5]/CK (DFFRQX2M)               0.00       0.00 r
  U0_RegFile/regArr_reg[0][5]/Q (DFFRQX2M)                0.74       0.74 f
  U0_RegFile/REG0[5] (RegFile)                            0.00       0.74 f
  U0_ALU/A[5] (ALU)                                       0.00       0.74 f
  U0_ALU/U262/Y (INVX2M)                                  0.52       1.26 r
  U0_ALU/U257/Y (INVX4M)                                  0.55       1.81 f
  U0_ALU/U156/Y (AOI222X2M)                               0.67       2.48 r
  U0_ALU/U174/Y (AOI31X1M)                                0.60       3.08 f
  U0_ALU/ALU_OUT_reg[5]/D (DFFRQX2M)                      0.00       3.08 f
  data arrival time                                                  3.08

  clock ALU_CLK (rise edge)                               0.00       0.00
  clock network delay (ideal)                             0.00       0.00
  clock uncertainty                                       0.10       0.10
  U0_ALU/ALU_OUT_reg[5]/CK (DFFRQX2M)                     0.00       0.10 r
  library hold time                                      -0.10       0.00
  data required time                                                 0.00
  --------------------------------------------------------------------------
  data required time                                                 0.00
  data arrival time                                                 -3.08
  --------------------------------------------------------------------------
  slack (MET)                                                        3.08


  Startpoint: U0_RegFile/regArr_reg[0][7]
              (rising edge-triggered flip-flop clocked by REG_CLK)
  Endpoint: U0_ALU/ALU_OUT_reg[7]
            (rising edge-triggered flip-flop clocked by ALU_CLK)
  Path Group: ALU_CLK
  Path Type: min

  Des/Clust/Port     Wire Load Model       Library
  ------------------------------------------------
  System_Top         tsmc13_wl30           scmetro_tsmc_cl013g_rvt_ss_1p08v_125c

  Point                                                   Incr       Path
  --------------------------------------------------------------------------
  clock REG_CLK (rise edge)                               0.00       0.00
  clock network delay (ideal)                             0.00       0.00
  U0_RegFile/regArr_reg[0][7]/CK (DFFRQX1M)               0.00       0.00 r
  U0_RegFile/regArr_reg[0][7]/Q (DFFRQX1M)                0.65       0.65 f
  U0_RegFile/U332/Y (INVXLM)                              0.61       1.27 r
  U0_RegFile/U333/Y (INVX6M)                              0.59       1.85 f
  U0_RegFile/REG0[7] (RegFile)                            0.00       1.85 f
  U0_ALU/A[7] (ALU)                                       0.00       1.85 f
  U0_ALU/U154/Y (AOI222X2M)                               0.68       2.54 r
  U0_ALU/U184/Y (AOI31X1M)                                0.60       3.13 f
  U0_ALU/ALU_OUT_reg[7]/D (DFFRQX2M)                      0.00       3.13 f
  data arrival time                                                  3.13

  clock ALU_CLK (rise edge)                               0.00       0.00
  clock network delay (ideal)                             0.00       0.00
  clock uncertainty                                       0.10       0.10
  U0_ALU/ALU_OUT_reg[7]/CK (DFFRQX2M)                     0.00       0.10 r
  library hold time                                      -0.10       0.00
  data required time                                                 0.00
  --------------------------------------------------------------------------
  data required time                                                 0.00
  data arrival time                                                 -3.13
  --------------------------------------------------------------------------
  slack (MET)                                                        3.13


  Startpoint: U0_RegFile/regArr_reg[0][2]
              (rising edge-triggered flip-flop clocked by REG_CLK)
  Endpoint: U0_ALU/ALU_OUT_reg[2]
            (rising edge-triggered flip-flop clocked by ALU_CLK)
  Path Group: ALU_CLK
  Path Type: min

  Des/Clust/Port     Wire Load Model       Library
  ------------------------------------------------
  System_Top         tsmc13_wl30           scmetro_tsmc_cl013g_rvt_ss_1p08v_125c

  Point                                                   Incr       Path
  --------------------------------------------------------------------------
  clock REG_CLK (rise edge)                               0.00       0.00
  clock network delay (ideal)                             0.00       0.00
  U0_RegFile/regArr_reg[0][2]/CK (DFFRQX2M)               0.00       0.00 r
  U0_RegFile/regArr_reg[0][2]/Q (DFFRQX2M)                0.74       0.74 f
  U0_RegFile/REG0[2] (RegFile)                            0.00       0.74 f
  U0_ALU/A[2] (ALU)                                       0.00       0.74 f
  U0_ALU/U265/Y (INVX2M)                                  0.52       1.26 r
  U0_ALU/U179/Y (INVX4M)                                  0.59       1.86 f
  U0_ALU/U158/Y (AOI222X2M)                               0.68       2.54 r
  U0_ALU/U169/Y (AOI31X1M)                                0.60       3.14 f
  U0_ALU/ALU_OUT_reg[2]/D (DFFRQX2M)                      0.00       3.14 f
  data arrival time                                                  3.14

  clock ALU_CLK (rise edge)                               0.00       0.00
  clock network delay (ideal)                             0.00       0.00
  clock uncertainty                                       0.10       0.10
  U0_ALU/ALU_OUT_reg[2]/CK (DFFRQX2M)                     0.00       0.10 r
  library hold time                                      -0.10       0.00
  data required time                                                 0.00
  --------------------------------------------------------------------------
  data required time                                                 0.00
  data arrival time                                                 -3.14
  --------------------------------------------------------------------------
  slack (MET)                                                        3.14


  Startpoint: U0_RegFile/regArr_reg[0][4]
              (rising edge-triggered flip-flop clocked by REG_CLK)
  Endpoint: U0_ALU/ALU_OUT_reg[4]
            (rising edge-triggered flip-flop clocked by ALU_CLK)
  Path Group: ALU_CLK
  Path Type: min

  Des/Clust/Port     Wire Load Model       Library
  ------------------------------------------------
  System_Top         tsmc13_wl30           scmetro_tsmc_cl013g_rvt_ss_1p08v_125c

  Point                                                   Incr       Path
  --------------------------------------------------------------------------
  clock REG_CLK (rise edge)                               0.00       0.00
  clock network delay (ideal)                             0.00       0.00
  U0_RegFile/regArr_reg[0][4]/CK (DFFRQX2M)               0.00       0.00 r
  U0_RegFile/regArr_reg[0][4]/Q (DFFRQX2M)                0.74       0.74 f
  U0_RegFile/REG0[4] (RegFile)                            0.00       0.74 f
  U0_ALU/A[4] (ALU)                                       0.00       0.74 f
  U0_ALU/U263/Y (INVX2M)                                  0.54       1.28 r
  U0_ALU/U181/Y (INVX4M)                                  0.59       1.87 f
  U0_ALU/U160/Y (AOI222X2M)                               0.68       2.55 r
  U0_ALU/U173/Y (AOI31X1M)                                0.60       3.15 f
  U0_ALU/ALU_OUT_reg[4]/D (DFFRQX2M)                      0.00       3.15 f
  data arrival time                                                  3.15

  clock ALU_CLK (rise edge)                               0.00       0.00
  clock network delay (ideal)                             0.00       0.00
  clock uncertainty                                       0.10       0.10
  U0_ALU/ALU_OUT_reg[4]/CK (DFFRQX2M)                     0.00       0.10 r
  library hold time                                      -0.10       0.00
  data required time                                                 0.00
  --------------------------------------------------------------------------
  data required time                                                 0.00
  data arrival time                                                 -3.15
  --------------------------------------------------------------------------
  slack (MET)                                                        3.15


  Startpoint: U0_RegFile/regArr_reg[0][5]
              (rising edge-triggered flip-flop clocked by REG_CLK)
  Endpoint: U0_ALU/ALU_OUT_reg[6]
            (rising edge-triggered flip-flop clocked by ALU_CLK)
  Path Group: ALU_CLK
  Path Type: min

  Des/Clust/Port     Wire Load Model       Library
  ------------------------------------------------
  System_Top         tsmc13_wl30           scmetro_tsmc_cl013g_rvt_ss_1p08v_125c

  Point                                                   Incr       Path
  --------------------------------------------------------------------------
  clock REG_CLK (rise edge)                               0.00       0.00
  clock network delay (ideal)                             0.00       0.00
  U0_RegFile/regArr_reg[0][5]/CK (DFFRQX2M)               0.00       0.00 r
  U0_RegFile/regArr_reg[0][5]/Q (DFFRQX2M)                0.74       0.74 f
  U0_RegFile/REG0[5] (RegFile)                            0.00       0.74 f
  U0_ALU/A[5] (ALU)                                       0.00       0.74 f
  U0_ALU/U262/Y (INVX2M)                                  0.52       1.26 r
  U0_ALU/U257/Y (INVX4M)                                  0.55       1.81 f
  U0_ALU/U232/Y (AOI211X2M)                               0.80       2.62 r
  U0_ALU/U163/Y (AOI31X1M)                                0.59       3.21 f
  U0_ALU/ALU_OUT_reg[6]/D (DFFRQX2M)                      0.00       3.21 f
  data arrival time                                                  3.21

  clock ALU_CLK (rise edge)                               0.00       0.00
  clock network delay (ideal)                             0.00       0.00
  clock uncertainty                                       0.10       0.10
  U0_ALU/ALU_OUT_reg[6]/CK (DFFRQX2M)                     0.00       0.10 r
  library hold time                                      -0.10       0.00
  data required time                                                 0.00
  --------------------------------------------------------------------------
  data required time                                                 0.00
  data arrival time                                                 -3.21
  --------------------------------------------------------------------------
  slack (MET)                                                        3.21


  Startpoint: CLKG_EN (input port clocked by MASTER_CLK)
  Endpoint: U0_CLK_GATE/Latch_Out_reg
            (negative level-sensitive latch clocked by MASTER_CLK)
  Path Group: INREG
  Path Type: min

  Des/Clust/Port     Wire Load Model       Library
  ------------------------------------------------
  System_Top         tsmc13_wl30           scmetro_tsmc_cl013g_rvt_ss_1p08v_125c

  Point                                                   Incr       Path
  --------------------------------------------------------------------------
  clock MASTER_CLK (rise edge)                           50.00      50.00
  clock network delay (ideal)                             0.00      50.00
  input external delay                                   10.00      60.00 f
  CLKG_EN (in)                                            0.11      60.11 f
  U0_CLK_GATE/CLK_EN (CLK_GATE)                           0.00      60.11 f
  U0_CLK_GATE/Latch_Out_reg/D (TLATNX2M)                  0.00      60.11 f
  data arrival time                                                 60.11

  clock MASTER_CLK (rise edge)                           50.00      50.00
  clock network delay (ideal)                             0.00      50.00
  clock uncertainty                                       0.10      50.10
  U0_CLK_GATE/Latch_Out_reg/GN (TLATNX2M)                 0.00      50.10 r
  library hold time                                      -0.12      49.98
  data required time                                                49.98
  --------------------------------------------------------------------------
  data required time                                                49.98
  data arrival time                                                -60.11
  --------------------------------------------------------------------------
  slack (MET)                                                       10.13


  Startpoint: ALU_Enable (input port clocked by ALU_CLK)
  Endpoint: U0_ALU/OUT_VALID_reg
            (rising edge-triggered flip-flop clocked by ALU_CLK)
  Path Group: INREG
  Path Type: min

  Des/Clust/Port     Wire Load Model       Library
  ------------------------------------------------
  System_Top         tsmc13_wl30           scmetro_tsmc_cl013g_rvt_ss_1p08v_125c

  Point                                    Incr       Path
  -----------------------------------------------------------
  clock ALU_CLK (rise edge)                0.00       0.00
  clock network delay (ideal)              0.00       0.00
  input external delay                    10.00      10.00 f
  ALU_Enable (in)                          0.20      10.20 f
  U0_ALU/Enable (ALU)                      0.00      10.20 f
  U0_ALU/OUT_VALID_reg/D (DFFRQX2M)        0.00      10.20 f
  data arrival time                                  10.20

  clock ALU_CLK (rise edge)                0.00       0.00
  clock network delay (ideal)              0.00       0.00
  clock uncertainty                        0.10       0.10
  U0_ALU/OUT_VALID_reg/CK (DFFRQX2M)       0.00       0.10 r
  library hold time                       -0.08       0.02
  data required time                                  0.02
  -----------------------------------------------------------
  data required time                                  0.02
  data arrival time                                 -10.20
  -----------------------------------------------------------
  slack (MET)                                        10.18


  Startpoint: ALU_Enable (input port clocked by ALU_CLK)
  Endpoint: U0_ALU/ALU_OUT_reg[0]
            (rising edge-triggered flip-flop clocked by ALU_CLK)
  Path Group: INREG
  Path Type: min

  Des/Clust/Port     Wire Load Model       Library
  ------------------------------------------------
  System_Top         tsmc13_wl30           scmetro_tsmc_cl013g_rvt_ss_1p08v_125c

  Point                                    Incr       Path
  -----------------------------------------------------------
  clock ALU_CLK (rise edge)                0.00       0.00
  clock network delay (ideal)              0.00       0.00
  input external delay                    10.00      10.00 f
  ALU_Enable (in)                          0.20      10.20 f
  U0_ALU/Enable (ALU)                      0.00      10.20 f
  U0_ALU/U285/Y (INVX4M)                   0.79      10.99 r
  U0_ALU/U214/Y (AOI31X2M)                 0.32      11.31 f
  U0_ALU/ALU_OUT_reg[0]/D (DFFRQX2M)       0.00      11.31 f
  data arrival time                                  11.31

  clock ALU_CLK (rise edge)                0.00       0.00
  clock network delay (ideal)              0.00       0.00
  clock uncertainty                        0.10       0.10
  U0_ALU/ALU_OUT_reg[0]/CK (DFFRQX2M)      0.00       0.10 r
  library hold time                       -0.09       0.01
  data required time                                  0.01
  -----------------------------------------------------------
  data required time                                  0.01
  data arrival time                                 -11.31
  -----------------------------------------------------------
  slack (MET)                                        11.30


  Startpoint: ALU_Enable (input port clocked by ALU_CLK)
  Endpoint: U0_ALU/ALU_OUT_reg[1]
            (rising edge-triggered flip-flop clocked by ALU_CLK)
  Path Group: INREG
  Path Type: min

  Des/Clust/Port     Wire Load Model       Library
  ------------------------------------------------
  System_Top         tsmc13_wl30           scmetro_tsmc_cl013g_rvt_ss_1p08v_125c

  Point                                    Incr       Path
  -----------------------------------------------------------
  clock ALU_CLK (rise edge)                0.00       0.00
  clock network delay (ideal)              0.00       0.00
  input external delay                    10.00      10.00 f
  ALU_Enable (in)                          0.20      10.20 f
  U0_ALU/Enable (ALU)                      0.00      10.20 f
  U0_ALU/U285/Y (INVX4M)                   0.79      10.99 r
  U0_ALU/U168/Y (AOI31X1M)                 0.44      11.43 f
  U0_ALU/ALU_OUT_reg[1]/D (DFFRQX1M)       0.00      11.43 f
  data arrival time                                  11.43

  clock ALU_CLK (rise edge)                0.00       0.00
  clock network delay (ideal)              0.00       0.00
  clock uncertainty                        0.10       0.10
  U0_ALU/ALU_OUT_reg[1]/CK (DFFRQX1M)      0.00       0.10 r
  library hold time                       -0.08       0.02
  data required time                                  0.02
  -----------------------------------------------------------
  data required time                                  0.02
  data arrival time                                 -11.43
  -----------------------------------------------------------
  slack (MET)                                        11.41


  Startpoint: ALU_Enable (input port clocked by ALU_CLK)
  Endpoint: U0_ALU/ALU_OUT_reg[7]
            (rising edge-triggered flip-flop clocked by ALU_CLK)
  Path Group: INREG
  Path Type: min

  Des/Clust/Port     Wire Load Model       Library
  ------------------------------------------------
  System_Top         tsmc13_wl30           scmetro_tsmc_cl013g_rvt_ss_1p08v_125c

  Point                                    Incr       Path
  -----------------------------------------------------------
  clock ALU_CLK (rise edge)                0.00       0.00
  clock network delay (ideal)              0.00       0.00
  input external delay                    10.00      10.00 f
  ALU_Enable (in)                          0.20      10.20 f
  U0_ALU/Enable (ALU)                      0.00      10.20 f
  U0_ALU/U285/Y (INVX4M)                   0.79      10.99 r
  U0_ALU/U184/Y (AOI31X1M)                 0.44      11.43 f
  U0_ALU/ALU_OUT_reg[7]/D (DFFRQX2M)       0.00      11.43 f
  data arrival time                                  11.43

  clock ALU_CLK (rise edge)                0.00       0.00
  clock network delay (ideal)              0.00       0.00
  clock uncertainty                        0.10       0.10
  U0_ALU/ALU_OUT_reg[7]/CK (DFFRQX2M)      0.00       0.10 r
  library hold time                       -0.10       0.00
  data required time                                  0.00
  -----------------------------------------------------------
  data required time                                  0.00
  data arrival time                                 -11.43
  -----------------------------------------------------------
  slack (MET)                                        11.43


  Startpoint: ALU_Enable (input port clocked by ALU_CLK)
  Endpoint: U0_ALU/ALU_OUT_reg[6]
            (rising edge-triggered flip-flop clocked by ALU_CLK)
  Path Group: INREG
  Path Type: min

  Des/Clust/Port     Wire Load Model       Library
  ------------------------------------------------
  System_Top         tsmc13_wl30           scmetro_tsmc_cl013g_rvt_ss_1p08v_125c

  Point                                    Incr       Path
  -----------------------------------------------------------
  clock ALU_CLK (rise edge)                0.00       0.00
  clock network delay (ideal)              0.00       0.00
  input external delay                    10.00      10.00 f
  ALU_Enable (in)                          0.20      10.20 f
  U0_ALU/Enable (ALU)                      0.00      10.20 f
  U0_ALU/U285/Y (INVX4M)                   0.79      10.99 r
  U0_ALU/U163/Y (AOI31X1M)                 0.44      11.43 f
  U0_ALU/ALU_OUT_reg[6]/D (DFFRQX2M)       0.00      11.43 f
  data arrival time                                  11.43

  clock ALU_CLK (rise edge)                0.00       0.00
  clock network delay (ideal)              0.00       0.00
  clock uncertainty                        0.10       0.10
  U0_ALU/ALU_OUT_reg[6]/CK (DFFRQX2M)      0.00       0.10 r
  library hold time                       -0.10       0.00
  data required time                                  0.00
  -----------------------------------------------------------
  data required time                                  0.00
  data arrival time                                 -11.43
  -----------------------------------------------------------
  slack (MET)                                        11.43


  Startpoint: ALU_Enable (input port clocked by ALU_CLK)
  Endpoint: U0_ALU/ALU_OUT_reg[5]
            (rising edge-triggered flip-flop clocked by ALU_CLK)
  Path Group: INREG
  Path Type: min

  Des/Clust/Port     Wire Load Model       Library
  ------------------------------------------------
  System_Top         tsmc13_wl30           scmetro_tsmc_cl013g_rvt_ss_1p08v_125c

  Point                                    Incr       Path
  -----------------------------------------------------------
  clock ALU_CLK (rise edge)                0.00       0.00
  clock network delay (ideal)              0.00       0.00
  input external delay                    10.00      10.00 f
  ALU_Enable (in)                          0.20      10.20 f
  U0_ALU/Enable (ALU)                      0.00      10.20 f
  U0_ALU/U285/Y (INVX4M)                   0.79      10.99 r
  U0_ALU/U174/Y (AOI31X1M)                 0.44      11.43 f
  U0_ALU/ALU_OUT_reg[5]/D (DFFRQX2M)       0.00      11.43 f
  data arrival time                                  11.43

  clock ALU_CLK (rise edge)                0.00       0.00
  clock network delay (ideal)              0.00       0.00
  clock uncertainty                        0.10       0.10
  U0_ALU/ALU_OUT_reg[5]/CK (DFFRQX2M)      0.00       0.10 r
  library hold time                       -0.10       0.00
  data required time                                  0.00
  -----------------------------------------------------------
  data required time                                  0.00
  data arrival time                                 -11.43
  -----------------------------------------------------------
  slack (MET)                                        11.43


  Startpoint: ALU_Enable (input port clocked by ALU_CLK)
  Endpoint: U0_ALU/ALU_OUT_reg[4]
            (rising edge-triggered flip-flop clocked by ALU_CLK)
  Path Group: INREG
  Path Type: min

  Des/Clust/Port     Wire Load Model       Library
  ------------------------------------------------
  System_Top         tsmc13_wl30           scmetro_tsmc_cl013g_rvt_ss_1p08v_125c

  Point                                    Incr       Path
  -----------------------------------------------------------
  clock ALU_CLK (rise edge)                0.00       0.00
  clock network delay (ideal)              0.00       0.00
  input external delay                    10.00      10.00 f
  ALU_Enable (in)                          0.20      10.20 f
  U0_ALU/Enable (ALU)                      0.00      10.20 f
  U0_ALU/U285/Y (INVX4M)                   0.79      10.99 r
  U0_ALU/U173/Y (AOI31X1M)                 0.44      11.43 f
  U0_ALU/ALU_OUT_reg[4]/D (DFFRQX2M)       0.00      11.43 f
  data arrival time                                  11.43

  clock ALU_CLK (rise edge)                0.00       0.00
  clock network delay (ideal)              0.00       0.00
  clock uncertainty                        0.10       0.10
  U0_ALU/ALU_OUT_reg[4]/CK (DFFRQX2M)      0.00       0.10 r
  library hold time                       -0.10       0.00
  data required time                                  0.00
  -----------------------------------------------------------
  data required time                                  0.00
  data arrival time                                 -11.43
  -----------------------------------------------------------
  slack (MET)                                        11.43


  Startpoint: ALU_Enable (input port clocked by ALU_CLK)
  Endpoint: U0_ALU/ALU_OUT_reg[3]
            (rising edge-triggered flip-flop clocked by ALU_CLK)
  Path Group: INREG
  Path Type: min

  Des/Clust/Port     Wire Load Model       Library
  ------------------------------------------------
  System_Top         tsmc13_wl30           scmetro_tsmc_cl013g_rvt_ss_1p08v_125c

  Point                                    Incr       Path
  -----------------------------------------------------------
  clock ALU_CLK (rise edge)                0.00       0.00
  clock network delay (ideal)              0.00       0.00
  input external delay                    10.00      10.00 f
  ALU_Enable (in)                          0.20      10.20 f
  U0_ALU/Enable (ALU)                      0.00      10.20 f
  U0_ALU/U285/Y (INVX4M)                   0.79      10.99 r
  U0_ALU/U171/Y (AOI31X1M)                 0.44      11.43 f
  U0_ALU/ALU_OUT_reg[3]/D (DFFRQX2M)       0.00      11.43 f
  data arrival time                                  11.43

  clock ALU_CLK (rise edge)                0.00       0.00
  clock network delay (ideal)              0.00       0.00
  clock uncertainty                        0.10       0.10
  U0_ALU/ALU_OUT_reg[3]/CK (DFFRQX2M)      0.00       0.10 r
  library hold time                       -0.10       0.00
  data required time                                  0.00
  -----------------------------------------------------------
  data required time                                  0.00
  data arrival time                                 -11.43
  -----------------------------------------------------------
  slack (MET)                                        11.43


  Startpoint: ALU_Enable (input port clocked by ALU_CLK)
  Endpoint: U0_ALU/ALU_OUT_reg[2]
            (rising edge-triggered flip-flop clocked by ALU_CLK)
  Path Group: INREG
  Path Type: min

  Des/Clust/Port     Wire Load Model       Library
  ------------------------------------------------
  System_Top         tsmc13_wl30           scmetro_tsmc_cl013g_rvt_ss_1p08v_125c

  Point                                    Incr       Path
  -----------------------------------------------------------
  clock ALU_CLK (rise edge)                0.00       0.00
  clock network delay (ideal)              0.00       0.00
  input external delay                    10.00      10.00 f
  ALU_Enable (in)                          0.20      10.20 f
  U0_ALU/Enable (ALU)                      0.00      10.20 f
  U0_ALU/U285/Y (INVX4M)                   0.79      10.99 r
  U0_ALU/U169/Y (AOI31X1M)                 0.44      11.43 f
  U0_ALU/ALU_OUT_reg[2]/D (DFFRQX2M)       0.00      11.43 f
  data arrival time                                  11.43

  clock ALU_CLK (rise edge)                0.00       0.00
  clock network delay (ideal)              0.00       0.00
  clock uncertainty                        0.10       0.10
  U0_ALU/ALU_OUT_reg[2]/CK (DFFRQX2M)      0.00       0.10 r
  library hold time                       -0.10       0.00
  data required time                                  0.00
  -----------------------------------------------------------
  data required time                                  0.00
  data arrival time                                 -11.43
  -----------------------------------------------------------
  slack (MET)                                        11.43


  Startpoint: CLKDIV_EN (input port clocked by MASTER_CLK)
  Endpoint: U0_ClkDiv/count_reg[2]
            (rising edge-triggered flip-flop clocked by MASTER_CLK)
  Path Group: INREG
  Path Type: min

  Des/Clust/Port     Wire Load Model       Library
  ------------------------------------------------
  System_Top         tsmc13_wl30           scmetro_tsmc_cl013g_rvt_ss_1p08v_125c

  Point                                    Incr       Path
  -----------------------------------------------------------
  clock MASTER_CLK (rise edge)             0.00       0.00
  clock network delay (ideal)              0.00       0.00
  input external delay                    10.00      10.00 r
  CLKDIV_EN (in)                           0.18      10.18 r
  U0_ClkDiv/i_clk_en (ClkDiv)              0.00      10.18 r
  U0_ClkDiv/U49/Y (OAI31X2M)               0.21      10.39 f
  U0_ClkDiv/U48/Y (BUFX4M)                 0.50      10.89 f
  U0_ClkDiv/U61/Y (AO22XLM)                0.63      11.52 f
  U0_ClkDiv/count_reg[2]/D (DFFRQX4M)      0.00      11.52 f
  data arrival time                                  11.52

  clock MASTER_CLK (rise edge)             0.00       0.00
  clock network delay (ideal)              0.00       0.00
  clock uncertainty                        0.10       0.10
  U0_ClkDiv/count_reg[2]/CK (DFFRQX4M)     0.00       0.10 r
  library hold time                       -0.08       0.02
  data required time                                  0.02
  -----------------------------------------------------------
  data required time                                  0.02
  data arrival time                                 -11.52
  -----------------------------------------------------------
  slack (MET)                                        11.50


  Startpoint: CLKDIV_EN (input port clocked by MASTER_CLK)
  Endpoint: U0_ClkDiv/count_reg[4]
            (rising edge-triggered flip-flop clocked by MASTER_CLK)
  Path Group: INREG
  Path Type: min

  Des/Clust/Port     Wire Load Model       Library
  ------------------------------------------------
  System_Top         tsmc13_wl30           scmetro_tsmc_cl013g_rvt_ss_1p08v_125c

  Point                                    Incr       Path
  -----------------------------------------------------------
  clock MASTER_CLK (rise edge)             0.00       0.00
  clock network delay (ideal)              0.00       0.00
  input external delay                    10.00      10.00 r
  CLKDIV_EN (in)                           0.18      10.18 r
  U0_ClkDiv/i_clk_en (ClkDiv)              0.00      10.18 r
  U0_ClkDiv/U49/Y (OAI31X2M)               0.21      10.39 f
  U0_ClkDiv/U48/Y (BUFX4M)                 0.50      10.89 f
  U0_ClkDiv/U60/Y (AO22XLM)                0.63      11.52 f
  U0_ClkDiv/count_reg[4]/D (DFFRQX4M)      0.00      11.52 f
  data arrival time                                  11.52

  clock MASTER_CLK (rise edge)             0.00       0.00
  clock network delay (ideal)              0.00       0.00
  clock uncertainty                        0.10       0.10
  U0_ClkDiv/count_reg[4]/CK (DFFRQX4M)     0.00       0.10 r
  library hold time                       -0.08       0.02
  data required time                                  0.02
  -----------------------------------------------------------
  data required time                                  0.02
  data arrival time                                 -11.52
  -----------------------------------------------------------
  slack (MET)                                        11.50


  Startpoint: CLKDIV_EN (input port clocked by MASTER_CLK)
  Endpoint: U0_ClkDiv/count_reg[0]
            (rising edge-triggered flip-flop clocked by MASTER_CLK)
  Path Group: INREG
  Path Type: min

  Des/Clust/Port     Wire Load Model       Library
  ------------------------------------------------
  System_Top         tsmc13_wl30           scmetro_tsmc_cl013g_rvt_ss_1p08v_125c

  Point                                    Incr       Path
  -----------------------------------------------------------
  clock MASTER_CLK (rise edge)             0.00       0.00
  clock network delay (ideal)              0.00       0.00
  input external delay                    10.00      10.00 r
  CLKDIV_EN (in)                           0.18      10.18 r
  U0_ClkDiv/i_clk_en (ClkDiv)              0.00      10.18 r
  U0_ClkDiv/U49/Y (OAI31X2M)               0.21      10.39 f
  U0_ClkDiv/U48/Y (BUFX4M)                 0.50      10.89 f
  U0_ClkDiv/U59/Y (AO22XLM)                0.63      11.52 f
  U0_ClkDiv/count_reg[0]/D (DFFRQX4M)      0.00      11.52 f
  data arrival time                                  11.52

  clock MASTER_CLK (rise edge)             0.00       0.00
  clock network delay (ideal)              0.00       0.00
  clock uncertainty                        0.10       0.10
  U0_ClkDiv/count_reg[0]/CK (DFFRQX4M)     0.00       0.10 r
  library hold time                       -0.08       0.02
  data required time                                  0.02
  -----------------------------------------------------------
  data required time                                  0.02
  data arrival time                                 -11.52
  -----------------------------------------------------------
  slack (MET)                                        11.50


  Startpoint: CLKDIV_EN (input port clocked by MASTER_CLK)
  Endpoint: U0_ClkDiv/count_reg[6]
            (rising edge-triggered flip-flop clocked by MASTER_CLK)
  Path Group: INREG
  Path Type: min

  Des/Clust/Port     Wire Load Model       Library
  ------------------------------------------------
  System_Top         tsmc13_wl30           scmetro_tsmc_cl013g_rvt_ss_1p08v_125c

  Point                                    Incr       Path
  -----------------------------------------------------------
  clock MASTER_CLK (rise edge)             0.00       0.00
  clock network delay (ideal)              0.00       0.00
  input external delay                    10.00      10.00 r
  CLKDIV_EN (in)                           0.18      10.18 r
  U0_ClkDiv/i_clk_en (ClkDiv)              0.00      10.18 r
  U0_ClkDiv/U49/Y (OAI31X2M)               0.21      10.39 f
  U0_ClkDiv/U48/Y (BUFX4M)                 0.50      10.89 f
  U0_ClkDiv/U58/Y (AO22XLM)                0.63      11.52 f
  U0_ClkDiv/count_reg[6]/D (DFFRQX2M)      0.00      11.52 f
  data arrival time                                  11.52

  clock MASTER_CLK (rise edge)             0.00       0.00
  clock network delay (ideal)              0.00       0.00
  clock uncertainty                        0.10       0.10
  U0_ClkDiv/count_reg[6]/CK (DFFRQX2M)     0.00       0.10 r
  library hold time                       -0.09       0.01
  data required time                                  0.01
  -----------------------------------------------------------
  data required time                                  0.01
  data arrival time                                 -11.52
  -----------------------------------------------------------
  slack (MET)                                        11.51


  Startpoint: CLKDIV_EN (input port clocked by MASTER_CLK)
  Endpoint: U0_ClkDiv/count_reg[5]
            (rising edge-triggered flip-flop clocked by MASTER_CLK)
  Path Group: INREG
  Path Type: min

  Des/Clust/Port     Wire Load Model       Library
  ------------------------------------------------
  System_Top         tsmc13_wl30           scmetro_tsmc_cl013g_rvt_ss_1p08v_125c

  Point                                    Incr       Path
  -----------------------------------------------------------
  clock MASTER_CLK (rise edge)             0.00       0.00
  clock network delay (ideal)              0.00       0.00
  input external delay                    10.00      10.00 r
  CLKDIV_EN (in)                           0.18      10.18 r
  U0_ClkDiv/i_clk_en (ClkDiv)              0.00      10.18 r
  U0_ClkDiv/U49/Y (OAI31X2M)               0.21      10.39 f
  U0_ClkDiv/U48/Y (BUFX4M)                 0.50      10.89 f
  U0_ClkDiv/U57/Y (AO22XLM)                0.63      11.52 f
  U0_ClkDiv/count_reg[5]/D (DFFRQX2M)      0.00      11.52 f
  data arrival time                                  11.52

  clock MASTER_CLK (rise edge)             0.00       0.00
  clock network delay (ideal)              0.00       0.00
  clock uncertainty                        0.10       0.10
  U0_ClkDiv/count_reg[5]/CK (DFFRQX2M)     0.00       0.10 r
  library hold time                       -0.09       0.01
  data required time                                  0.01
  -----------------------------------------------------------
  data required time                                  0.01
  data arrival time                                 -11.52
  -----------------------------------------------------------
  slack (MET)                                        11.51


  Startpoint: CLKDIV_EN (input port clocked by MASTER_CLK)
  Endpoint: U0_ClkDiv/div_clk_reg
            (rising edge-triggered flip-flop clocked by MASTER_CLK)
  Path Group: INREG
  Path Type: min

  Des/Clust/Port     Wire Load Model       Library
  ------------------------------------------------
  System_Top         tsmc13_wl30           scmetro_tsmc_cl013g_rvt_ss_1p08v_125c

  Point                                    Incr       Path
  -----------------------------------------------------------
  clock MASTER_CLK (rise edge)             0.00       0.00
  clock network delay (ideal)              0.00       0.00
  input external delay                    10.00      10.00 r
  CLKDIV_EN (in)                           0.18      10.18 r
  U0_ClkDiv/i_clk_en (ClkDiv)              0.00      10.18 r
  U0_ClkDiv/U49/Y (OAI31X2M)               0.21      10.39 f
  U0_ClkDiv/U48/Y (BUFX4M)                 0.50      10.89 f
  U0_ClkDiv/U63/Y (AOI21X1M)               0.58      11.48 r
  U0_ClkDiv/U62/Y (CLKXOR2X2M)             0.60      12.07 f
  U0_ClkDiv/div_clk_reg/D (DFFRQX2M)       0.00      12.07 f
  data arrival time                                  12.07

  clock MASTER_CLK (rise edge)             0.00       0.00
  clock network delay (ideal)              0.00       0.00
  clock uncertainty                        0.10       0.10
  U0_ClkDiv/div_clk_reg/CK (DFFRQX2M)      0.00       0.10 r
  library hold time                       -0.07       0.03
  data required time                                  0.03
  -----------------------------------------------------------
  data required time                                  0.03
  data arrival time                                 -12.07
  -----------------------------------------------------------
  slack (MET)                                        12.05


  Startpoint: CLKDIV_EN (input port clocked by MASTER_CLK)
  Endpoint: U0_ClkDiv/odd_edge_tog_reg
            (rising edge-triggered flip-flop clocked by MASTER_CLK)
  Path Group: INREG
  Path Type: min

  Des/Clust/Port     Wire Load Model       Library
  ------------------------------------------------
  System_Top         tsmc13_wl30           scmetro_tsmc_cl013g_rvt_ss_1p08v_125c

  Point                                                   Incr       Path
  --------------------------------------------------------------------------
  clock MASTER_CLK (rise edge)                            0.00       0.00
  clock network delay (ideal)                             0.00       0.00
  input external delay                                   10.00      10.00 f
  CLKDIV_EN (in)                                          0.11      10.11 f
  U0_ClkDiv/i_clk_en (ClkDiv)                             0.00      10.11 f
  U0_ClkDiv/U49/Y (OAI31X2M)                              0.25      10.36 r
  U0_ClkDiv/U48/Y (BUFX4M)                                0.83      11.19 r
  U0_ClkDiv/U65/Y (NOR2X1M)                               0.46      11.65 f
  U0_ClkDiv/U64/Y (CLKXOR2X2M)                            0.48      12.12 f
  U0_ClkDiv/odd_edge_tog_reg/D (DFFSX1M)                  0.00      12.12 f
  data arrival time                                                 12.12

  clock MASTER_CLK (rise edge)                            0.00       0.00
  clock network delay (ideal)                             0.00       0.00
  clock uncertainty                                       0.10       0.10
  U0_ClkDiv/odd_edge_tog_reg/CK (DFFSX1M)                 0.00       0.10 r
  library hold time                                      -0.05       0.05
  data required time                                                 0.05
  --------------------------------------------------------------------------
  data required time                                                 0.05
  data arrival time                                                -12.12
  --------------------------------------------------------------------------
  slack (MET)                                                       12.07


  Startpoint: CLKDIV_EN (input port clocked by MASTER_CLK)
  Endpoint: U0_ClkDiv/count_reg[1]
            (rising edge-triggered flip-flop clocked by MASTER_CLK)
  Path Group: INREG
  Path Type: min

  Des/Clust/Port     Wire Load Model       Library
  ------------------------------------------------
  System_Top         tsmc13_wl30           scmetro_tsmc_cl013g_rvt_ss_1p08v_125c

  Point                                    Incr       Path
  -----------------------------------------------------------
  clock MASTER_CLK (rise edge)             0.00       0.00
  clock network delay (ideal)              0.00       0.00
  input external delay                    10.00      10.00 r
  CLKDIV_EN (in)                           0.18      10.18 r
  U0_ClkDiv/i_clk_en (ClkDiv)              0.00      10.18 r
  U0_ClkDiv/U49/Y (OAI31X2M)               0.21      10.39 f
  U0_ClkDiv/U48/Y (BUFX4M)                 0.50      10.89 f
  U0_ClkDiv/U51/Y (CLKINVX2M)              0.85      11.75 r
  U0_ClkDiv/U56/Y (OAI2BB2X1M)             0.58      12.32 f
  U0_ClkDiv/count_reg[1]/D (DFFRX2M)       0.00      12.32 f
  data arrival time                                  12.32

  clock MASTER_CLK (rise edge)             0.00       0.00
  clock network delay (ideal)              0.00       0.00
  clock uncertainty                        0.10       0.10
  U0_ClkDiv/count_reg[1]/CK (DFFRX2M)      0.00       0.10 r
  library hold time                       -0.07       0.03
  data required time                                  0.03
  -----------------------------------------------------------
  data required time                                  0.03
  data arrival time                                 -12.32
  -----------------------------------------------------------
  slack (MET)                                        12.30


  Startpoint: CLKDIV_EN (input port clocked by MASTER_CLK)
  Endpoint: U0_ClkDiv/count_reg[3]
            (rising edge-triggered flip-flop clocked by MASTER_CLK)
  Path Group: INREG
  Path Type: min

  Des/Clust/Port     Wire Load Model       Library
  ------------------------------------------------
  System_Top         tsmc13_wl30           scmetro_tsmc_cl013g_rvt_ss_1p08v_125c

  Point                                    Incr       Path
  -----------------------------------------------------------
  clock MASTER_CLK (rise edge)             0.00       0.00
  clock network delay (ideal)              0.00       0.00
  input external delay                    10.00      10.00 r
  CLKDIV_EN (in)                           0.18      10.18 r
  U0_ClkDiv/i_clk_en (ClkDiv)              0.00      10.18 r
  U0_ClkDiv/U49/Y (OAI31X2M)               0.21      10.39 f
  U0_ClkDiv/U48/Y (BUFX4M)                 0.50      10.89 f
  U0_ClkDiv/U51/Y (CLKINVX2M)              0.85      11.75 r
  U0_ClkDiv/U55/Y (OAI2BB2X1M)             0.58      12.32 f
  U0_ClkDiv/count_reg[3]/D (DFFRX2M)       0.00      12.32 f
  data arrival time                                  12.32

  clock MASTER_CLK (rise edge)             0.00       0.00
  clock network delay (ideal)              0.00       0.00
  clock uncertainty                        0.10       0.10
  U0_ClkDiv/count_reg[3]/CK (DFFRX2M)      0.00       0.10 r
  library hold time                       -0.07       0.03
  data required time                                  0.03
  -----------------------------------------------------------
  data required time                                  0.03
  data arrival time                                 -12.32
  -----------------------------------------------------------
  slack (MET)                                        12.30


  Startpoint: RdEn (input port clocked by REG_CLK)
  Endpoint: U0_RegFile/RdData_reg[7]
            (rising edge-triggered flip-flop clocked by REG_CLK)
  Path Group: INREG
  Path Type: min

  Des/Clust/Port     Wire Load Model       Library
  ------------------------------------------------
  System_Top         tsmc13_wl30           scmetro_tsmc_cl013g_rvt_ss_1p08v_125c

  Point                                                   Incr       Path
  --------------------------------------------------------------------------
  clock REG_CLK (rise edge)                               0.00       0.00
  clock network delay (ideal)                             0.00       0.00
  input external delay                                   20.00      20.00 f
  RdEn (in)                                               0.21      20.21 f
  U0_RegFile/RdEn (RegFile)                               0.00      20.21 f
  U0_RegFile/U648/Y (AND3X4M)                             0.61      20.82 f
  U0_RegFile/RdData_reg[7]/E (EDFFHQX2M)                  0.00      20.82 f
  data arrival time                                                 20.82

  clock REG_CLK (rise edge)                               0.00       0.00
  clock network delay (ideal)                             0.00       0.00
  clock uncertainty                                       0.10       0.10
  U0_RegFile/RdData_reg[7]/CK (EDFFHQX2M)                 0.00       0.10 r
  library hold time                                      -0.41      -0.31
  data required time                                                -0.31
  --------------------------------------------------------------------------
  data required time                                                -0.31
  data arrival time                                                -20.82
  --------------------------------------------------------------------------
  slack (MET)                                                       21.13


  Startpoint: RdEn (input port clocked by REG_CLK)
  Endpoint: U0_RegFile/RdData_reg[6]
            (rising edge-triggered flip-flop clocked by REG_CLK)
  Path Group: INREG
  Path Type: min

  Des/Clust/Port     Wire Load Model       Library
  ------------------------------------------------
  System_Top         tsmc13_wl30           scmetro_tsmc_cl013g_rvt_ss_1p08v_125c

  Point                                                   Incr       Path
  --------------------------------------------------------------------------
  clock REG_CLK (rise edge)                               0.00       0.00
  clock network delay (ideal)                             0.00       0.00
  input external delay                                   20.00      20.00 f
  RdEn (in)                                               0.21      20.21 f
  U0_RegFile/RdEn (RegFile)                               0.00      20.21 f
  U0_RegFile/U648/Y (AND3X4M)                             0.61      20.82 f
  U0_RegFile/RdData_reg[6]/E (EDFFHQX2M)                  0.00      20.82 f
  data arrival time                                                 20.82

  clock REG_CLK (rise edge)                               0.00       0.00
  clock network delay (ideal)                             0.00       0.00
  clock uncertainty                                       0.10       0.10
  U0_RegFile/RdData_reg[6]/CK (EDFFHQX2M)                 0.00       0.10 r
  library hold time                                      -0.41      -0.31
  data required time                                                -0.31
  --------------------------------------------------------------------------
  data required time                                                -0.31
  data arrival time                                                -20.82
  --------------------------------------------------------------------------
  slack (MET)                                                       21.13


  Startpoint: RdEn (input port clocked by REG_CLK)
  Endpoint: U0_RegFile/RdData_reg[5]
            (rising edge-triggered flip-flop clocked by REG_CLK)
  Path Group: INREG
  Path Type: min

  Des/Clust/Port     Wire Load Model       Library
  ------------------------------------------------
  System_Top         tsmc13_wl30           scmetro_tsmc_cl013g_rvt_ss_1p08v_125c

  Point                                                   Incr       Path
  --------------------------------------------------------------------------
  clock REG_CLK (rise edge)                               0.00       0.00
  clock network delay (ideal)                             0.00       0.00
  input external delay                                   20.00      20.00 f
  RdEn (in)                                               0.21      20.21 f
  U0_RegFile/RdEn (RegFile)                               0.00      20.21 f
  U0_RegFile/U648/Y (AND3X4M)                             0.61      20.82 f
  U0_RegFile/RdData_reg[5]/E (EDFFHQX2M)                  0.00      20.82 f
  data arrival time                                                 20.82

  clock REG_CLK (rise edge)                               0.00       0.00
  clock network delay (ideal)                             0.00       0.00
  clock uncertainty                                       0.10       0.10
  U0_RegFile/RdData_reg[5]/CK (EDFFHQX2M)                 0.00       0.10 r
  library hold time                                      -0.41      -0.31
  data required time                                                -0.31
  --------------------------------------------------------------------------
  data required time                                                -0.31
  data arrival time                                                -20.82
  --------------------------------------------------------------------------
  slack (MET)                                                       21.13


  Startpoint: RdEn (input port clocked by REG_CLK)
  Endpoint: U0_RegFile/RdData_reg[4]
            (rising edge-triggered flip-flop clocked by REG_CLK)
  Path Group: INREG
  Path Type: min

  Des/Clust/Port     Wire Load Model       Library
  ------------------------------------------------
  System_Top         tsmc13_wl30           scmetro_tsmc_cl013g_rvt_ss_1p08v_125c

  Point                                                   Incr       Path
  --------------------------------------------------------------------------
  clock REG_CLK (rise edge)                               0.00       0.00
  clock network delay (ideal)                             0.00       0.00
  input external delay                                   20.00      20.00 f
  RdEn (in)                                               0.21      20.21 f
  U0_RegFile/RdEn (RegFile)                               0.00      20.21 f
  U0_RegFile/U648/Y (AND3X4M)                             0.61      20.82 f
  U0_RegFile/RdData_reg[4]/E (EDFFHQX2M)                  0.00      20.82 f
  data arrival time                                                 20.82

  clock REG_CLK (rise edge)                               0.00       0.00
  clock network delay (ideal)                             0.00       0.00
  clock uncertainty                                       0.10       0.10
  U0_RegFile/RdData_reg[4]/CK (EDFFHQX2M)                 0.00       0.10 r
  library hold time                                      -0.41      -0.31
  data required time                                                -0.31
  --------------------------------------------------------------------------
  data required time                                                -0.31
  data arrival time                                                -20.82
  --------------------------------------------------------------------------
  slack (MET)                                                       21.13


  Startpoint: RdEn (input port clocked by REG_CLK)
  Endpoint: U0_RegFile/RdData_reg[3]
            (rising edge-triggered flip-flop clocked by REG_CLK)
  Path Group: INREG
  Path Type: min

  Des/Clust/Port     Wire Load Model       Library
  ------------------------------------------------
  System_Top         tsmc13_wl30           scmetro_tsmc_cl013g_rvt_ss_1p08v_125c

  Point                                                   Incr       Path
  --------------------------------------------------------------------------
  clock REG_CLK (rise edge)                               0.00       0.00
  clock network delay (ideal)                             0.00       0.00
  input external delay                                   20.00      20.00 f
  RdEn (in)                                               0.21      20.21 f
  U0_RegFile/RdEn (RegFile)                               0.00      20.21 f
  U0_RegFile/U648/Y (AND3X4M)                             0.61      20.82 f
  U0_RegFile/RdData_reg[3]/E (EDFFHQX2M)                  0.00      20.82 f
  data arrival time                                                 20.82

  clock REG_CLK (rise edge)                               0.00       0.00
  clock network delay (ideal)                             0.00       0.00
  clock uncertainty                                       0.10       0.10
  U0_RegFile/RdData_reg[3]/CK (EDFFHQX2M)                 0.00       0.10 r
  library hold time                                      -0.41      -0.31
  data required time                                                -0.31
  --------------------------------------------------------------------------
  data required time                                                -0.31
  data arrival time                                                -20.82
  --------------------------------------------------------------------------
  slack (MET)                                                       21.13


  Startpoint: RdEn (input port clocked by REG_CLK)
  Endpoint: U0_RegFile/RdData_reg[2]
            (rising edge-triggered flip-flop clocked by REG_CLK)
  Path Group: INREG
  Path Type: min

  Des/Clust/Port     Wire Load Model       Library
  ------------------------------------------------
  System_Top         tsmc13_wl30           scmetro_tsmc_cl013g_rvt_ss_1p08v_125c

  Point                                                   Incr       Path
  --------------------------------------------------------------------------
  clock REG_CLK (rise edge)                               0.00       0.00
  clock network delay (ideal)                             0.00       0.00
  input external delay                                   20.00      20.00 f
  RdEn (in)                                               0.21      20.21 f
  U0_RegFile/RdEn (RegFile)                               0.00      20.21 f
  U0_RegFile/U648/Y (AND3X4M)                             0.61      20.82 f
  U0_RegFile/RdData_reg[2]/E (EDFFHQX2M)                  0.00      20.82 f
  data arrival time                                                 20.82

  clock REG_CLK (rise edge)                               0.00       0.00
  clock network delay (ideal)                             0.00       0.00
  clock uncertainty                                       0.10       0.10
  U0_RegFile/RdData_reg[2]/CK (EDFFHQX2M)                 0.00       0.10 r
  library hold time                                      -0.41      -0.31
  data required time                                                -0.31
  --------------------------------------------------------------------------
  data required time                                                -0.31
  data arrival time                                                -20.82
  --------------------------------------------------------------------------
  slack (MET)                                                       21.13


  Startpoint: RdEn (input port clocked by REG_CLK)
  Endpoint: U0_RegFile/RdData_reg[1]
            (rising edge-triggered flip-flop clocked by REG_CLK)
  Path Group: INREG
  Path Type: min

  Des/Clust/Port     Wire Load Model       Library
  ------------------------------------------------
  System_Top         tsmc13_wl30           scmetro_tsmc_cl013g_rvt_ss_1p08v_125c

  Point                                                   Incr       Path
  --------------------------------------------------------------------------
  clock REG_CLK (rise edge)                               0.00       0.00
  clock network delay (ideal)                             0.00       0.00
  input external delay                                   20.00      20.00 f
  RdEn (in)                                               0.21      20.21 f
  U0_RegFile/RdEn (RegFile)                               0.00      20.21 f
  U0_RegFile/U648/Y (AND3X4M)                             0.61      20.82 f
  U0_RegFile/RdData_reg[1]/E (EDFFHQX2M)                  0.00      20.82 f
  data arrival time                                                 20.82

  clock REG_CLK (rise edge)                               0.00       0.00
  clock network delay (ideal)                             0.00       0.00
  clock uncertainty                                       0.10       0.10
  U0_RegFile/RdData_reg[1]/CK (EDFFHQX2M)                 0.00       0.10 r
  library hold time                                      -0.41      -0.31
  data required time                                                -0.31
  --------------------------------------------------------------------------
  data required time                                                -0.31
  data arrival time                                                -20.82
  --------------------------------------------------------------------------
  slack (MET)                                                       21.13


  Startpoint: RdEn (input port clocked by REG_CLK)
  Endpoint: U0_RegFile/RdData_reg[0]
            (rising edge-triggered flip-flop clocked by REG_CLK)
  Path Group: INREG
  Path Type: min

  Des/Clust/Port     Wire Load Model       Library
  ------------------------------------------------
  System_Top         tsmc13_wl30           scmetro_tsmc_cl013g_rvt_ss_1p08v_125c

  Point                                                   Incr       Path
  --------------------------------------------------------------------------
  clock REG_CLK (rise edge)                               0.00       0.00
  clock network delay (ideal)                             0.00       0.00
  input external delay                                   20.00      20.00 f
  RdEn (in)                                               0.21      20.21 f
  U0_RegFile/RdEn (RegFile)                               0.00      20.21 f
  U0_RegFile/U648/Y (AND3X4M)                             0.61      20.82 f
  U0_RegFile/RdData_reg[0]/E (EDFFHQX2M)                  0.00      20.82 f
  data arrival time                                                 20.82

  clock REG_CLK (rise edge)                               0.00       0.00
  clock network delay (ideal)                             0.00       0.00
  clock uncertainty                                       0.10       0.10
  U0_RegFile/RdData_reg[0]/CK (EDFFHQX2M)                 0.00       0.10 r
  library hold time                                      -0.41      -0.31
  data required time                                                -0.31
  --------------------------------------------------------------------------
  data required time                                                -0.31
  data arrival time                                                -20.82
  --------------------------------------------------------------------------
  slack (MET)                                                       21.13


  Startpoint: WrData[2] (input port clocked by REG_CLK)
  Endpoint: U0_RegFile/regArr_reg[2][2]
            (rising edge-triggered flip-flop clocked by REG_CLK)
  Path Group: INREG
  Path Type: min

  Des/Clust/Port     Wire Load Model       Library
  ------------------------------------------------
  System_Top         tsmc13_wl30           scmetro_tsmc_cl013g_rvt_ss_1p08v_125c

  Point                                                   Incr       Path
  --------------------------------------------------------------------------
  clock REG_CLK (rise edge)                               0.00       0.00
  clock network delay (ideal)                             0.00       0.00
  input external delay                                   20.00      20.00 r
  WrData[2] (in)                                          0.18      20.18 r
  U0_RegFile/WrData[2] (RegFile)                          0.00      20.18 r
  U0_RegFile/U652/Y (INVX2M)                              0.29      20.46 f
  U0_RegFile/U513/Y (BUFX4M)                              0.53      21.00 f
  U0_RegFile/U647/Y (OAI2BB2X1M)                          0.75      21.74 r
  U0_RegFile/regArr_reg[2][2]/D (DFFSQX2M)                0.00      21.74 r
  data arrival time                                                 21.74

  clock REG_CLK (rise edge)                               0.00       0.00
  clock network delay (ideal)                             0.00       0.00
  clock uncertainty                                       0.10       0.10
  U0_RegFile/regArr_reg[2][2]/CK (DFFSQX2M)               0.00       0.10 r
  library hold time                                      -0.10       0.00
  data required time                                                 0.00
  --------------------------------------------------------------------------
  data required time                                                 0.00
  data arrival time                                                -21.74
  --------------------------------------------------------------------------
  slack (MET)                                                       21.74


  Startpoint: WrData[3] (input port clocked by REG_CLK)
  Endpoint: U0_RegFile/regArr_reg[1][3]
            (rising edge-triggered flip-flop clocked by REG_CLK)
  Path Group: INREG
  Path Type: min

  Des/Clust/Port     Wire Load Model       Library
  ------------------------------------------------
  System_Top         tsmc13_wl30           scmetro_tsmc_cl013g_rvt_ss_1p08v_125c

  Point                                                   Incr       Path
  --------------------------------------------------------------------------
  clock REG_CLK (rise edge)                               0.00       0.00
  clock network delay (ideal)                             0.00       0.00
  input external delay                                   20.00      20.00 r
  WrData[3] (in)                                          0.18      20.18 r
  U0_RegFile/WrData[3] (RegFile)                          0.00      20.18 r
  U0_RegFile/U653/Y (INVX2M)                              0.29      20.46 f
  U0_RegFile/U514/Y (BUFX4M)                              0.53      21.00 f
  U0_RegFile/U645/Y (OAI2BB2X1M)                          0.75      21.74 r
  U0_RegFile/regArr_reg[1][3]/D (DFFSQX2M)                0.00      21.74 r
  data arrival time                                                 21.74

  clock REG_CLK (rise edge)                               0.00       0.00
  clock network delay (ideal)                             0.00       0.00
  clock uncertainty                                       0.10       0.10
  U0_RegFile/regArr_reg[1][3]/CK (DFFSQX2M)               0.00       0.10 r
  library hold time                                      -0.10       0.00
  data required time                                                 0.00
  --------------------------------------------------------------------------
  data required time                                                 0.00
  data arrival time                                                -21.74
  --------------------------------------------------------------------------
  slack (MET)                                                       21.74


  Startpoint: WrData[1] (input port clocked by REG_CLK)
  Endpoint: U0_RegFile/regArr_reg[0][1]
            (rising edge-triggered flip-flop clocked by REG_CLK)
  Path Group: INREG
  Path Type: min

  Des/Clust/Port     Wire Load Model       Library
  ------------------------------------------------
  System_Top         tsmc13_wl30           scmetro_tsmc_cl013g_rvt_ss_1p08v_125c

  Point                                                   Incr       Path
  --------------------------------------------------------------------------
  clock REG_CLK (rise edge)                               0.00       0.00
  clock network delay (ideal)                             0.00       0.00
  input external delay                                   20.00      20.00 r
  WrData[1] (in)                                          0.18      20.18 r
  U0_RegFile/WrData[1] (RegFile)                          0.00      20.18 r
  U0_RegFile/U651/Y (INVX2M)                              0.29      20.46 f
  U0_RegFile/U512/Y (BUFX4M)                              0.53      21.00 f
  U0_RegFile/U646/Y (OAI2BB2X1M)                          0.75      21.74 r
  U0_RegFile/regArr_reg[0][1]/D (DFFSQX2M)                0.00      21.74 r
  data arrival time                                                 21.74

  clock REG_CLK (rise edge)                               0.00       0.00
  clock network delay (ideal)                             0.00       0.00
  clock uncertainty                                       0.10       0.10
  U0_RegFile/regArr_reg[0][1]/CK (DFFSQX2M)               0.00       0.10 r
  library hold time                                      -0.10       0.00
  data required time                                                 0.00
  --------------------------------------------------------------------------
  data required time                                                 0.00
  data arrival time                                                -21.74
  --------------------------------------------------------------------------
  slack (MET)                                                       21.74


  Startpoint: WrData[7] (input port clocked by REG_CLK)
  Endpoint: U0_RegFile/regArr_reg[15][7]
            (rising edge-triggered flip-flop clocked by REG_CLK)
  Path Group: INREG
  Path Type: min

  Des/Clust/Port     Wire Load Model       Library
  ------------------------------------------------
  System_Top         tsmc13_wl30           scmetro_tsmc_cl013g_rvt_ss_1p08v_125c

  Point                                                   Incr       Path
  --------------------------------------------------------------------------
  clock REG_CLK (rise edge)                               0.00       0.00
  clock network delay (ideal)                             0.00       0.00
  input external delay                                   20.00      20.00 f
  WrData[7] (in)                                          0.11      20.11 f
  U0_RegFile/WrData[7] (RegFile)                          0.00      20.11 f
  U0_RegFile/U657/Y (INVX2M)                              0.41      20.51 r
  U0_RegFile/U350/Y (BUFX4M)                              0.87      21.38 r
  U0_RegFile/U483/Y (OAI22X1M)                            0.51      21.89 f
  U0_RegFile/regArr_reg[15][7]/D (DFFRQX1M)               0.00      21.89 f
  data arrival time                                                 21.89

  clock REG_CLK (rise edge)                               0.00       0.00
  clock network delay (ideal)                             0.00       0.00
  clock uncertainty                                       0.10       0.10
  U0_RegFile/regArr_reg[15][7]/CK (DFFRQX1M)              0.00       0.10 r
  library hold time                                      -0.07       0.03
  data required time                                                 0.03
  --------------------------------------------------------------------------
  data required time                                                 0.03
  data arrival time                                                -21.89
  --------------------------------------------------------------------------
  slack (MET)                                                       21.87


  Startpoint: WrData[6] (input port clocked by REG_CLK)
  Endpoint: U0_RegFile/regArr_reg[15][6]
            (rising edge-triggered flip-flop clocked by REG_CLK)
  Path Group: INREG
  Path Type: min

  Des/Clust/Port     Wire Load Model       Library
  ------------------------------------------------
  System_Top         tsmc13_wl30           scmetro_tsmc_cl013g_rvt_ss_1p08v_125c

  Point                                                   Incr       Path
  --------------------------------------------------------------------------
  clock REG_CLK (rise edge)                               0.00       0.00
  clock network delay (ideal)                             0.00       0.00
  input external delay                                   20.00      20.00 f
  WrData[6] (in)                                          0.11      20.11 f
  U0_RegFile/WrData[6] (RegFile)                          0.00      20.11 f
  U0_RegFile/U656/Y (INVX2M)                              0.41      20.51 r
  U0_RegFile/U349/Y (BUFX4M)                              0.87      21.38 r
  U0_RegFile/U482/Y (OAI22X1M)                            0.51      21.89 f
  U0_RegFile/regArr_reg[15][6]/D (DFFRQX1M)               0.00      21.89 f
  data arrival time                                                 21.89

  clock REG_CLK (rise edge)                               0.00       0.00
  clock network delay (ideal)                             0.00       0.00
  clock uncertainty                                       0.10       0.10
  U0_RegFile/regArr_reg[15][6]/CK (DFFRQX1M)              0.00       0.10 r
  library hold time                                      -0.07       0.03
  data required time                                                 0.03
  --------------------------------------------------------------------------
  data required time                                                 0.03
  data arrival time                                                -21.89
  --------------------------------------------------------------------------
  slack (MET)                                                       21.87


  Startpoint: WrData[5] (input port clocked by REG_CLK)
  Endpoint: U0_RegFile/regArr_reg[15][5]
            (rising edge-triggered flip-flop clocked by REG_CLK)
  Path Group: INREG
  Path Type: min

  Des/Clust/Port     Wire Load Model       Library
  ------------------------------------------------
  System_Top         tsmc13_wl30           scmetro_tsmc_cl013g_rvt_ss_1p08v_125c

  Point                                                   Incr       Path
  --------------------------------------------------------------------------
  clock REG_CLK (rise edge)                               0.00       0.00
  clock network delay (ideal)                             0.00       0.00
  input external delay                                   20.00      20.00 f
  WrData[5] (in)                                          0.11      20.11 f
  U0_RegFile/WrData[5] (RegFile)                          0.00      20.11 f
  U0_RegFile/U655/Y (INVX2M)                              0.41      20.51 r
  U0_RegFile/U348/Y (BUFX4M)                              0.87      21.38 r
  U0_RegFile/U481/Y (OAI22X1M)                            0.51      21.89 f
  U0_RegFile/regArr_reg[15][5]/D (DFFRQX1M)               0.00      21.89 f
  data arrival time                                                 21.89

  clock REG_CLK (rise edge)                               0.00       0.00
  clock network delay (ideal)                             0.00       0.00
  clock uncertainty                                       0.10       0.10
  U0_RegFile/regArr_reg[15][5]/CK (DFFRQX1M)              0.00       0.10 r
  library hold time                                      -0.07       0.03
  data required time                                                 0.03
  --------------------------------------------------------------------------
  data required time                                                 0.03
  data arrival time                                                -21.89
  --------------------------------------------------------------------------
  slack (MET)                                                       21.87


  Startpoint: WrData[4] (input port clocked by REG_CLK)
  Endpoint: U0_RegFile/regArr_reg[15][4]
            (rising edge-triggered flip-flop clocked by REG_CLK)
  Path Group: INREG
  Path Type: min

  Des/Clust/Port     Wire Load Model       Library
  ------------------------------------------------
  System_Top         tsmc13_wl30           scmetro_tsmc_cl013g_rvt_ss_1p08v_125c

  Point                                                   Incr       Path
  --------------------------------------------------------------------------
  clock REG_CLK (rise edge)                               0.00       0.00
  clock network delay (ideal)                             0.00       0.00
  input external delay                                   20.00      20.00 f
  WrData[4] (in)                                          0.11      20.11 f
  U0_RegFile/WrData[4] (RegFile)                          0.00      20.11 f
  U0_RegFile/U654/Y (INVX2M)                              0.41      20.51 r
  U0_RegFile/U347/Y (BUFX4M)                              0.87      21.38 r
  U0_RegFile/U480/Y (OAI22X1M)                            0.51      21.89 f
  U0_RegFile/regArr_reg[15][4]/D (DFFRQX1M)               0.00      21.89 f
  data arrival time                                                 21.89

  clock REG_CLK (rise edge)                               0.00       0.00
  clock network delay (ideal)                             0.00       0.00
  clock uncertainty                                       0.10       0.10
  U0_RegFile/regArr_reg[15][4]/CK (DFFRQX1M)              0.00       0.10 r
  library hold time                                      -0.07       0.03
  data required time                                                 0.03
  --------------------------------------------------------------------------
  data required time                                                 0.03
  data arrival time                                                -21.89
  --------------------------------------------------------------------------
  slack (MET)                                                       21.87


  Startpoint: WrData[7] (input port clocked by REG_CLK)
  Endpoint: U0_RegFile/regArr_reg[14][7]
            (rising edge-triggered flip-flop clocked by REG_CLK)
  Path Group: INREG
  Path Type: min

  Des/Clust/Port     Wire Load Model       Library
  ------------------------------------------------
  System_Top         tsmc13_wl30           scmetro_tsmc_cl013g_rvt_ss_1p08v_125c

  Point                                                   Incr       Path
  --------------------------------------------------------------------------
  clock REG_CLK (rise edge)                               0.00       0.00
  clock network delay (ideal)                             0.00       0.00
  input external delay                                   20.00      20.00 f
  WrData[7] (in)                                          0.11      20.11 f
  U0_RegFile/WrData[7] (RegFile)                          0.00      20.11 f
  U0_RegFile/U657/Y (INVX2M)                              0.41      20.51 r
  U0_RegFile/U350/Y (BUFX4M)                              0.87      21.38 r
  U0_RegFile/U475/Y (OAI22X1M)                            0.51      21.89 f
  U0_RegFile/regArr_reg[14][7]/D (DFFRQX1M)               0.00      21.89 f
  data arrival time                                                 21.89

  clock REG_CLK (rise edge)                               0.00       0.00
  clock network delay (ideal)                             0.00       0.00
  clock uncertainty                                       0.10       0.10
  U0_RegFile/regArr_reg[14][7]/CK (DFFRQX1M)              0.00       0.10 r
  library hold time                                      -0.07       0.03
  data required time                                                 0.03
  --------------------------------------------------------------------------
  data required time                                                 0.03
  data arrival time                                                -21.89
  --------------------------------------------------------------------------
  slack (MET)                                                       21.87


  Startpoint: WrData[6] (input port clocked by REG_CLK)
  Endpoint: U0_RegFile/regArr_reg[14][6]
            (rising edge-triggered flip-flop clocked by REG_CLK)
  Path Group: INREG
  Path Type: min

  Des/Clust/Port     Wire Load Model       Library
  ------------------------------------------------
  System_Top         tsmc13_wl30           scmetro_tsmc_cl013g_rvt_ss_1p08v_125c

  Point                                                   Incr       Path
  --------------------------------------------------------------------------
  clock REG_CLK (rise edge)                               0.00       0.00
  clock network delay (ideal)                             0.00       0.00
  input external delay                                   20.00      20.00 f
  WrData[6] (in)                                          0.11      20.11 f
  U0_RegFile/WrData[6] (RegFile)                          0.00      20.11 f
  U0_RegFile/U656/Y (INVX2M)                              0.41      20.51 r
  U0_RegFile/U349/Y (BUFX4M)                              0.87      21.38 r
  U0_RegFile/U474/Y (OAI22X1M)                            0.51      21.89 f
  U0_RegFile/regArr_reg[14][6]/D (DFFRQX1M)               0.00      21.89 f
  data arrival time                                                 21.89

  clock REG_CLK (rise edge)                               0.00       0.00
  clock network delay (ideal)                             0.00       0.00
  clock uncertainty                                       0.10       0.10
  U0_RegFile/regArr_reg[14][6]/CK (DFFRQX1M)              0.00       0.10 r
  library hold time                                      -0.07       0.03
  data required time                                                 0.03
  --------------------------------------------------------------------------
  data required time                                                 0.03
  data arrival time                                                -21.89
  --------------------------------------------------------------------------
  slack (MET)                                                       21.87


  Startpoint: WrData[5] (input port clocked by REG_CLK)
  Endpoint: U0_RegFile/regArr_reg[14][5]
            (rising edge-triggered flip-flop clocked by REG_CLK)
  Path Group: INREG
  Path Type: min

  Des/Clust/Port     Wire Load Model       Library
  ------------------------------------------------
  System_Top         tsmc13_wl30           scmetro_tsmc_cl013g_rvt_ss_1p08v_125c

  Point                                                   Incr       Path
  --------------------------------------------------------------------------
  clock REG_CLK (rise edge)                               0.00       0.00
  clock network delay (ideal)                             0.00       0.00
  input external delay                                   20.00      20.00 f
  WrData[5] (in)                                          0.11      20.11 f
  U0_RegFile/WrData[5] (RegFile)                          0.00      20.11 f
  U0_RegFile/U655/Y (INVX2M)                              0.41      20.51 r
  U0_RegFile/U348/Y (BUFX4M)                              0.87      21.38 r
  U0_RegFile/U473/Y (OAI22X1M)                            0.51      21.89 f
  U0_RegFile/regArr_reg[14][5]/D (DFFRQX1M)               0.00      21.89 f
  data arrival time                                                 21.89

  clock REG_CLK (rise edge)                               0.00       0.00
  clock network delay (ideal)                             0.00       0.00
  clock uncertainty                                       0.10       0.10
  U0_RegFile/regArr_reg[14][5]/CK (DFFRQX1M)              0.00       0.10 r
  library hold time                                      -0.07       0.03
  data required time                                                 0.03
  --------------------------------------------------------------------------
  data required time                                                 0.03
  data arrival time                                                -21.89
  --------------------------------------------------------------------------
  slack (MET)                                                       21.87


  Startpoint: WrData[4] (input port clocked by REG_CLK)
  Endpoint: U0_RegFile/regArr_reg[14][4]
            (rising edge-triggered flip-flop clocked by REG_CLK)
  Path Group: INREG
  Path Type: min

  Des/Clust/Port     Wire Load Model       Library
  ------------------------------------------------
  System_Top         tsmc13_wl30           scmetro_tsmc_cl013g_rvt_ss_1p08v_125c

  Point                                                   Incr       Path
  --------------------------------------------------------------------------
  clock REG_CLK (rise edge)                               0.00       0.00
  clock network delay (ideal)                             0.00       0.00
  input external delay                                   20.00      20.00 f
  WrData[4] (in)                                          0.11      20.11 f
  U0_RegFile/WrData[4] (RegFile)                          0.00      20.11 f
  U0_RegFile/U654/Y (INVX2M)                              0.41      20.51 r
  U0_RegFile/U347/Y (BUFX4M)                              0.87      21.38 r
  U0_RegFile/U472/Y (OAI22X1M)                            0.51      21.89 f
  U0_RegFile/regArr_reg[14][4]/D (DFFRQX1M)               0.00      21.89 f
  data arrival time                                                 21.89

  clock REG_CLK (rise edge)                               0.00       0.00
  clock network delay (ideal)                             0.00       0.00
  clock uncertainty                                       0.10       0.10
  U0_RegFile/regArr_reg[14][4]/CK (DFFRQX1M)              0.00       0.10 r
  library hold time                                      -0.07       0.03
  data required time                                                 0.03
  --------------------------------------------------------------------------
  data required time                                                 0.03
  data arrival time                                                -21.89
  --------------------------------------------------------------------------
  slack (MET)                                                       21.87


  Startpoint: WrData[7] (input port clocked by REG_CLK)
  Endpoint: U0_RegFile/regArr_reg[13][7]
            (rising edge-triggered flip-flop clocked by REG_CLK)
  Path Group: INREG
  Path Type: min

  Des/Clust/Port     Wire Load Model       Library
  ------------------------------------------------
  System_Top         tsmc13_wl30           scmetro_tsmc_cl013g_rvt_ss_1p08v_125c

  Point                                                   Incr       Path
  --------------------------------------------------------------------------
  clock REG_CLK (rise edge)                               0.00       0.00
  clock network delay (ideal)                             0.00       0.00
  input external delay                                   20.00      20.00 f
  WrData[7] (in)                                          0.11      20.11 f
  U0_RegFile/WrData[7] (RegFile)                          0.00      20.11 f
  U0_RegFile/U657/Y (INVX2M)                              0.41      20.51 r
  U0_RegFile/U350/Y (BUFX4M)                              0.87      21.38 r
  U0_RegFile/U499/Y (OAI22X1M)                            0.51      21.89 f
  U0_RegFile/regArr_reg[13][7]/D (DFFRQX1M)               0.00      21.89 f
  data arrival time                                                 21.89

  clock REG_CLK (rise edge)                               0.00       0.00
  clock network delay (ideal)                             0.00       0.00
  clock uncertainty                                       0.10       0.10
  U0_RegFile/regArr_reg[13][7]/CK (DFFRQX1M)              0.00       0.10 r
  library hold time                                      -0.07       0.03
  data required time                                                 0.03
  --------------------------------------------------------------------------
  data required time                                                 0.03
  data arrival time                                                -21.89
  --------------------------------------------------------------------------
  slack (MET)                                                       21.87


  Startpoint: WrData[6] (input port clocked by REG_CLK)
  Endpoint: U0_RegFile/regArr_reg[13][6]
            (rising edge-triggered flip-flop clocked by REG_CLK)
  Path Group: INREG
  Path Type: min

  Des/Clust/Port     Wire Load Model       Library
  ------------------------------------------------
  System_Top         tsmc13_wl30           scmetro_tsmc_cl013g_rvt_ss_1p08v_125c

  Point                                                   Incr       Path
  --------------------------------------------------------------------------
  clock REG_CLK (rise edge)                               0.00       0.00
  clock network delay (ideal)                             0.00       0.00
  input external delay                                   20.00      20.00 f
  WrData[6] (in)                                          0.11      20.11 f
  U0_RegFile/WrData[6] (RegFile)                          0.00      20.11 f
  U0_RegFile/U656/Y (INVX2M)                              0.41      20.51 r
  U0_RegFile/U349/Y (BUFX4M)                              0.87      21.38 r
  U0_RegFile/U498/Y (OAI22X1M)                            0.51      21.89 f
  U0_RegFile/regArr_reg[13][6]/D (DFFRQX1M)               0.00      21.89 f
  data arrival time                                                 21.89

  clock REG_CLK (rise edge)                               0.00       0.00
  clock network delay (ideal)                             0.00       0.00
  clock uncertainty                                       0.10       0.10
  U0_RegFile/regArr_reg[13][6]/CK (DFFRQX1M)              0.00       0.10 r
  library hold time                                      -0.07       0.03
  data required time                                                 0.03
  --------------------------------------------------------------------------
  data required time                                                 0.03
  data arrival time                                                -21.89
  --------------------------------------------------------------------------
  slack (MET)                                                       21.87


  Startpoint: WrData[5] (input port clocked by REG_CLK)
  Endpoint: U0_RegFile/regArr_reg[13][5]
            (rising edge-triggered flip-flop clocked by REG_CLK)
  Path Group: INREG
  Path Type: min

  Des/Clust/Port     Wire Load Model       Library
  ------------------------------------------------
  System_Top         tsmc13_wl30           scmetro_tsmc_cl013g_rvt_ss_1p08v_125c

  Point                                                   Incr       Path
  --------------------------------------------------------------------------
  clock REG_CLK (rise edge)                               0.00       0.00
  clock network delay (ideal)                             0.00       0.00
  input external delay                                   20.00      20.00 f
  WrData[5] (in)                                          0.11      20.11 f
  U0_RegFile/WrData[5] (RegFile)                          0.00      20.11 f
  U0_RegFile/U655/Y (INVX2M)                              0.41      20.51 r
  U0_RegFile/U348/Y (BUFX4M)                              0.87      21.38 r
  U0_RegFile/U497/Y (OAI22X1M)                            0.51      21.89 f
  U0_RegFile/regArr_reg[13][5]/D (DFFRQX1M)               0.00      21.89 f
  data arrival time                                                 21.89

  clock REG_CLK (rise edge)                               0.00       0.00
  clock network delay (ideal)                             0.00       0.00
  clock uncertainty                                       0.10       0.10
  U0_RegFile/regArr_reg[13][5]/CK (DFFRQX1M)              0.00       0.10 r
  library hold time                                      -0.07       0.03
  data required time                                                 0.03
  --------------------------------------------------------------------------
  data required time                                                 0.03
  data arrival time                                                -21.89
  --------------------------------------------------------------------------
  slack (MET)                                                       21.87


  Startpoint: WrData[4] (input port clocked by REG_CLK)
  Endpoint: U0_RegFile/regArr_reg[13][4]
            (rising edge-triggered flip-flop clocked by REG_CLK)
  Path Group: INREG
  Path Type: min

  Des/Clust/Port     Wire Load Model       Library
  ------------------------------------------------
  System_Top         tsmc13_wl30           scmetro_tsmc_cl013g_rvt_ss_1p08v_125c

  Point                                                   Incr       Path
  --------------------------------------------------------------------------
  clock REG_CLK (rise edge)                               0.00       0.00
  clock network delay (ideal)                             0.00       0.00
  input external delay                                   20.00      20.00 f
  WrData[4] (in)                                          0.11      20.11 f
  U0_RegFile/WrData[4] (RegFile)                          0.00      20.11 f
  U0_RegFile/U654/Y (INVX2M)                              0.41      20.51 r
  U0_RegFile/U347/Y (BUFX4M)                              0.87      21.38 r
  U0_RegFile/U496/Y (OAI22X1M)                            0.51      21.89 f
  U0_RegFile/regArr_reg[13][4]/D (DFFRQX1M)               0.00      21.89 f
  data arrival time                                                 21.89

  clock REG_CLK (rise edge)                               0.00       0.00
  clock network delay (ideal)                             0.00       0.00
  clock uncertainty                                       0.10       0.10
  U0_RegFile/regArr_reg[13][4]/CK (DFFRQX1M)              0.00       0.10 r
  library hold time                                      -0.07       0.03
  data required time                                                 0.03
  --------------------------------------------------------------------------
  data required time                                                 0.03
  data arrival time                                                -21.89
  --------------------------------------------------------------------------
  slack (MET)                                                       21.87


  Startpoint: WrData[7] (input port clocked by REG_CLK)
  Endpoint: U0_RegFile/regArr_reg[12][7]
            (rising edge-triggered flip-flop clocked by REG_CLK)
  Path Group: INREG
  Path Type: min

  Des/Clust/Port     Wire Load Model       Library
  ------------------------------------------------
  System_Top         tsmc13_wl30           scmetro_tsmc_cl013g_rvt_ss_1p08v_125c

  Point                                                   Incr       Path
  --------------------------------------------------------------------------
  clock REG_CLK (rise edge)                               0.00       0.00
  clock network delay (ideal)                             0.00       0.00
  input external delay                                   20.00      20.00 f
  WrData[7] (in)                                          0.11      20.11 f
  U0_RegFile/WrData[7] (RegFile)                          0.00      20.11 f
  U0_RegFile/U657/Y (INVX2M)                              0.41      20.51 r
  U0_RegFile/U350/Y (BUFX4M)                              0.87      21.38 r
  U0_RegFile/U491/Y (OAI22X1M)                            0.51      21.89 f
  U0_RegFile/regArr_reg[12][7]/D (DFFRQX1M)               0.00      21.89 f
  data arrival time                                                 21.89

  clock REG_CLK (rise edge)                               0.00       0.00
  clock network delay (ideal)                             0.00       0.00
  clock uncertainty                                       0.10       0.10
  U0_RegFile/regArr_reg[12][7]/CK (DFFRQX1M)              0.00       0.10 r
  library hold time                                      -0.07       0.03
  data required time                                                 0.03
  --------------------------------------------------------------------------
  data required time                                                 0.03
  data arrival time                                                -21.89
  --------------------------------------------------------------------------
  slack (MET)                                                       21.87


  Startpoint: WrData[6] (input port clocked by REG_CLK)
  Endpoint: U0_RegFile/regArr_reg[12][6]
            (rising edge-triggered flip-flop clocked by REG_CLK)
  Path Group: INREG
  Path Type: min

  Des/Clust/Port     Wire Load Model       Library
  ------------------------------------------------
  System_Top         tsmc13_wl30           scmetro_tsmc_cl013g_rvt_ss_1p08v_125c

  Point                                                   Incr       Path
  --------------------------------------------------------------------------
  clock REG_CLK (rise edge)                               0.00       0.00
  clock network delay (ideal)                             0.00       0.00
  input external delay                                   20.00      20.00 f
  WrData[6] (in)                                          0.11      20.11 f
  U0_RegFile/WrData[6] (RegFile)                          0.00      20.11 f
  U0_RegFile/U656/Y (INVX2M)                              0.41      20.51 r
  U0_RegFile/U349/Y (BUFX4M)                              0.87      21.38 r
  U0_RegFile/U490/Y (OAI22X1M)                            0.51      21.89 f
  U0_RegFile/regArr_reg[12][6]/D (DFFRQX1M)               0.00      21.89 f
  data arrival time                                                 21.89

  clock REG_CLK (rise edge)                               0.00       0.00
  clock network delay (ideal)                             0.00       0.00
  clock uncertainty                                       0.10       0.10
  U0_RegFile/regArr_reg[12][6]/CK (DFFRQX1M)              0.00       0.10 r
  library hold time                                      -0.07       0.03
  data required time                                                 0.03
  --------------------------------------------------------------------------
  data required time                                                 0.03
  data arrival time                                                -21.89
  --------------------------------------------------------------------------
  slack (MET)                                                       21.87


  Startpoint: WrData[5] (input port clocked by REG_CLK)
  Endpoint: U0_RegFile/regArr_reg[12][5]
            (rising edge-triggered flip-flop clocked by REG_CLK)
  Path Group: INREG
  Path Type: min

  Des/Clust/Port     Wire Load Model       Library
  ------------------------------------------------
  System_Top         tsmc13_wl30           scmetro_tsmc_cl013g_rvt_ss_1p08v_125c

  Point                                                   Incr       Path
  --------------------------------------------------------------------------
  clock REG_CLK (rise edge)                               0.00       0.00
  clock network delay (ideal)                             0.00       0.00
  input external delay                                   20.00      20.00 f
  WrData[5] (in)                                          0.11      20.11 f
  U0_RegFile/WrData[5] (RegFile)                          0.00      20.11 f
  U0_RegFile/U655/Y (INVX2M)                              0.41      20.51 r
  U0_RegFile/U348/Y (BUFX4M)                              0.87      21.38 r
  U0_RegFile/U489/Y (OAI22X1M)                            0.51      21.89 f
  U0_RegFile/regArr_reg[12][5]/D (DFFRQX1M)               0.00      21.89 f
  data arrival time                                                 21.89

  clock REG_CLK (rise edge)                               0.00       0.00
  clock network delay (ideal)                             0.00       0.00
  clock uncertainty                                       0.10       0.10
  U0_RegFile/regArr_reg[12][5]/CK (DFFRQX1M)              0.00       0.10 r
  library hold time                                      -0.07       0.03
  data required time                                                 0.03
  --------------------------------------------------------------------------
  data required time                                                 0.03
  data arrival time                                                -21.89
  --------------------------------------------------------------------------
  slack (MET)                                                       21.87


  Startpoint: WrData[4] (input port clocked by REG_CLK)
  Endpoint: U0_RegFile/regArr_reg[12][4]
            (rising edge-triggered flip-flop clocked by REG_CLK)
  Path Group: INREG
  Path Type: min

  Des/Clust/Port     Wire Load Model       Library
  ------------------------------------------------
  System_Top         tsmc13_wl30           scmetro_tsmc_cl013g_rvt_ss_1p08v_125c

  Point                                                   Incr       Path
  --------------------------------------------------------------------------
  clock REG_CLK (rise edge)                               0.00       0.00
  clock network delay (ideal)                             0.00       0.00
  input external delay                                   20.00      20.00 f
  WrData[4] (in)                                          0.11      20.11 f
  U0_RegFile/WrData[4] (RegFile)                          0.00      20.11 f
  U0_RegFile/U654/Y (INVX2M)                              0.41      20.51 r
  U0_RegFile/U347/Y (BUFX4M)                              0.87      21.38 r
  U0_RegFile/U488/Y (OAI22X1M)                            0.51      21.89 f
  U0_RegFile/regArr_reg[12][4]/D (DFFRQX1M)               0.00      21.89 f
  data arrival time                                                 21.89

  clock REG_CLK (rise edge)                               0.00       0.00
  clock network delay (ideal)                             0.00       0.00
  clock uncertainty                                       0.10       0.10
  U0_RegFile/regArr_reg[12][4]/CK (DFFRQX1M)              0.00       0.10 r
  library hold time                                      -0.07       0.03
  data required time                                                 0.03
  --------------------------------------------------------------------------
  data required time                                                 0.03
  data arrival time                                                -21.89
  --------------------------------------------------------------------------
  slack (MET)                                                       21.87


  Startpoint: WrData[7] (input port clocked by REG_CLK)
  Endpoint: U0_RegFile/regArr_reg[4][7]
            (rising edge-triggered flip-flop clocked by REG_CLK)
  Path Group: INREG
  Path Type: min

  Des/Clust/Port     Wire Load Model       Library
  ------------------------------------------------
  System_Top         tsmc13_wl30           scmetro_tsmc_cl013g_rvt_ss_1p08v_125c

  Point                                                   Incr       Path
  --------------------------------------------------------------------------
  clock REG_CLK (rise edge)                               0.00       0.00
  clock network delay (ideal)                             0.00       0.00
  input external delay                                   20.00      20.00 f
  WrData[7] (in)                                          0.11      20.11 f
  U0_RegFile/WrData[7] (RegFile)                          0.00      20.11 f
  U0_RegFile/U657/Y (INVX2M)                              0.41      20.51 r
  U0_RegFile/U350/Y (BUFX4M)                              0.87      21.38 r
  U0_RegFile/U459/Y (OAI22X1M)                            0.51      21.89 f
  U0_RegFile/regArr_reg[4][7]/D (DFFRQX1M)                0.00      21.89 f
  data arrival time                                                 21.89

  clock REG_CLK (rise edge)                               0.00       0.00
  clock network delay (ideal)                             0.00       0.00
  clock uncertainty                                       0.10       0.10
  U0_RegFile/regArr_reg[4][7]/CK (DFFRQX1M)               0.00       0.10 r
  library hold time                                      -0.07       0.03
  data required time                                                 0.03
  --------------------------------------------------------------------------
  data required time                                                 0.03
  data arrival time                                                -21.89
  --------------------------------------------------------------------------
  slack (MET)                                                       21.87


  Startpoint: WrData[6] (input port clocked by REG_CLK)
  Endpoint: U0_RegFile/regArr_reg[4][6]
            (rising edge-triggered flip-flop clocked by REG_CLK)
  Path Group: INREG
  Path Type: min

  Des/Clust/Port     Wire Load Model       Library
  ------------------------------------------------
  System_Top         tsmc13_wl30           scmetro_tsmc_cl013g_rvt_ss_1p08v_125c

  Point                                                   Incr       Path
  --------------------------------------------------------------------------
  clock REG_CLK (rise edge)                               0.00       0.00
  clock network delay (ideal)                             0.00       0.00
  input external delay                                   20.00      20.00 f
  WrData[6] (in)                                          0.11      20.11 f
  U0_RegFile/WrData[6] (RegFile)                          0.00      20.11 f
  U0_RegFile/U656/Y (INVX2M)                              0.41      20.51 r
  U0_RegFile/U349/Y (BUFX4M)                              0.87      21.38 r
  U0_RegFile/U458/Y (OAI22X1M)                            0.51      21.89 f
  U0_RegFile/regArr_reg[4][6]/D (DFFRQX1M)                0.00      21.89 f
  data arrival time                                                 21.89

  clock REG_CLK (rise edge)                               0.00       0.00
  clock network delay (ideal)                             0.00       0.00
  clock uncertainty                                       0.10       0.10
  U0_RegFile/regArr_reg[4][6]/CK (DFFRQX1M)               0.00       0.10 r
  library hold time                                      -0.07       0.03
  data required time                                                 0.03
  --------------------------------------------------------------------------
  data required time                                                 0.03
  data arrival time                                                -21.89
  --------------------------------------------------------------------------
  slack (MET)                                                       21.87


  Startpoint: WrData[5] (input port clocked by REG_CLK)
  Endpoint: U0_RegFile/regArr_reg[4][5]
            (rising edge-triggered flip-flop clocked by REG_CLK)
  Path Group: INREG
  Path Type: min

  Des/Clust/Port     Wire Load Model       Library
  ------------------------------------------------
  System_Top         tsmc13_wl30           scmetro_tsmc_cl013g_rvt_ss_1p08v_125c

  Point                                                   Incr       Path
  --------------------------------------------------------------------------
  clock REG_CLK (rise edge)                               0.00       0.00
  clock network delay (ideal)                             0.00       0.00
  input external delay                                   20.00      20.00 f
  WrData[5] (in)                                          0.11      20.11 f
  U0_RegFile/WrData[5] (RegFile)                          0.00      20.11 f
  U0_RegFile/U655/Y (INVX2M)                              0.41      20.51 r
  U0_RegFile/U348/Y (BUFX4M)                              0.87      21.38 r
  U0_RegFile/U457/Y (OAI22X1M)                            0.51      21.89 f
  U0_RegFile/regArr_reg[4][5]/D (DFFRQX1M)                0.00      21.89 f
  data arrival time                                                 21.89

  clock REG_CLK (rise edge)                               0.00       0.00
  clock network delay (ideal)                             0.00       0.00
  clock uncertainty                                       0.10       0.10
  U0_RegFile/regArr_reg[4][5]/CK (DFFRQX1M)               0.00       0.10 r
  library hold time                                      -0.07       0.03
  data required time                                                 0.03
  --------------------------------------------------------------------------
  data required time                                                 0.03
  data arrival time                                                -21.89
  --------------------------------------------------------------------------
  slack (MET)                                                       21.87


  Startpoint: WrData[4] (input port clocked by REG_CLK)
  Endpoint: U0_RegFile/regArr_reg[4][4]
            (rising edge-triggered flip-flop clocked by REG_CLK)
  Path Group: INREG
  Path Type: min

  Des/Clust/Port     Wire Load Model       Library
  ------------------------------------------------
  System_Top         tsmc13_wl30           scmetro_tsmc_cl013g_rvt_ss_1p08v_125c

  Point                                                   Incr       Path
  --------------------------------------------------------------------------
  clock REG_CLK (rise edge)                               0.00       0.00
  clock network delay (ideal)                             0.00       0.00
  input external delay                                   20.00      20.00 f
  WrData[4] (in)                                          0.11      20.11 f
  U0_RegFile/WrData[4] (RegFile)                          0.00      20.11 f
  U0_RegFile/U654/Y (INVX2M)                              0.41      20.51 r
  U0_RegFile/U347/Y (BUFX4M)                              0.87      21.38 r
  U0_RegFile/U456/Y (OAI22X1M)                            0.51      21.89 f
  U0_RegFile/regArr_reg[4][4]/D (DFFRQX1M)                0.00      21.89 f
  data arrival time                                                 21.89

  clock REG_CLK (rise edge)                               0.00       0.00
  clock network delay (ideal)                             0.00       0.00
  clock uncertainty                                       0.10       0.10
  U0_RegFile/regArr_reg[4][4]/CK (DFFRQX1M)               0.00       0.10 r
  library hold time                                      -0.07       0.03
  data required time                                                 0.03
  --------------------------------------------------------------------------
  data required time                                                 0.03
  data arrival time                                                -21.89
  --------------------------------------------------------------------------
  slack (MET)                                                       21.87


  Startpoint: WrData[7] (input port clocked by REG_CLK)
  Endpoint: U0_RegFile/regArr_reg[5][7]
            (rising edge-triggered flip-flop clocked by REG_CLK)
  Path Group: INREG
  Path Type: min

  Des/Clust/Port     Wire Load Model       Library
  ------------------------------------------------
  System_Top         tsmc13_wl30           scmetro_tsmc_cl013g_rvt_ss_1p08v_125c

  Point                                                   Incr       Path
  --------------------------------------------------------------------------
  clock REG_CLK (rise edge)                               0.00       0.00
  clock network delay (ideal)                             0.00       0.00
  input external delay                                   20.00      20.00 f
  WrData[7] (in)                                          0.11      20.11 f
  U0_RegFile/WrData[7] (RegFile)                          0.00      20.11 f
  U0_RegFile/U657/Y (INVX2M)                              0.41      20.51 r
  U0_RegFile/U350/Y (BUFX4M)                              0.87      21.38 r
  U0_RegFile/U451/Y (OAI22X1M)                            0.51      21.89 f
  U0_RegFile/regArr_reg[5][7]/D (DFFRQX1M)                0.00      21.89 f
  data arrival time                                                 21.89

  clock REG_CLK (rise edge)                               0.00       0.00
  clock network delay (ideal)                             0.00       0.00
  clock uncertainty                                       0.10       0.10
  U0_RegFile/regArr_reg[5][7]/CK (DFFRQX1M)               0.00       0.10 r
  library hold time                                      -0.07       0.03
  data required time                                                 0.03
  --------------------------------------------------------------------------
  data required time                                                 0.03
  data arrival time                                                -21.89
  --------------------------------------------------------------------------
  slack (MET)                                                       21.87


  Startpoint: WrData[6] (input port clocked by REG_CLK)
  Endpoint: U0_RegFile/regArr_reg[5][6]
            (rising edge-triggered flip-flop clocked by REG_CLK)
  Path Group: INREG
  Path Type: min

  Des/Clust/Port     Wire Load Model       Library
  ------------------------------------------------
  System_Top         tsmc13_wl30           scmetro_tsmc_cl013g_rvt_ss_1p08v_125c

  Point                                                   Incr       Path
  --------------------------------------------------------------------------
  clock REG_CLK (rise edge)                               0.00       0.00
  clock network delay (ideal)                             0.00       0.00
  input external delay                                   20.00      20.00 f
  WrData[6] (in)                                          0.11      20.11 f
  U0_RegFile/WrData[6] (RegFile)                          0.00      20.11 f
  U0_RegFile/U656/Y (INVX2M)                              0.41      20.51 r
  U0_RegFile/U349/Y (BUFX4M)                              0.87      21.38 r
  U0_RegFile/U450/Y (OAI22X1M)                            0.51      21.89 f
  U0_RegFile/regArr_reg[5][6]/D (DFFRQX1M)                0.00      21.89 f
  data arrival time                                                 21.89

  clock REG_CLK (rise edge)                               0.00       0.00
  clock network delay (ideal)                             0.00       0.00
  clock uncertainty                                       0.10       0.10
  U0_RegFile/regArr_reg[5][6]/CK (DFFRQX1M)               0.00       0.10 r
  library hold time                                      -0.07       0.03
  data required time                                                 0.03
  --------------------------------------------------------------------------
  data required time                                                 0.03
  data arrival time                                                -21.89
  --------------------------------------------------------------------------
  slack (MET)                                                       21.87


  Startpoint: WrData[5] (input port clocked by REG_CLK)
  Endpoint: U0_RegFile/regArr_reg[5][5]
            (rising edge-triggered flip-flop clocked by REG_CLK)
  Path Group: INREG
  Path Type: min

  Des/Clust/Port     Wire Load Model       Library
  ------------------------------------------------
  System_Top         tsmc13_wl30           scmetro_tsmc_cl013g_rvt_ss_1p08v_125c

  Point                                                   Incr       Path
  --------------------------------------------------------------------------
  clock REG_CLK (rise edge)                               0.00       0.00
  clock network delay (ideal)                             0.00       0.00
  input external delay                                   20.00      20.00 f
  WrData[5] (in)                                          0.11      20.11 f
  U0_RegFile/WrData[5] (RegFile)                          0.00      20.11 f
  U0_RegFile/U655/Y (INVX2M)                              0.41      20.51 r
  U0_RegFile/U348/Y (BUFX4M)                              0.87      21.38 r
  U0_RegFile/U449/Y (OAI22X1M)                            0.51      21.89 f
  U0_RegFile/regArr_reg[5][5]/D (DFFRQX1M)                0.00      21.89 f
  data arrival time                                                 21.89

  clock REG_CLK (rise edge)                               0.00       0.00
  clock network delay (ideal)                             0.00       0.00
  clock uncertainty                                       0.10       0.10
  U0_RegFile/regArr_reg[5][5]/CK (DFFRQX1M)               0.00       0.10 r
  library hold time                                      -0.07       0.03
  data required time                                                 0.03
  --------------------------------------------------------------------------
  data required time                                                 0.03
  data arrival time                                                -21.89
  --------------------------------------------------------------------------
  slack (MET)                                                       21.87


  Startpoint: WrData[4] (input port clocked by REG_CLK)
  Endpoint: U0_RegFile/regArr_reg[5][4]
            (rising edge-triggered flip-flop clocked by REG_CLK)
  Path Group: INREG
  Path Type: min

  Des/Clust/Port     Wire Load Model       Library
  ------------------------------------------------
  System_Top         tsmc13_wl30           scmetro_tsmc_cl013g_rvt_ss_1p08v_125c

  Point                                                   Incr       Path
  --------------------------------------------------------------------------
  clock REG_CLK (rise edge)                               0.00       0.00
  clock network delay (ideal)                             0.00       0.00
  input external delay                                   20.00      20.00 f
  WrData[4] (in)                                          0.11      20.11 f
  U0_RegFile/WrData[4] (RegFile)                          0.00      20.11 f
  U0_RegFile/U654/Y (INVX2M)                              0.41      20.51 r
  U0_RegFile/U347/Y (BUFX4M)                              0.87      21.38 r
  U0_RegFile/U448/Y (OAI22X1M)                            0.51      21.89 f
  U0_RegFile/regArr_reg[5][4]/D (DFFRQX1M)                0.00      21.89 f
  data arrival time                                                 21.89

  clock REG_CLK (rise edge)                               0.00       0.00
  clock network delay (ideal)                             0.00       0.00
  clock uncertainty                                       0.10       0.10
  U0_RegFile/regArr_reg[5][4]/CK (DFFRQX1M)               0.00       0.10 r
  library hold time                                      -0.07       0.03
  data required time                                                 0.03
  --------------------------------------------------------------------------
  data required time                                                 0.03
  data arrival time                                                -21.89
  --------------------------------------------------------------------------
  slack (MET)                                                       21.87


  Startpoint: WrData[3] (input port clocked by REG_CLK)
  Endpoint: U0_RegFile/regArr_reg[15][3]
            (rising edge-triggered flip-flop clocked by REG_CLK)
  Path Group: INREG
  Path Type: min

  Des/Clust/Port     Wire Load Model       Library
  ------------------------------------------------
  System_Top         tsmc13_wl30           scmetro_tsmc_cl013g_rvt_ss_1p08v_125c

  Point                                                   Incr       Path
  --------------------------------------------------------------------------
  clock REG_CLK (rise edge)                               0.00       0.00
  clock network delay (ideal)                             0.00       0.00
  input external delay                                   20.00      20.00 f
  WrData[3] (in)                                          0.11      20.11 f
  U0_RegFile/WrData[3] (RegFile)                          0.00      20.11 f
  U0_RegFile/U653/Y (INVX2M)                              0.41      20.51 r
  U0_RegFile/U346/Y (BUFX4M)                              0.87      21.38 r
  U0_RegFile/U479/Y (OAI22X1M)                            0.51      21.89 f
  U0_RegFile/regArr_reg[15][3]/D (DFFRQX1M)               0.00      21.89 f
  data arrival time                                                 21.89

  clock REG_CLK (rise edge)                               0.00       0.00
  clock network delay (ideal)                             0.00       0.00
  clock uncertainty                                       0.10       0.10
  U0_RegFile/regArr_reg[15][3]/CK (DFFRQX1M)              0.00       0.10 r
  library hold time                                      -0.07       0.03
  data required time                                                 0.03
  --------------------------------------------------------------------------
  data required time                                                 0.03
  data arrival time                                                -21.89
  --------------------------------------------------------------------------
  slack (MET)                                                       21.87


  Startpoint: WrData[2] (input port clocked by REG_CLK)
  Endpoint: U0_RegFile/regArr_reg[15][2]
            (rising edge-triggered flip-flop clocked by REG_CLK)
  Path Group: INREG
  Path Type: min

  Des/Clust/Port     Wire Load Model       Library
  ------------------------------------------------
  System_Top         tsmc13_wl30           scmetro_tsmc_cl013g_rvt_ss_1p08v_125c

  Point                                                   Incr       Path
  --------------------------------------------------------------------------
  clock REG_CLK (rise edge)                               0.00       0.00
  clock network delay (ideal)                             0.00       0.00
  input external delay                                   20.00      20.00 f
  WrData[2] (in)                                          0.11      20.11 f
  U0_RegFile/WrData[2] (RegFile)                          0.00      20.11 f
  U0_RegFile/U652/Y (INVX2M)                              0.41      20.51 r
  U0_RegFile/U345/Y (BUFX4M)                              0.87      21.38 r
  U0_RegFile/U478/Y (OAI22X1M)                            0.51      21.89 f
  U0_RegFile/regArr_reg[15][2]/D (DFFRQX1M)               0.00      21.89 f
  data arrival time                                                 21.89

  clock REG_CLK (rise edge)                               0.00       0.00
  clock network delay (ideal)                             0.00       0.00
  clock uncertainty                                       0.10       0.10
  U0_RegFile/regArr_reg[15][2]/CK (DFFRQX1M)              0.00       0.10 r
  library hold time                                      -0.07       0.03
  data required time                                                 0.03
  --------------------------------------------------------------------------
  data required time                                                 0.03
  data arrival time                                                -21.89
  --------------------------------------------------------------------------
  slack (MET)                                                       21.87


  Startpoint: WrData[1] (input port clocked by REG_CLK)
  Endpoint: U0_RegFile/regArr_reg[15][1]
            (rising edge-triggered flip-flop clocked by REG_CLK)
  Path Group: INREG
  Path Type: min

  Des/Clust/Port     Wire Load Model       Library
  ------------------------------------------------
  System_Top         tsmc13_wl30           scmetro_tsmc_cl013g_rvt_ss_1p08v_125c

  Point                                                   Incr       Path
  --------------------------------------------------------------------------
  clock REG_CLK (rise edge)                               0.00       0.00
  clock network delay (ideal)                             0.00       0.00
  input external delay                                   20.00      20.00 f
  WrData[1] (in)                                          0.11      20.11 f
  U0_RegFile/WrData[1] (RegFile)                          0.00      20.11 f
  U0_RegFile/U651/Y (INVX2M)                              0.41      20.51 r
  U0_RegFile/U344/Y (BUFX4M)                              0.87      21.38 r
  U0_RegFile/U477/Y (OAI22X1M)                            0.51      21.89 f
  U0_RegFile/regArr_reg[15][1]/D (DFFRQX1M)               0.00      21.89 f
  data arrival time                                                 21.89

  clock REG_CLK (rise edge)                               0.00       0.00
  clock network delay (ideal)                             0.00       0.00
  clock uncertainty                                       0.10       0.10
  U0_RegFile/regArr_reg[15][1]/CK (DFFRQX1M)              0.00       0.10 r
  library hold time                                      -0.07       0.03
  data required time                                                 0.03
  --------------------------------------------------------------------------
  data required time                                                 0.03
  data arrival time                                                -21.89
  --------------------------------------------------------------------------
  slack (MET)                                                       21.87


  Startpoint: WrData[0] (input port clocked by REG_CLK)
  Endpoint: U0_RegFile/regArr_reg[15][0]
            (rising edge-triggered flip-flop clocked by REG_CLK)
  Path Group: INREG
  Path Type: min

  Des/Clust/Port     Wire Load Model       Library
  ------------------------------------------------
  System_Top         tsmc13_wl30           scmetro_tsmc_cl013g_rvt_ss_1p08v_125c

  Point                                                   Incr       Path
  --------------------------------------------------------------------------
  clock REG_CLK (rise edge)                               0.00       0.00
  clock network delay (ideal)                             0.00       0.00
  input external delay                                   20.00      20.00 f
  WrData[0] (in)                                          0.11      20.11 f
  U0_RegFile/WrData[0] (RegFile)                          0.00      20.11 f
  U0_RegFile/U650/Y (INVX2M)                              0.41      20.51 r
  U0_RegFile/U343/Y (BUFX4M)                              0.87      21.38 r
  U0_RegFile/U476/Y (OAI22X1M)                            0.51      21.89 f
  U0_RegFile/regArr_reg[15][0]/D (DFFRQX1M)               0.00      21.89 f
  data arrival time                                                 21.89

  clock REG_CLK (rise edge)                               0.00       0.00
  clock network delay (ideal)                             0.00       0.00
  clock uncertainty                                       0.10       0.10
  U0_RegFile/regArr_reg[15][0]/CK (DFFRQX1M)              0.00       0.10 r
  library hold time                                      -0.07       0.03
  data required time                                                 0.03
  --------------------------------------------------------------------------
  data required time                                                 0.03
  data arrival time                                                -21.89
  --------------------------------------------------------------------------
  slack (MET)                                                       21.87


  Startpoint: WrData[3] (input port clocked by REG_CLK)
  Endpoint: U0_RegFile/regArr_reg[14][3]
            (rising edge-triggered flip-flop clocked by REG_CLK)
  Path Group: INREG
  Path Type: min

  Des/Clust/Port     Wire Load Model       Library
  ------------------------------------------------
  System_Top         tsmc13_wl30           scmetro_tsmc_cl013g_rvt_ss_1p08v_125c

  Point                                                   Incr       Path
  --------------------------------------------------------------------------
  clock REG_CLK (rise edge)                               0.00       0.00
  clock network delay (ideal)                             0.00       0.00
  input external delay                                   20.00      20.00 f
  WrData[3] (in)                                          0.11      20.11 f
  U0_RegFile/WrData[3] (RegFile)                          0.00      20.11 f
  U0_RegFile/U653/Y (INVX2M)                              0.41      20.51 r
  U0_RegFile/U346/Y (BUFX4M)                              0.87      21.38 r
  U0_RegFile/U471/Y (OAI22X1M)                            0.51      21.89 f
  U0_RegFile/regArr_reg[14][3]/D (DFFRQX1M)               0.00      21.89 f
  data arrival time                                                 21.89

  clock REG_CLK (rise edge)                               0.00       0.00
  clock network delay (ideal)                             0.00       0.00
  clock uncertainty                                       0.10       0.10
  U0_RegFile/regArr_reg[14][3]/CK (DFFRQX1M)              0.00       0.10 r
  library hold time                                      -0.07       0.03
  data required time                                                 0.03
  --------------------------------------------------------------------------
  data required time                                                 0.03
  data arrival time                                                -21.89
  --------------------------------------------------------------------------
  slack (MET)                                                       21.87


  Startpoint: WrData[2] (input port clocked by REG_CLK)
  Endpoint: U0_RegFile/regArr_reg[14][2]
            (rising edge-triggered flip-flop clocked by REG_CLK)
  Path Group: INREG
  Path Type: min

  Des/Clust/Port     Wire Load Model       Library
  ------------------------------------------------
  System_Top         tsmc13_wl30           scmetro_tsmc_cl013g_rvt_ss_1p08v_125c

  Point                                                   Incr       Path
  --------------------------------------------------------------------------
  clock REG_CLK (rise edge)                               0.00       0.00
  clock network delay (ideal)                             0.00       0.00
  input external delay                                   20.00      20.00 f
  WrData[2] (in)                                          0.11      20.11 f
  U0_RegFile/WrData[2] (RegFile)                          0.00      20.11 f
  U0_RegFile/U652/Y (INVX2M)                              0.41      20.51 r
  U0_RegFile/U345/Y (BUFX4M)                              0.87      21.38 r
  U0_RegFile/U470/Y (OAI22X1M)                            0.51      21.89 f
  U0_RegFile/regArr_reg[14][2]/D (DFFRQX1M)               0.00      21.89 f
  data arrival time                                                 21.89

  clock REG_CLK (rise edge)                               0.00       0.00
  clock network delay (ideal)                             0.00       0.00
  clock uncertainty                                       0.10       0.10
  U0_RegFile/regArr_reg[14][2]/CK (DFFRQX1M)              0.00       0.10 r
  library hold time                                      -0.07       0.03
  data required time                                                 0.03
  --------------------------------------------------------------------------
  data required time                                                 0.03
  data arrival time                                                -21.89
  --------------------------------------------------------------------------
  slack (MET)                                                       21.87


  Startpoint: WrData[1] (input port clocked by REG_CLK)
  Endpoint: U0_RegFile/regArr_reg[14][1]
            (rising edge-triggered flip-flop clocked by REG_CLK)
  Path Group: INREG
  Path Type: min

  Des/Clust/Port     Wire Load Model       Library
  ------------------------------------------------
  System_Top         tsmc13_wl30           scmetro_tsmc_cl013g_rvt_ss_1p08v_125c

  Point                                                   Incr       Path
  --------------------------------------------------------------------------
  clock REG_CLK (rise edge)                               0.00       0.00
  clock network delay (ideal)                             0.00       0.00
  input external delay                                   20.00      20.00 f
  WrData[1] (in)                                          0.11      20.11 f
  U0_RegFile/WrData[1] (RegFile)                          0.00      20.11 f
  U0_RegFile/U651/Y (INVX2M)                              0.41      20.51 r
  U0_RegFile/U344/Y (BUFX4M)                              0.87      21.38 r
  U0_RegFile/U469/Y (OAI22X1M)                            0.51      21.89 f
  U0_RegFile/regArr_reg[14][1]/D (DFFRQX1M)               0.00      21.89 f
  data arrival time                                                 21.89

  clock REG_CLK (rise edge)                               0.00       0.00
  clock network delay (ideal)                             0.00       0.00
  clock uncertainty                                       0.10       0.10
  U0_RegFile/regArr_reg[14][1]/CK (DFFRQX1M)              0.00       0.10 r
  library hold time                                      -0.07       0.03
  data required time                                                 0.03
  --------------------------------------------------------------------------
  data required time                                                 0.03
  data arrival time                                                -21.89
  --------------------------------------------------------------------------
  slack (MET)                                                       21.87


  Startpoint: WrData[0] (input port clocked by REG_CLK)
  Endpoint: U0_RegFile/regArr_reg[14][0]
            (rising edge-triggered flip-flop clocked by REG_CLK)
  Path Group: INREG
  Path Type: min

  Des/Clust/Port     Wire Load Model       Library
  ------------------------------------------------
  System_Top         tsmc13_wl30           scmetro_tsmc_cl013g_rvt_ss_1p08v_125c

  Point                                                   Incr       Path
  --------------------------------------------------------------------------
  clock REG_CLK (rise edge)                               0.00       0.00
  clock network delay (ideal)                             0.00       0.00
  input external delay                                   20.00      20.00 f
  WrData[0] (in)                                          0.11      20.11 f
  U0_RegFile/WrData[0] (RegFile)                          0.00      20.11 f
  U0_RegFile/U650/Y (INVX2M)                              0.41      20.51 r
  U0_RegFile/U343/Y (BUFX4M)                              0.87      21.38 r
  U0_RegFile/U468/Y (OAI22X1M)                            0.51      21.89 f
  U0_RegFile/regArr_reg[14][0]/D (DFFRQX1M)               0.00      21.89 f
  data arrival time                                                 21.89

  clock REG_CLK (rise edge)                               0.00       0.00
  clock network delay (ideal)                             0.00       0.00
  clock uncertainty                                       0.10       0.10
  U0_RegFile/regArr_reg[14][0]/CK (DFFRQX1M)              0.00       0.10 r
  library hold time                                      -0.07       0.03
  data required time                                                 0.03
  --------------------------------------------------------------------------
  data required time                                                 0.03
  data arrival time                                                -21.89
  --------------------------------------------------------------------------
  slack (MET)                                                       21.87


  Startpoint: WrData[3] (input port clocked by REG_CLK)
  Endpoint: U0_RegFile/regArr_reg[13][3]
            (rising edge-triggered flip-flop clocked by REG_CLK)
  Path Group: INREG
  Path Type: min

  Des/Clust/Port     Wire Load Model       Library
  ------------------------------------------------
  System_Top         tsmc13_wl30           scmetro_tsmc_cl013g_rvt_ss_1p08v_125c

  Point                                                   Incr       Path
  --------------------------------------------------------------------------
  clock REG_CLK (rise edge)                               0.00       0.00
  clock network delay (ideal)                             0.00       0.00
  input external delay                                   20.00      20.00 f
  WrData[3] (in)                                          0.11      20.11 f
  U0_RegFile/WrData[3] (RegFile)                          0.00      20.11 f
  U0_RegFile/U653/Y (INVX2M)                              0.41      20.51 r
  U0_RegFile/U346/Y (BUFX4M)                              0.87      21.38 r
  U0_RegFile/U495/Y (OAI22X1M)                            0.51      21.89 f
  U0_RegFile/regArr_reg[13][3]/D (DFFRQX1M)               0.00      21.89 f
  data arrival time                                                 21.89

  clock REG_CLK (rise edge)                               0.00       0.00
  clock network delay (ideal)                             0.00       0.00
  clock uncertainty                                       0.10       0.10
  U0_RegFile/regArr_reg[13][3]/CK (DFFRQX1M)              0.00       0.10 r
  library hold time                                      -0.07       0.03
  data required time                                                 0.03
  --------------------------------------------------------------------------
  data required time                                                 0.03
  data arrival time                                                -21.89
  --------------------------------------------------------------------------
  slack (MET)                                                       21.87


  Startpoint: WrData[2] (input port clocked by REG_CLK)
  Endpoint: U0_RegFile/regArr_reg[13][2]
            (rising edge-triggered flip-flop clocked by REG_CLK)
  Path Group: INREG
  Path Type: min

  Des/Clust/Port     Wire Load Model       Library
  ------------------------------------------------
  System_Top         tsmc13_wl30           scmetro_tsmc_cl013g_rvt_ss_1p08v_125c

  Point                                                   Incr       Path
  --------------------------------------------------------------------------
  clock REG_CLK (rise edge)                               0.00       0.00
  clock network delay (ideal)                             0.00       0.00
  input external delay                                   20.00      20.00 f
  WrData[2] (in)                                          0.11      20.11 f
  U0_RegFile/WrData[2] (RegFile)                          0.00      20.11 f
  U0_RegFile/U652/Y (INVX2M)                              0.41      20.51 r
  U0_RegFile/U345/Y (BUFX4M)                              0.87      21.38 r
  U0_RegFile/U494/Y (OAI22X1M)                            0.51      21.89 f
  U0_RegFile/regArr_reg[13][2]/D (DFFRQX1M)               0.00      21.89 f
  data arrival time                                                 21.89

  clock REG_CLK (rise edge)                               0.00       0.00
  clock network delay (ideal)                             0.00       0.00
  clock uncertainty                                       0.10       0.10
  U0_RegFile/regArr_reg[13][2]/CK (DFFRQX1M)              0.00       0.10 r
  library hold time                                      -0.07       0.03
  data required time                                                 0.03
  --------------------------------------------------------------------------
  data required time                                                 0.03
  data arrival time                                                -21.89
  --------------------------------------------------------------------------
  slack (MET)                                                       21.87


  Startpoint: WrData[1] (input port clocked by REG_CLK)
  Endpoint: U0_RegFile/regArr_reg[13][1]
            (rising edge-triggered flip-flop clocked by REG_CLK)
  Path Group: INREG
  Path Type: min

  Des/Clust/Port     Wire Load Model       Library
  ------------------------------------------------
  System_Top         tsmc13_wl30           scmetro_tsmc_cl013g_rvt_ss_1p08v_125c

  Point                                                   Incr       Path
  --------------------------------------------------------------------------
  clock REG_CLK (rise edge)                               0.00       0.00
  clock network delay (ideal)                             0.00       0.00
  input external delay                                   20.00      20.00 f
  WrData[1] (in)                                          0.11      20.11 f
  U0_RegFile/WrData[1] (RegFile)                          0.00      20.11 f
  U0_RegFile/U651/Y (INVX2M)                              0.41      20.51 r
  U0_RegFile/U344/Y (BUFX4M)                              0.87      21.38 r
  U0_RegFile/U493/Y (OAI22X1M)                            0.51      21.89 f
  U0_RegFile/regArr_reg[13][1]/D (DFFRQX1M)               0.00      21.89 f
  data arrival time                                                 21.89

  clock REG_CLK (rise edge)                               0.00       0.00
  clock network delay (ideal)                             0.00       0.00
  clock uncertainty                                       0.10       0.10
  U0_RegFile/regArr_reg[13][1]/CK (DFFRQX1M)              0.00       0.10 r
  library hold time                                      -0.07       0.03
  data required time                                                 0.03
  --------------------------------------------------------------------------
  data required time                                                 0.03
  data arrival time                                                -21.89
  --------------------------------------------------------------------------
  slack (MET)                                                       21.87


  Startpoint: WrData[0] (input port clocked by REG_CLK)
  Endpoint: U0_RegFile/regArr_reg[13][0]
            (rising edge-triggered flip-flop clocked by REG_CLK)
  Path Group: INREG
  Path Type: min

  Des/Clust/Port     Wire Load Model       Library
  ------------------------------------------------
  System_Top         tsmc13_wl30           scmetro_tsmc_cl013g_rvt_ss_1p08v_125c

  Point                                                   Incr       Path
  --------------------------------------------------------------------------
  clock REG_CLK (rise edge)                               0.00       0.00
  clock network delay (ideal)                             0.00       0.00
  input external delay                                   20.00      20.00 f
  WrData[0] (in)                                          0.11      20.11 f
  U0_RegFile/WrData[0] (RegFile)                          0.00      20.11 f
  U0_RegFile/U650/Y (INVX2M)                              0.41      20.51 r
  U0_RegFile/U343/Y (BUFX4M)                              0.87      21.38 r
  U0_RegFile/U492/Y (OAI22X1M)                            0.51      21.89 f
  U0_RegFile/regArr_reg[13][0]/D (DFFRQX1M)               0.00      21.89 f
  data arrival time                                                 21.89

  clock REG_CLK (rise edge)                               0.00       0.00
  clock network delay (ideal)                             0.00       0.00
  clock uncertainty                                       0.10       0.10
  U0_RegFile/regArr_reg[13][0]/CK (DFFRQX1M)              0.00       0.10 r
  library hold time                                      -0.07       0.03
  data required time                                                 0.03
  --------------------------------------------------------------------------
  data required time                                                 0.03
  data arrival time                                                -21.89
  --------------------------------------------------------------------------
  slack (MET)                                                       21.87


  Startpoint: WrData[3] (input port clocked by REG_CLK)
  Endpoint: U0_RegFile/regArr_reg[12][3]
            (rising edge-triggered flip-flop clocked by REG_CLK)
  Path Group: INREG
  Path Type: min

  Des/Clust/Port     Wire Load Model       Library
  ------------------------------------------------
  System_Top         tsmc13_wl30           scmetro_tsmc_cl013g_rvt_ss_1p08v_125c

  Point                                                   Incr       Path
  --------------------------------------------------------------------------
  clock REG_CLK (rise edge)                               0.00       0.00
  clock network delay (ideal)                             0.00       0.00
  input external delay                                   20.00      20.00 f
  WrData[3] (in)                                          0.11      20.11 f
  U0_RegFile/WrData[3] (RegFile)                          0.00      20.11 f
  U0_RegFile/U653/Y (INVX2M)                              0.41      20.51 r
  U0_RegFile/U346/Y (BUFX4M)                              0.87      21.38 r
  U0_RegFile/U487/Y (OAI22X1M)                            0.51      21.89 f
  U0_RegFile/regArr_reg[12][3]/D (DFFRQX1M)               0.00      21.89 f
  data arrival time                                                 21.89

  clock REG_CLK (rise edge)                               0.00       0.00
  clock network delay (ideal)                             0.00       0.00
  clock uncertainty                                       0.10       0.10
  U0_RegFile/regArr_reg[12][3]/CK (DFFRQX1M)              0.00       0.10 r
  library hold time                                      -0.07       0.03
  data required time                                                 0.03
  --------------------------------------------------------------------------
  data required time                                                 0.03
  data arrival time                                                -21.89
  --------------------------------------------------------------------------
  slack (MET)                                                       21.87


  Startpoint: WrData[2] (input port clocked by REG_CLK)
  Endpoint: U0_RegFile/regArr_reg[12][2]
            (rising edge-triggered flip-flop clocked by REG_CLK)
  Path Group: INREG
  Path Type: min

  Des/Clust/Port     Wire Load Model       Library
  ------------------------------------------------
  System_Top         tsmc13_wl30           scmetro_tsmc_cl013g_rvt_ss_1p08v_125c

  Point                                                   Incr       Path
  --------------------------------------------------------------------------
  clock REG_CLK (rise edge)                               0.00       0.00
  clock network delay (ideal)                             0.00       0.00
  input external delay                                   20.00      20.00 f
  WrData[2] (in)                                          0.11      20.11 f
  U0_RegFile/WrData[2] (RegFile)                          0.00      20.11 f
  U0_RegFile/U652/Y (INVX2M)                              0.41      20.51 r
  U0_RegFile/U345/Y (BUFX4M)                              0.87      21.38 r
  U0_RegFile/U486/Y (OAI22X1M)                            0.51      21.89 f
  U0_RegFile/regArr_reg[12][2]/D (DFFRQX1M)               0.00      21.89 f
  data arrival time                                                 21.89

  clock REG_CLK (rise edge)                               0.00       0.00
  clock network delay (ideal)                             0.00       0.00
  clock uncertainty                                       0.10       0.10
  U0_RegFile/regArr_reg[12][2]/CK (DFFRQX1M)              0.00       0.10 r
  library hold time                                      -0.07       0.03
  data required time                                                 0.03
  --------------------------------------------------------------------------
  data required time                                                 0.03
  data arrival time                                                -21.89
  --------------------------------------------------------------------------
  slack (MET)                                                       21.87


  Startpoint: WrData[1] (input port clocked by REG_CLK)
  Endpoint: U0_RegFile/regArr_reg[12][1]
            (rising edge-triggered flip-flop clocked by REG_CLK)
  Path Group: INREG
  Path Type: min

  Des/Clust/Port     Wire Load Model       Library
  ------------------------------------------------
  System_Top         tsmc13_wl30           scmetro_tsmc_cl013g_rvt_ss_1p08v_125c

  Point                                                   Incr       Path
  --------------------------------------------------------------------------
  clock REG_CLK (rise edge)                               0.00       0.00
  clock network delay (ideal)                             0.00       0.00
  input external delay                                   20.00      20.00 f
  WrData[1] (in)                                          0.11      20.11 f
  U0_RegFile/WrData[1] (RegFile)                          0.00      20.11 f
  U0_RegFile/U651/Y (INVX2M)                              0.41      20.51 r
  U0_RegFile/U344/Y (BUFX4M)                              0.87      21.38 r
  U0_RegFile/U485/Y (OAI22X1M)                            0.51      21.89 f
  U0_RegFile/regArr_reg[12][1]/D (DFFRQX1M)               0.00      21.89 f
  data arrival time                                                 21.89

  clock REG_CLK (rise edge)                               0.00       0.00
  clock network delay (ideal)                             0.00       0.00
  clock uncertainty                                       0.10       0.10
  U0_RegFile/regArr_reg[12][1]/CK (DFFRQX1M)              0.00       0.10 r
  library hold time                                      -0.07       0.03
  data required time                                                 0.03
  --------------------------------------------------------------------------
  data required time                                                 0.03
  data arrival time                                                -21.89
  --------------------------------------------------------------------------
  slack (MET)                                                       21.87


  Startpoint: WrData[0] (input port clocked by REG_CLK)
  Endpoint: U0_RegFile/regArr_reg[12][0]
            (rising edge-triggered flip-flop clocked by REG_CLK)
  Path Group: INREG
  Path Type: min

  Des/Clust/Port     Wire Load Model       Library
  ------------------------------------------------
  System_Top         tsmc13_wl30           scmetro_tsmc_cl013g_rvt_ss_1p08v_125c

  Point                                                   Incr       Path
  --------------------------------------------------------------------------
  clock REG_CLK (rise edge)                               0.00       0.00
  clock network delay (ideal)                             0.00       0.00
  input external delay                                   20.00      20.00 f
  WrData[0] (in)                                          0.11      20.11 f
  U0_RegFile/WrData[0] (RegFile)                          0.00      20.11 f
  U0_RegFile/U650/Y (INVX2M)                              0.41      20.51 r
  U0_RegFile/U343/Y (BUFX4M)                              0.87      21.38 r
  U0_RegFile/U484/Y (OAI22X1M)                            0.51      21.89 f
  U0_RegFile/regArr_reg[12][0]/D (DFFRQX1M)               0.00      21.89 f
  data arrival time                                                 21.89

  clock REG_CLK (rise edge)                               0.00       0.00
  clock network delay (ideal)                             0.00       0.00
  clock uncertainty                                       0.10       0.10
  U0_RegFile/regArr_reg[12][0]/CK (DFFRQX1M)              0.00       0.10 r
  library hold time                                      -0.07       0.03
  data required time                                                 0.03
  --------------------------------------------------------------------------
  data required time                                                 0.03
  data arrival time                                                -21.89
  --------------------------------------------------------------------------
  slack (MET)                                                       21.87


  Startpoint: WrData[3] (input port clocked by REG_CLK)
  Endpoint: U0_RegFile/regArr_reg[4][3]
            (rising edge-triggered flip-flop clocked by REG_CLK)
  Path Group: INREG
  Path Type: min

  Des/Clust/Port     Wire Load Model       Library
  ------------------------------------------------
  System_Top         tsmc13_wl30           scmetro_tsmc_cl013g_rvt_ss_1p08v_125c

  Point                                                   Incr       Path
  --------------------------------------------------------------------------
  clock REG_CLK (rise edge)                               0.00       0.00
  clock network delay (ideal)                             0.00       0.00
  input external delay                                   20.00      20.00 f
  WrData[3] (in)                                          0.11      20.11 f
  U0_RegFile/WrData[3] (RegFile)                          0.00      20.11 f
  U0_RegFile/U653/Y (INVX2M)                              0.41      20.51 r
  U0_RegFile/U346/Y (BUFX4M)                              0.87      21.38 r
  U0_RegFile/U455/Y (OAI22X1M)                            0.51      21.89 f
  U0_RegFile/regArr_reg[4][3]/D (DFFRQX1M)                0.00      21.89 f
  data arrival time                                                 21.89

  clock REG_CLK (rise edge)                               0.00       0.00
  clock network delay (ideal)                             0.00       0.00
  clock uncertainty                                       0.10       0.10
  U0_RegFile/regArr_reg[4][3]/CK (DFFRQX1M)               0.00       0.10 r
  library hold time                                      -0.07       0.03
  data required time                                                 0.03
  --------------------------------------------------------------------------
  data required time                                                 0.03
  data arrival time                                                -21.89
  --------------------------------------------------------------------------
  slack (MET)                                                       21.87


  Startpoint: WrData[2] (input port clocked by REG_CLK)
  Endpoint: U0_RegFile/regArr_reg[4][2]
            (rising edge-triggered flip-flop clocked by REG_CLK)
  Path Group: INREG
  Path Type: min

  Des/Clust/Port     Wire Load Model       Library
  ------------------------------------------------
  System_Top         tsmc13_wl30           scmetro_tsmc_cl013g_rvt_ss_1p08v_125c

  Point                                                   Incr       Path
  --------------------------------------------------------------------------
  clock REG_CLK (rise edge)                               0.00       0.00
  clock network delay (ideal)                             0.00       0.00
  input external delay                                   20.00      20.00 f
  WrData[2] (in)                                          0.11      20.11 f
  U0_RegFile/WrData[2] (RegFile)                          0.00      20.11 f
  U0_RegFile/U652/Y (INVX2M)                              0.41      20.51 r
  U0_RegFile/U345/Y (BUFX4M)                              0.87      21.38 r
  U0_RegFile/U454/Y (OAI22X1M)                            0.51      21.89 f
  U0_RegFile/regArr_reg[4][2]/D (DFFRQX1M)                0.00      21.89 f
  data arrival time                                                 21.89

  clock REG_CLK (rise edge)                               0.00       0.00
  clock network delay (ideal)                             0.00       0.00
  clock uncertainty                                       0.10       0.10
  U0_RegFile/regArr_reg[4][2]/CK (DFFRQX1M)               0.00       0.10 r
  library hold time                                      -0.07       0.03
  data required time                                                 0.03
  --------------------------------------------------------------------------
  data required time                                                 0.03
  data arrival time                                                -21.89
  --------------------------------------------------------------------------
  slack (MET)                                                       21.87


  Startpoint: WrData[1] (input port clocked by REG_CLK)
  Endpoint: U0_RegFile/regArr_reg[4][1]
            (rising edge-triggered flip-flop clocked by REG_CLK)
  Path Group: INREG
  Path Type: min

  Des/Clust/Port     Wire Load Model       Library
  ------------------------------------------------
  System_Top         tsmc13_wl30           scmetro_tsmc_cl013g_rvt_ss_1p08v_125c

  Point                                                   Incr       Path
  --------------------------------------------------------------------------
  clock REG_CLK (rise edge)                               0.00       0.00
  clock network delay (ideal)                             0.00       0.00
  input external delay                                   20.00      20.00 f
  WrData[1] (in)                                          0.11      20.11 f
  U0_RegFile/WrData[1] (RegFile)                          0.00      20.11 f
  U0_RegFile/U651/Y (INVX2M)                              0.41      20.51 r
  U0_RegFile/U344/Y (BUFX4M)                              0.87      21.38 r
  U0_RegFile/U453/Y (OAI22X1M)                            0.51      21.89 f
  U0_RegFile/regArr_reg[4][1]/D (DFFRQX1M)                0.00      21.89 f
  data arrival time                                                 21.89

  clock REG_CLK (rise edge)                               0.00       0.00
  clock network delay (ideal)                             0.00       0.00
  clock uncertainty                                       0.10       0.10
  U0_RegFile/regArr_reg[4][1]/CK (DFFRQX1M)               0.00       0.10 r
  library hold time                                      -0.07       0.03
  data required time                                                 0.03
  --------------------------------------------------------------------------
  data required time                                                 0.03
  data arrival time                                                -21.89
  --------------------------------------------------------------------------
  slack (MET)                                                       21.87


  Startpoint: WrData[0] (input port clocked by REG_CLK)
  Endpoint: U0_RegFile/regArr_reg[4][0]
            (rising edge-triggered flip-flop clocked by REG_CLK)
  Path Group: INREG
  Path Type: min

  Des/Clust/Port     Wire Load Model       Library
  ------------------------------------------------
  System_Top         tsmc13_wl30           scmetro_tsmc_cl013g_rvt_ss_1p08v_125c

  Point                                                   Incr       Path
  --------------------------------------------------------------------------
  clock REG_CLK (rise edge)                               0.00       0.00
  clock network delay (ideal)                             0.00       0.00
  input external delay                                   20.00      20.00 f
  WrData[0] (in)                                          0.11      20.11 f
  U0_RegFile/WrData[0] (RegFile)                          0.00      20.11 f
  U0_RegFile/U650/Y (INVX2M)                              0.41      20.51 r
  U0_RegFile/U343/Y (BUFX4M)                              0.87      21.38 r
  U0_RegFile/U452/Y (OAI22X1M)                            0.51      21.89 f
  U0_RegFile/regArr_reg[4][0]/D (DFFRQX1M)                0.00      21.89 f
  data arrival time                                                 21.89

  clock REG_CLK (rise edge)                               0.00       0.00
  clock network delay (ideal)                             0.00       0.00
  clock uncertainty                                       0.10       0.10
  U0_RegFile/regArr_reg[4][0]/CK (DFFRQX1M)               0.00       0.10 r
  library hold time                                      -0.07       0.03
  data required time                                                 0.03
  --------------------------------------------------------------------------
  data required time                                                 0.03
  data arrival time                                                -21.89
  --------------------------------------------------------------------------
  slack (MET)                                                       21.87


  Startpoint: WrData[3] (input port clocked by REG_CLK)
  Endpoint: U0_RegFile/regArr_reg[5][3]
            (rising edge-triggered flip-flop clocked by REG_CLK)
  Path Group: INREG
  Path Type: min

  Des/Clust/Port     Wire Load Model       Library
  ------------------------------------------------
  System_Top         tsmc13_wl30           scmetro_tsmc_cl013g_rvt_ss_1p08v_125c

  Point                                                   Incr       Path
  --------------------------------------------------------------------------
  clock REG_CLK (rise edge)                               0.00       0.00
  clock network delay (ideal)                             0.00       0.00
  input external delay                                   20.00      20.00 f
  WrData[3] (in)                                          0.11      20.11 f
  U0_RegFile/WrData[3] (RegFile)                          0.00      20.11 f
  U0_RegFile/U653/Y (INVX2M)                              0.41      20.51 r
  U0_RegFile/U346/Y (BUFX4M)                              0.87      21.38 r
  U0_RegFile/U447/Y (OAI22X1M)                            0.51      21.89 f
  U0_RegFile/regArr_reg[5][3]/D (DFFRQX1M)                0.00      21.89 f
  data arrival time                                                 21.89

  clock REG_CLK (rise edge)                               0.00       0.00
  clock network delay (ideal)                             0.00       0.00
  clock uncertainty                                       0.10       0.10
  U0_RegFile/regArr_reg[5][3]/CK (DFFRQX1M)               0.00       0.10 r
  library hold time                                      -0.07       0.03
  data required time                                                 0.03
  --------------------------------------------------------------------------
  data required time                                                 0.03
  data arrival time                                                -21.89
  --------------------------------------------------------------------------
  slack (MET)                                                       21.87


  Startpoint: WrData[2] (input port clocked by REG_CLK)
  Endpoint: U0_RegFile/regArr_reg[5][2]
            (rising edge-triggered flip-flop clocked by REG_CLK)
  Path Group: INREG
  Path Type: min

  Des/Clust/Port     Wire Load Model       Library
  ------------------------------------------------
  System_Top         tsmc13_wl30           scmetro_tsmc_cl013g_rvt_ss_1p08v_125c

  Point                                                   Incr       Path
  --------------------------------------------------------------------------
  clock REG_CLK (rise edge)                               0.00       0.00
  clock network delay (ideal)                             0.00       0.00
  input external delay                                   20.00      20.00 f
  WrData[2] (in)                                          0.11      20.11 f
  U0_RegFile/WrData[2] (RegFile)                          0.00      20.11 f
  U0_RegFile/U652/Y (INVX2M)                              0.41      20.51 r
  U0_RegFile/U345/Y (BUFX4M)                              0.87      21.38 r
  U0_RegFile/U446/Y (OAI22X1M)                            0.51      21.89 f
  U0_RegFile/regArr_reg[5][2]/D (DFFRQX1M)                0.00      21.89 f
  data arrival time                                                 21.89

  clock REG_CLK (rise edge)                               0.00       0.00
  clock network delay (ideal)                             0.00       0.00
  clock uncertainty                                       0.10       0.10
  U0_RegFile/regArr_reg[5][2]/CK (DFFRQX1M)               0.00       0.10 r
  library hold time                                      -0.07       0.03
  data required time                                                 0.03
  --------------------------------------------------------------------------
  data required time                                                 0.03
  data arrival time                                                -21.89
  --------------------------------------------------------------------------
  slack (MET)                                                       21.87


  Startpoint: WrData[1] (input port clocked by REG_CLK)
  Endpoint: U0_RegFile/regArr_reg[5][1]
            (rising edge-triggered flip-flop clocked by REG_CLK)
  Path Group: INREG
  Path Type: min

  Des/Clust/Port     Wire Load Model       Library
  ------------------------------------------------
  System_Top         tsmc13_wl30           scmetro_tsmc_cl013g_rvt_ss_1p08v_125c

  Point                                                   Incr       Path
  --------------------------------------------------------------------------
  clock REG_CLK (rise edge)                               0.00       0.00
  clock network delay (ideal)                             0.00       0.00
  input external delay                                   20.00      20.00 f
  WrData[1] (in)                                          0.11      20.11 f
  U0_RegFile/WrData[1] (RegFile)                          0.00      20.11 f
  U0_RegFile/U651/Y (INVX2M)                              0.41      20.51 r
  U0_RegFile/U344/Y (BUFX4M)                              0.87      21.38 r
  U0_RegFile/U445/Y (OAI22X1M)                            0.51      21.89 f
  U0_RegFile/regArr_reg[5][1]/D (DFFRQX1M)                0.00      21.89 f
  data arrival time                                                 21.89

  clock REG_CLK (rise edge)                               0.00       0.00
  clock network delay (ideal)                             0.00       0.00
  clock uncertainty                                       0.10       0.10
  U0_RegFile/regArr_reg[5][1]/CK (DFFRQX1M)               0.00       0.10 r
  library hold time                                      -0.07       0.03
  data required time                                                 0.03
  --------------------------------------------------------------------------
  data required time                                                 0.03
  data arrival time                                                -21.89
  --------------------------------------------------------------------------
  slack (MET)                                                       21.87


  Startpoint: WrData[0] (input port clocked by REG_CLK)
  Endpoint: U0_RegFile/regArr_reg[5][0]
            (rising edge-triggered flip-flop clocked by REG_CLK)
  Path Group: INREG
  Path Type: min

  Des/Clust/Port     Wire Load Model       Library
  ------------------------------------------------
  System_Top         tsmc13_wl30           scmetro_tsmc_cl013g_rvt_ss_1p08v_125c

  Point                                                   Incr       Path
  --------------------------------------------------------------------------
  clock REG_CLK (rise edge)                               0.00       0.00
  clock network delay (ideal)                             0.00       0.00
  input external delay                                   20.00      20.00 f
  WrData[0] (in)                                          0.11      20.11 f
  U0_RegFile/WrData[0] (RegFile)                          0.00      20.11 f
  U0_RegFile/U650/Y (INVX2M)                              0.41      20.51 r
  U0_RegFile/U343/Y (BUFX4M)                              0.87      21.38 r
  U0_RegFile/U444/Y (OAI22X1M)                            0.51      21.89 f
  U0_RegFile/regArr_reg[5][0]/D (DFFRQX1M)                0.00      21.89 f
  data arrival time                                                 21.89

  clock REG_CLK (rise edge)                               0.00       0.00
  clock network delay (ideal)                             0.00       0.00
  clock uncertainty                                       0.10       0.10
  U0_RegFile/regArr_reg[5][0]/CK (DFFRQX1M)               0.00       0.10 r
  library hold time                                      -0.07       0.03
  data required time                                                 0.03
  --------------------------------------------------------------------------
  data required time                                                 0.03
  data arrival time                                                -21.89
  --------------------------------------------------------------------------
  slack (MET)                                                       21.87


  Startpoint: WrData[3] (input port clocked by REG_CLK)
  Endpoint: U0_RegFile/regArr_reg[6][3]
            (rising edge-triggered flip-flop clocked by REG_CLK)
  Path Group: INREG
  Path Type: min

  Des/Clust/Port     Wire Load Model       Library
  ------------------------------------------------
  System_Top         tsmc13_wl30           scmetro_tsmc_cl013g_rvt_ss_1p08v_125c

  Point                                                   Incr       Path
  --------------------------------------------------------------------------
  clock REG_CLK (rise edge)                               0.00       0.00
  clock network delay (ideal)                             0.00       0.00
  input external delay                                   20.00      20.00 f
  WrData[3] (in)                                          0.11      20.11 f
  U0_RegFile/WrData[3] (RegFile)                          0.00      20.11 f
  U0_RegFile/U653/Y (INVX2M)                              0.41      20.51 r
  U0_RegFile/U346/Y (BUFX4M)                              0.87      21.38 r
  U0_RegFile/U463/Y (OAI22X1M)                            0.51      21.89 f
  U0_RegFile/regArr_reg[6][3]/D (DFFRQX1M)                0.00      21.89 f
  data arrival time                                                 21.89

  clock REG_CLK (rise edge)                               0.00       0.00
  clock network delay (ideal)                             0.00       0.00
  clock uncertainty                                       0.10       0.10
  U0_RegFile/regArr_reg[6][3]/CK (DFFRQX1M)               0.00       0.10 r
  library hold time                                      -0.07       0.03
  data required time                                                 0.03
  --------------------------------------------------------------------------
  data required time                                                 0.03
  data arrival time                                                -21.89
  --------------------------------------------------------------------------
  slack (MET)                                                       21.87


  Startpoint: WrData[2] (input port clocked by REG_CLK)
  Endpoint: U0_RegFile/regArr_reg[6][2]
            (rising edge-triggered flip-flop clocked by REG_CLK)
  Path Group: INREG
  Path Type: min

  Des/Clust/Port     Wire Load Model       Library
  ------------------------------------------------
  System_Top         tsmc13_wl30           scmetro_tsmc_cl013g_rvt_ss_1p08v_125c

  Point                                                   Incr       Path
  --------------------------------------------------------------------------
  clock REG_CLK (rise edge)                               0.00       0.00
  clock network delay (ideal)                             0.00       0.00
  input external delay                                   20.00      20.00 f
  WrData[2] (in)                                          0.11      20.11 f
  U0_RegFile/WrData[2] (RegFile)                          0.00      20.11 f
  U0_RegFile/U652/Y (INVX2M)                              0.41      20.51 r
  U0_RegFile/U345/Y (BUFX4M)                              0.87      21.38 r
  U0_RegFile/U462/Y (OAI22X1M)                            0.51      21.89 f
  U0_RegFile/regArr_reg[6][2]/D (DFFRQX1M)                0.00      21.89 f
  data arrival time                                                 21.89

  clock REG_CLK (rise edge)                               0.00       0.00
  clock network delay (ideal)                             0.00       0.00
  clock uncertainty                                       0.10       0.10
  U0_RegFile/regArr_reg[6][2]/CK (DFFRQX1M)               0.00       0.10 r
  library hold time                                      -0.07       0.03
  data required time                                                 0.03
  --------------------------------------------------------------------------
  data required time                                                 0.03
  data arrival time                                                -21.89
  --------------------------------------------------------------------------
  slack (MET)                                                       21.87


  Startpoint: WrData[1] (input port clocked by REG_CLK)
  Endpoint: U0_RegFile/regArr_reg[6][1]
            (rising edge-triggered flip-flop clocked by REG_CLK)
  Path Group: INREG
  Path Type: min

  Des/Clust/Port     Wire Load Model       Library
  ------------------------------------------------
  System_Top         tsmc13_wl30           scmetro_tsmc_cl013g_rvt_ss_1p08v_125c

  Point                                                   Incr       Path
  --------------------------------------------------------------------------
  clock REG_CLK (rise edge)                               0.00       0.00
  clock network delay (ideal)                             0.00       0.00
  input external delay                                   20.00      20.00 f
  WrData[1] (in)                                          0.11      20.11 f
  U0_RegFile/WrData[1] (RegFile)                          0.00      20.11 f
  U0_RegFile/U651/Y (INVX2M)                              0.41      20.51 r
  U0_RegFile/U344/Y (BUFX4M)                              0.87      21.38 r
  U0_RegFile/U461/Y (OAI22X1M)                            0.51      21.89 f
  U0_RegFile/regArr_reg[6][1]/D (DFFRQX1M)                0.00      21.89 f
  data arrival time                                                 21.89

  clock REG_CLK (rise edge)                               0.00       0.00
  clock network delay (ideal)                             0.00       0.00
  clock uncertainty                                       0.10       0.10
  U0_RegFile/regArr_reg[6][1]/CK (DFFRQX1M)               0.00       0.10 r
  library hold time                                      -0.07       0.03
  data required time                                                 0.03
  --------------------------------------------------------------------------
  data required time                                                 0.03
  data arrival time                                                -21.89
  --------------------------------------------------------------------------
  slack (MET)                                                       21.87


  Startpoint: WrData[0] (input port clocked by REG_CLK)
  Endpoint: U0_RegFile/regArr_reg[6][0]
            (rising edge-triggered flip-flop clocked by REG_CLK)
  Path Group: INREG
  Path Type: min

  Des/Clust/Port     Wire Load Model       Library
  ------------------------------------------------
  System_Top         tsmc13_wl30           scmetro_tsmc_cl013g_rvt_ss_1p08v_125c

  Point                                                   Incr       Path
  --------------------------------------------------------------------------
  clock REG_CLK (rise edge)                               0.00       0.00
  clock network delay (ideal)                             0.00       0.00
  input external delay                                   20.00      20.00 f
  WrData[0] (in)                                          0.11      20.11 f
  U0_RegFile/WrData[0] (RegFile)                          0.00      20.11 f
  U0_RegFile/U650/Y (INVX2M)                              0.41      20.51 r
  U0_RegFile/U343/Y (BUFX4M)                              0.87      21.38 r
  U0_RegFile/U460/Y (OAI22X1M)                            0.51      21.89 f
  U0_RegFile/regArr_reg[6][0]/D (DFFRQX1M)                0.00      21.89 f
  data arrival time                                                 21.89

  clock REG_CLK (rise edge)                               0.00       0.00
  clock network delay (ideal)                             0.00       0.00
  clock uncertainty                                       0.10       0.10
  U0_RegFile/regArr_reg[6][0]/CK (DFFRQX1M)               0.00       0.10 r
  library hold time                                      -0.07       0.03
  data required time                                                 0.03
  --------------------------------------------------------------------------
  data required time                                                 0.03
  data arrival time                                                -21.89
  --------------------------------------------------------------------------
  slack (MET)                                                       21.87


  Startpoint: WrData[7] (input port clocked by REG_CLK)
  Endpoint: U0_RegFile/regArr_reg[2][7]
            (rising edge-triggered flip-flop clocked by REG_CLK)
  Path Group: INREG
  Path Type: min

  Des/Clust/Port     Wire Load Model       Library
  ------------------------------------------------
  System_Top         tsmc13_wl30           scmetro_tsmc_cl013g_rvt_ss_1p08v_125c

  Point                                                   Incr       Path
  --------------------------------------------------------------------------
  clock REG_CLK (rise edge)                               0.00       0.00
  clock network delay (ideal)                             0.00       0.00
  input external delay                                   20.00      20.00 r
  WrData[7] (in)                                          0.18      20.18 r
  U0_RegFile/WrData[7] (RegFile)                          0.00      20.18 r
  U0_RegFile/U657/Y (INVX2M)                              0.29      20.46 f
  U0_RegFile/U519/Y (BUFX4M)                              0.53      21.00 f
  U0_RegFile/U639/Y (OAI2BB2X1M)                          0.75      21.75 r
  U0_RegFile/regArr_reg[2][7]/D (DFFRQX2M)                0.00      21.75 r
  data arrival time                                                 21.75

  clock REG_CLK (rise edge)                               0.00       0.00
  clock network delay (ideal)                             0.00       0.00
  clock uncertainty                                       0.10       0.10
  U0_RegFile/regArr_reg[2][7]/CK (DFFRQX2M)               0.00       0.10 r
  library hold time                                      -0.22      -0.12
  data required time                                                -0.12
  --------------------------------------------------------------------------
  data required time                                                -0.12
  data arrival time                                                -21.75
  --------------------------------------------------------------------------
  slack (MET)                                                       21.87


  Startpoint: WrData[6] (input port clocked by REG_CLK)
  Endpoint: U0_RegFile/regArr_reg[2][6]
            (rising edge-triggered flip-flop clocked by REG_CLK)
  Path Group: INREG
  Path Type: min

  Des/Clust/Port     Wire Load Model       Library
  ------------------------------------------------
  System_Top         tsmc13_wl30           scmetro_tsmc_cl013g_rvt_ss_1p08v_125c

  Point                                                   Incr       Path
  --------------------------------------------------------------------------
  clock REG_CLK (rise edge)                               0.00       0.00
  clock network delay (ideal)                             0.00       0.00
  input external delay                                   20.00      20.00 r
  WrData[6] (in)                                          0.18      20.18 r
  U0_RegFile/WrData[6] (RegFile)                          0.00      20.18 r
  U0_RegFile/U656/Y (INVX2M)                              0.29      20.46 f
  U0_RegFile/U517/Y (BUFX4M)                              0.53      21.00 f
  U0_RegFile/U601/Y (OAI2BB2X1M)                          0.75      21.75 r
  U0_RegFile/regArr_reg[2][6]/D (DFFRQX2M)                0.00      21.75 r
  data arrival time                                                 21.75

  clock REG_CLK (rise edge)                               0.00       0.00
  clock network delay (ideal)                             0.00       0.00
  clock uncertainty                                       0.10       0.10
  U0_RegFile/regArr_reg[2][6]/CK (DFFRQX2M)               0.00       0.10 r
  library hold time                                      -0.22      -0.12
  data required time                                                -0.12
  --------------------------------------------------------------------------
  data required time                                                -0.12
  data arrival time                                                -21.75
  --------------------------------------------------------------------------
  slack (MET)                                                       21.87


  Startpoint: WrData[5] (input port clocked by REG_CLK)
  Endpoint: U0_RegFile/regArr_reg[2][5]
            (rising edge-triggered flip-flop clocked by REG_CLK)
  Path Group: INREG
  Path Type: min

  Des/Clust/Port     Wire Load Model       Library
  ------------------------------------------------
  System_Top         tsmc13_wl30           scmetro_tsmc_cl013g_rvt_ss_1p08v_125c

  Point                                                   Incr       Path
  --------------------------------------------------------------------------
  clock REG_CLK (rise edge)                               0.00       0.00
  clock network delay (ideal)                             0.00       0.00
  input external delay                                   20.00      20.00 r
  WrData[5] (in)                                          0.18      20.18 r
  U0_RegFile/WrData[5] (RegFile)                          0.00      20.18 r
  U0_RegFile/U655/Y (INVX2M)                              0.29      20.46 f
  U0_RegFile/U516/Y (BUFX4M)                              0.53      21.00 f
  U0_RegFile/U600/Y (OAI2BB2X1M)                          0.75      21.75 r
  U0_RegFile/regArr_reg[2][5]/D (DFFRQX2M)                0.00      21.75 r
  data arrival time                                                 21.75

  clock REG_CLK (rise edge)                               0.00       0.00
  clock network delay (ideal)                             0.00       0.00
  clock uncertainty                                       0.10       0.10
  U0_RegFile/regArr_reg[2][5]/CK (DFFRQX2M)               0.00       0.10 r
  library hold time                                      -0.22      -0.12
  data required time                                                -0.12
  --------------------------------------------------------------------------
  data required time                                                -0.12
  data arrival time                                                -21.75
  --------------------------------------------------------------------------
  slack (MET)                                                       21.87


  Startpoint: WrData[4] (input port clocked by REG_CLK)
  Endpoint: U0_RegFile/regArr_reg[2][4]
            (rising edge-triggered flip-flop clocked by REG_CLK)
  Path Group: INREG
  Path Type: min

  Des/Clust/Port     Wire Load Model       Library
  ------------------------------------------------
  System_Top         tsmc13_wl30           scmetro_tsmc_cl013g_rvt_ss_1p08v_125c

  Point                                                   Incr       Path
  --------------------------------------------------------------------------
  clock REG_CLK (rise edge)                               0.00       0.00
  clock network delay (ideal)                             0.00       0.00
  input external delay                                   20.00      20.00 r
  WrData[4] (in)                                          0.18      20.18 r
  U0_RegFile/WrData[4] (RegFile)                          0.00      20.18 r
  U0_RegFile/U654/Y (INVX2M)                              0.29      20.46 f
  U0_RegFile/U515/Y (BUFX4M)                              0.53      21.00 f
  U0_RegFile/U599/Y (OAI2BB2X1M)                          0.75      21.75 r
  U0_RegFile/regArr_reg[2][4]/D (DFFRQX2M)                0.00      21.75 r
  data arrival time                                                 21.75

  clock REG_CLK (rise edge)                               0.00       0.00
  clock network delay (ideal)                             0.00       0.00
  clock uncertainty                                       0.10       0.10
  U0_RegFile/regArr_reg[2][4]/CK (DFFRQX2M)               0.00       0.10 r
  library hold time                                      -0.22      -0.12
  data required time                                                -0.12
  --------------------------------------------------------------------------
  data required time                                                -0.12
  data arrival time                                                -21.75
  --------------------------------------------------------------------------
  slack (MET)                                                       21.87


  Startpoint: WrData[4] (input port clocked by REG_CLK)
  Endpoint: U0_RegFile/regArr_reg[0][4]
            (rising edge-triggered flip-flop clocked by REG_CLK)
  Path Group: INREG
  Path Type: min

  Des/Clust/Port     Wire Load Model       Library
  ------------------------------------------------
  System_Top         tsmc13_wl30           scmetro_tsmc_cl013g_rvt_ss_1p08v_125c

  Point                                                   Incr       Path
  --------------------------------------------------------------------------
  clock REG_CLK (rise edge)                               0.00       0.00
  clock network delay (ideal)                             0.00       0.00
  input external delay                                   20.00      20.00 r
  WrData[4] (in)                                          0.18      20.18 r
  U0_RegFile/WrData[4] (RegFile)                          0.00      20.18 r
  U0_RegFile/U654/Y (INVX2M)                              0.29      20.46 f
  U0_RegFile/U515/Y (BUFX4M)                              0.53      21.00 f
  U0_RegFile/U592/Y (OAI2BB2X1M)                          0.75      21.75 r
  U0_RegFile/regArr_reg[0][4]/D (DFFRQX2M)                0.00      21.75 r
  data arrival time                                                 21.75

  clock REG_CLK (rise edge)                               0.00       0.00
  clock network delay (ideal)                             0.00       0.00
  clock uncertainty                                       0.10       0.10
  U0_RegFile/regArr_reg[0][4]/CK (DFFRQX2M)               0.00       0.10 r
  library hold time                                      -0.22      -0.12
  data required time                                                -0.12
  --------------------------------------------------------------------------
  data required time                                                -0.12
  data arrival time                                                -21.75
  --------------------------------------------------------------------------
  slack (MET)                                                       21.87


  Startpoint: WrData[5] (input port clocked by REG_CLK)
  Endpoint: U0_RegFile/regArr_reg[0][5]
            (rising edge-triggered flip-flop clocked by REG_CLK)
  Path Group: INREG
  Path Type: min

  Des/Clust/Port     Wire Load Model       Library
  ------------------------------------------------
  System_Top         tsmc13_wl30           scmetro_tsmc_cl013g_rvt_ss_1p08v_125c

  Point                                                   Incr       Path
  --------------------------------------------------------------------------
  clock REG_CLK (rise edge)                               0.00       0.00
  clock network delay (ideal)                             0.00       0.00
  input external delay                                   20.00      20.00 r
  WrData[5] (in)                                          0.18      20.18 r
  U0_RegFile/WrData[5] (RegFile)                          0.00      20.18 r
  U0_RegFile/U655/Y (INVX2M)                              0.29      20.46 f
  U0_RegFile/U516/Y (BUFX4M)                              0.53      21.00 f
  U0_RegFile/U591/Y (OAI2BB2X1M)                          0.75      21.75 r
  U0_RegFile/regArr_reg[0][5]/D (DFFRQX2M)                0.00      21.75 r
  data arrival time                                                 21.75

  clock REG_CLK (rise edge)                               0.00       0.00
  clock network delay (ideal)                             0.00       0.00
  clock uncertainty                                       0.10       0.10
  U0_RegFile/regArr_reg[0][5]/CK (DFFRQX2M)               0.00       0.10 r
  library hold time                                      -0.22      -0.12
  data required time                                                -0.12
  --------------------------------------------------------------------------
  data required time                                                -0.12
  data arrival time                                                -21.75
  --------------------------------------------------------------------------
  slack (MET)                                                       21.87


  Startpoint: WrData[6] (input port clocked by REG_CLK)
  Endpoint: U0_RegFile/regArr_reg[0][6]
            (rising edge-triggered flip-flop clocked by REG_CLK)
  Path Group: INREG
  Path Type: min

  Des/Clust/Port     Wire Load Model       Library
  ------------------------------------------------
  System_Top         tsmc13_wl30           scmetro_tsmc_cl013g_rvt_ss_1p08v_125c

  Point                                                   Incr       Path
  --------------------------------------------------------------------------
  clock REG_CLK (rise edge)                               0.00       0.00
  clock network delay (ideal)                             0.00       0.00
  input external delay                                   20.00      20.00 r
  WrData[6] (in)                                          0.18      20.18 r
  U0_RegFile/WrData[6] (RegFile)                          0.00      20.18 r
  U0_RegFile/U656/Y (INVX2M)                              0.29      20.46 f
  U0_RegFile/U517/Y (BUFX4M)                              0.53      21.00 f
  U0_RegFile/U589/Y (OAI2BB2X1M)                          0.75      21.75 r
  U0_RegFile/regArr_reg[0][6]/D (DFFRQX2M)                0.00      21.75 r
  data arrival time                                                 21.75

  clock REG_CLK (rise edge)                               0.00       0.00
  clock network delay (ideal)                             0.00       0.00
  clock uncertainty                                       0.10       0.10
  U0_RegFile/regArr_reg[0][6]/CK (DFFRQX2M)               0.00       0.10 r
  library hold time                                      -0.22      -0.12
  data required time                                                -0.12
  --------------------------------------------------------------------------
  data required time                                                -0.12
  data arrival time                                                -21.75
  --------------------------------------------------------------------------
  slack (MET)                                                       21.87


  Startpoint: WrData[4] (input port clocked by REG_CLK)
  Endpoint: U0_RegFile/regArr_reg[1][4]
            (rising edge-triggered flip-flop clocked by REG_CLK)
  Path Group: INREG
  Path Type: min

  Des/Clust/Port     Wire Load Model       Library
  ------------------------------------------------
  System_Top         tsmc13_wl30           scmetro_tsmc_cl013g_rvt_ss_1p08v_125c

  Point                                                   Incr       Path
  --------------------------------------------------------------------------
  clock REG_CLK (rise edge)                               0.00       0.00
  clock network delay (ideal)                             0.00       0.00
  input external delay                                   20.00      20.00 r
  WrData[4] (in)                                          0.18      20.18 r
  U0_RegFile/WrData[4] (RegFile)                          0.00      20.18 r
  U0_RegFile/U654/Y (INVX2M)                              0.29      20.46 f
  U0_RegFile/U515/Y (BUFX4M)                              0.53      21.00 f
  U0_RegFile/U590/Y (OAI2BB2X1M)                          0.75      21.75 r
  U0_RegFile/regArr_reg[1][4]/D (DFFRQX2M)                0.00      21.75 r
  data arrival time                                                 21.75

  clock REG_CLK (rise edge)                               0.00       0.00
  clock network delay (ideal)                             0.00       0.00
  clock uncertainty                                       0.10       0.10
  U0_RegFile/regArr_reg[1][4]/CK (DFFRQX2M)               0.00       0.10 r
  library hold time                                      -0.22      -0.12
  data required time                                                -0.12
  --------------------------------------------------------------------------
  data required time                                                -0.12
  data arrival time                                                -21.75
  --------------------------------------------------------------------------
  slack (MET)                                                       21.87


  Startpoint: WrData[5] (input port clocked by REG_CLK)
  Endpoint: U0_RegFile/regArr_reg[1][5]
            (rising edge-triggered flip-flop clocked by REG_CLK)
  Path Group: INREG
  Path Type: min

  Des/Clust/Port     Wire Load Model       Library
  ------------------------------------------------
  System_Top         tsmc13_wl30           scmetro_tsmc_cl013g_rvt_ss_1p08v_125c

  Point                                                   Incr       Path
  --------------------------------------------------------------------------
  clock REG_CLK (rise edge)                               0.00       0.00
  clock network delay (ideal)                             0.00       0.00
  input external delay                                   20.00      20.00 r
  WrData[5] (in)                                          0.18      20.18 r
  U0_RegFile/WrData[5] (RegFile)                          0.00      20.18 r
  U0_RegFile/U655/Y (INVX2M)                              0.29      20.46 f
  U0_RegFile/U516/Y (BUFX4M)                              0.53      21.00 f
  U0_RegFile/U588/Y (OAI2BB2X1M)                          0.75      21.75 r
  U0_RegFile/regArr_reg[1][5]/D (DFFRQX2M)                0.00      21.75 r
  data arrival time                                                 21.75

  clock REG_CLK (rise edge)                               0.00       0.00
  clock network delay (ideal)                             0.00       0.00
  clock uncertainty                                       0.10       0.10
  U0_RegFile/regArr_reg[1][5]/CK (DFFRQX2M)               0.00       0.10 r
  library hold time                                      -0.22      -0.12
  data required time                                                -0.12
  --------------------------------------------------------------------------
  data required time                                                -0.12
  data arrival time                                                -21.75
  --------------------------------------------------------------------------
  slack (MET)                                                       21.87


  Startpoint: WrData[7] (input port clocked by REG_CLK)
  Endpoint: U0_RegFile/regArr_reg[1][7]
            (rising edge-triggered flip-flop clocked by REG_CLK)
  Path Group: INREG
  Path Type: min

  Des/Clust/Port     Wire Load Model       Library
  ------------------------------------------------
  System_Top         tsmc13_wl30           scmetro_tsmc_cl013g_rvt_ss_1p08v_125c

  Point                                                   Incr       Path
  --------------------------------------------------------------------------
  clock REG_CLK (rise edge)                               0.00       0.00
  clock network delay (ideal)                             0.00       0.00
  input external delay                                   20.00      20.00 r
  WrData[7] (in)                                          0.18      20.18 r
  U0_RegFile/WrData[7] (RegFile)                          0.00      20.18 r
  U0_RegFile/U657/Y (INVX2M)                              0.29      20.46 f
  U0_RegFile/U519/Y (BUFX4M)                              0.53      21.00 f
  U0_RegFile/U637/Y (OAI2BB2X1M)                          0.75      21.75 r
  U0_RegFile/regArr_reg[1][7]/D (DFFRQX2M)                0.00      21.75 r
  data arrival time                                                 21.75

  clock REG_CLK (rise edge)                               0.00       0.00
  clock network delay (ideal)                             0.00       0.00
  clock uncertainty                                       0.10       0.10
  U0_RegFile/regArr_reg[1][7]/CK (DFFRQX2M)               0.00       0.10 r
  library hold time                                      -0.22      -0.12
  data required time                                                -0.12
  --------------------------------------------------------------------------
  data required time                                                -0.12
  data arrival time                                                -21.75
  --------------------------------------------------------------------------
  slack (MET)                                                       21.87


  Startpoint: WrData[3] (input port clocked by REG_CLK)
  Endpoint: U0_RegFile/regArr_reg[2][3]
            (rising edge-triggered flip-flop clocked by REG_CLK)
  Path Group: INREG
  Path Type: min

  Des/Clust/Port     Wire Load Model       Library
  ------------------------------------------------
  System_Top         tsmc13_wl30           scmetro_tsmc_cl013g_rvt_ss_1p08v_125c

  Point                                                   Incr       Path
  --------------------------------------------------------------------------
  clock REG_CLK (rise edge)                               0.00       0.00
  clock network delay (ideal)                             0.00       0.00
  input external delay                                   20.00      20.00 r
  WrData[3] (in)                                          0.18      20.18 r
  U0_RegFile/WrData[3] (RegFile)                          0.00      20.18 r
  U0_RegFile/U653/Y (INVX2M)                              0.29      20.46 f
  U0_RegFile/U514/Y (BUFX4M)                              0.53      21.00 f
  U0_RegFile/U598/Y (OAI2BB2X1M)                          0.75      21.75 r
  U0_RegFile/regArr_reg[2][3]/D (DFFRQX2M)                0.00      21.75 r
  data arrival time                                                 21.75

  clock REG_CLK (rise edge)                               0.00       0.00
  clock network delay (ideal)                             0.00       0.00
  clock uncertainty                                       0.10       0.10
  U0_RegFile/regArr_reg[2][3]/CK (DFFRQX2M)               0.00       0.10 r
  library hold time                                      -0.22      -0.12
  data required time                                                -0.12
  --------------------------------------------------------------------------
  data required time                                                -0.12
  data arrival time                                                -21.75
  --------------------------------------------------------------------------
  slack (MET)                                                       21.87


  Startpoint: WrData[1] (input port clocked by REG_CLK)
  Endpoint: U0_RegFile/regArr_reg[2][1]
            (rising edge-triggered flip-flop clocked by REG_CLK)
  Path Group: INREG
  Path Type: min

  Des/Clust/Port     Wire Load Model       Library
  ------------------------------------------------
  System_Top         tsmc13_wl30           scmetro_tsmc_cl013g_rvt_ss_1p08v_125c

  Point                                                   Incr       Path
  --------------------------------------------------------------------------
  clock REG_CLK (rise edge)                               0.00       0.00
  clock network delay (ideal)                             0.00       0.00
  input external delay                                   20.00      20.00 r
  WrData[1] (in)                                          0.18      20.18 r
  U0_RegFile/WrData[1] (RegFile)                          0.00      20.18 r
  U0_RegFile/U651/Y (INVX2M)                              0.29      20.46 f
  U0_RegFile/U512/Y (BUFX4M)                              0.53      21.00 f
  U0_RegFile/U597/Y (OAI2BB2X1M)                          0.75      21.75 r
  U0_RegFile/regArr_reg[2][1]/D (DFFRQX2M)                0.00      21.75 r
  data arrival time                                                 21.75

  clock REG_CLK (rise edge)                               0.00       0.00
  clock network delay (ideal)                             0.00       0.00
  clock uncertainty                                       0.10       0.10
  U0_RegFile/regArr_reg[2][1]/CK (DFFRQX2M)               0.00       0.10 r
  library hold time                                      -0.22      -0.12
  data required time                                                -0.12
  --------------------------------------------------------------------------
  data required time                                                -0.12
  data arrival time                                                -21.75
  --------------------------------------------------------------------------
  slack (MET)                                                       21.87


  Startpoint: WrData[0] (input port clocked by REG_CLK)
  Endpoint: U0_RegFile/regArr_reg[2][0]
            (rising edge-triggered flip-flop clocked by REG_CLK)
  Path Group: INREG
  Path Type: min

  Des/Clust/Port     Wire Load Model       Library
  ------------------------------------------------
  System_Top         tsmc13_wl30           scmetro_tsmc_cl013g_rvt_ss_1p08v_125c

  Point                                                   Incr       Path
  --------------------------------------------------------------------------
  clock REG_CLK (rise edge)                               0.00       0.00
  clock network delay (ideal)                             0.00       0.00
  input external delay                                   20.00      20.00 r
  WrData[0] (in)                                          0.18      20.18 r
  U0_RegFile/WrData[0] (RegFile)                          0.00      20.18 r
  U0_RegFile/U650/Y (INVX2M)                              0.29      20.46 f
  U0_RegFile/U511/Y (BUFX4M)                              0.53      21.00 f
  U0_RegFile/U596/Y (OAI2BB2X1M)                          0.75      21.75 r
  U0_RegFile/regArr_reg[2][0]/D (DFFRQX2M)                0.00      21.75 r
  data arrival time                                                 21.75

  clock REG_CLK (rise edge)                               0.00       0.00
  clock network delay (ideal)                             0.00       0.00
  clock uncertainty                                       0.10       0.10
  U0_RegFile/regArr_reg[2][0]/CK (DFFRQX2M)               0.00       0.10 r
  library hold time                                      -0.22      -0.12
  data required time                                                -0.12
  --------------------------------------------------------------------------
  data required time                                                -0.12
  data arrival time                                                -21.75
  --------------------------------------------------------------------------
  slack (MET)                                                       21.87


  Startpoint: WrData[0] (input port clocked by REG_CLK)
  Endpoint: U0_RegFile/regArr_reg[0][0]
            (rising edge-triggered flip-flop clocked by REG_CLK)
  Path Group: INREG
  Path Type: min

  Des/Clust/Port     Wire Load Model       Library
  ------------------------------------------------
  System_Top         tsmc13_wl30           scmetro_tsmc_cl013g_rvt_ss_1p08v_125c

  Point                                                   Incr       Path
  --------------------------------------------------------------------------
  clock REG_CLK (rise edge)                               0.00       0.00
  clock network delay (ideal)                             0.00       0.00
  input external delay                                   20.00      20.00 r
  WrData[0] (in)                                          0.18      20.18 r
  U0_RegFile/WrData[0] (RegFile)                          0.00      20.18 r
  U0_RegFile/U650/Y (INVX2M)                              0.29      20.46 f
  U0_RegFile/U511/Y (BUFX4M)                              0.53      21.00 f
  U0_RegFile/U595/Y (OAI2BB2X1M)                          0.75      21.75 r
  U0_RegFile/regArr_reg[0][0]/D (DFFRQX2M)                0.00      21.75 r
  data arrival time                                                 21.75

  clock REG_CLK (rise edge)                               0.00       0.00
  clock network delay (ideal)                             0.00       0.00
  clock uncertainty                                       0.10       0.10
  U0_RegFile/regArr_reg[0][0]/CK (DFFRQX2M)               0.00       0.10 r
  library hold time                                      -0.22      -0.12
  data required time                                                -0.12
  --------------------------------------------------------------------------
  data required time                                                -0.12
  data arrival time                                                -21.75
  --------------------------------------------------------------------------
  slack (MET)                                                       21.87


  Startpoint: WrData[2] (input port clocked by REG_CLK)
  Endpoint: U0_RegFile/regArr_reg[0][2]
            (rising edge-triggered flip-flop clocked by REG_CLK)
  Path Group: INREG
  Path Type: min

  Des/Clust/Port     Wire Load Model       Library
  ------------------------------------------------
  System_Top         tsmc13_wl30           scmetro_tsmc_cl013g_rvt_ss_1p08v_125c

  Point                                                   Incr       Path
  --------------------------------------------------------------------------
  clock REG_CLK (rise edge)                               0.00       0.00
  clock network delay (ideal)                             0.00       0.00
  input external delay                                   20.00      20.00 r
  WrData[2] (in)                                          0.18      20.18 r
  U0_RegFile/WrData[2] (RegFile)                          0.00      20.18 r
  U0_RegFile/U652/Y (INVX2M)                              0.29      20.46 f
  U0_RegFile/U513/Y (BUFX4M)                              0.53      21.00 f
  U0_RegFile/U594/Y (OAI2BB2X1M)                          0.75      21.75 r
  U0_RegFile/regArr_reg[0][2]/D (DFFRQX2M)                0.00      21.75 r
  data arrival time                                                 21.75

  clock REG_CLK (rise edge)                               0.00       0.00
  clock network delay (ideal)                             0.00       0.00
  clock uncertainty                                       0.10       0.10
  U0_RegFile/regArr_reg[0][2]/CK (DFFRQX2M)               0.00       0.10 r
  library hold time                                      -0.22      -0.12
  data required time                                                -0.12
  --------------------------------------------------------------------------
  data required time                                                -0.12
  data arrival time                                                -21.75
  --------------------------------------------------------------------------
  slack (MET)                                                       21.87


  Startpoint: WrData[3] (input port clocked by REG_CLK)
  Endpoint: U0_RegFile/regArr_reg[0][3]
            (rising edge-triggered flip-flop clocked by REG_CLK)
  Path Group: INREG
  Path Type: min

  Des/Clust/Port     Wire Load Model       Library
  ------------------------------------------------
  System_Top         tsmc13_wl30           scmetro_tsmc_cl013g_rvt_ss_1p08v_125c

  Point                                                   Incr       Path
  --------------------------------------------------------------------------
  clock REG_CLK (rise edge)                               0.00       0.00
  clock network delay (ideal)                             0.00       0.00
  input external delay                                   20.00      20.00 r
  WrData[3] (in)                                          0.18      20.18 r
  U0_RegFile/WrData[3] (RegFile)                          0.00      20.18 r
  U0_RegFile/U653/Y (INVX2M)                              0.29      20.46 f
  U0_RegFile/U514/Y (BUFX4M)                              0.53      21.00 f
  U0_RegFile/U593/Y (OAI2BB2X1M)                          0.75      21.75 r
  U0_RegFile/regArr_reg[0][3]/D (DFFRQX2M)                0.00      21.75 r
  data arrival time                                                 21.75

  clock REG_CLK (rise edge)                               0.00       0.00
  clock network delay (ideal)                             0.00       0.00
  clock uncertainty                                       0.10       0.10
  U0_RegFile/regArr_reg[0][3]/CK (DFFRQX2M)               0.00       0.10 r
  library hold time                                      -0.22      -0.12
  data required time                                                -0.12
  --------------------------------------------------------------------------
  data required time                                                -0.12
  data arrival time                                                -21.75
  --------------------------------------------------------------------------
  slack (MET)                                                       21.87


  Startpoint: WrData[5] (input port clocked by REG_CLK)
  Endpoint: U0_RegFile/regArr_reg[3][5]
            (rising edge-triggered flip-flop clocked by REG_CLK)
  Path Group: INREG
  Path Type: min

  Des/Clust/Port     Wire Load Model       Library
  ------------------------------------------------
  System_Top         tsmc13_wl30           scmetro_tsmc_cl013g_rvt_ss_1p08v_125c

  Point                                                   Incr       Path
  --------------------------------------------------------------------------
  clock REG_CLK (rise edge)                               0.00       0.00
  clock network delay (ideal)                             0.00       0.00
  input external delay                                   20.00      20.00 r
  WrData[5] (in)                                          0.18      20.18 r
  U0_RegFile/WrData[5] (RegFile)                          0.00      20.18 r
  U0_RegFile/U655/Y (INVX2M)                              0.29      20.46 f
  U0_RegFile/U516/Y (BUFX4M)                              0.53      21.00 f
  U0_RegFile/U635/Y (OAI2BB2X1M)                          0.75      21.75 r
  U0_RegFile/regArr_reg[3][5]/D (DFFRQX1M)                0.00      21.75 r
  data arrival time                                                 21.75

  clock REG_CLK (rise edge)                               0.00       0.00
  clock network delay (ideal)                             0.00       0.00
  clock uncertainty                                       0.10       0.10
  U0_RegFile/regArr_reg[3][5]/CK (DFFRQX1M)               0.00       0.10 r
  library hold time                                      -0.23      -0.13
  data required time                                                -0.13
  --------------------------------------------------------------------------
  data required time                                                -0.13
  data arrival time                                                -21.75
  --------------------------------------------------------------------------
  slack (MET)                                                       21.87


  Startpoint: WrData[4] (input port clocked by REG_CLK)
  Endpoint: U0_RegFile/regArr_reg[3][4]
            (rising edge-triggered flip-flop clocked by REG_CLK)
  Path Group: INREG
  Path Type: min

  Des/Clust/Port     Wire Load Model       Library
  ------------------------------------------------
  System_Top         tsmc13_wl30           scmetro_tsmc_cl013g_rvt_ss_1p08v_125c

  Point                                                   Incr       Path
  --------------------------------------------------------------------------
  clock REG_CLK (rise edge)                               0.00       0.00
  clock network delay (ideal)                             0.00       0.00
  input external delay                                   20.00      20.00 r
  WrData[4] (in)                                          0.18      20.18 r
  U0_RegFile/WrData[4] (RegFile)                          0.00      20.18 r
  U0_RegFile/U654/Y (INVX2M)                              0.29      20.46 f
  U0_RegFile/U515/Y (BUFX4M)                              0.53      21.00 f
  U0_RegFile/U634/Y (OAI2BB2X1M)                          0.75      21.75 r
  U0_RegFile/regArr_reg[3][4]/D (DFFRQX1M)                0.00      21.75 r
  data arrival time                                                 21.75

  clock REG_CLK (rise edge)                               0.00       0.00
  clock network delay (ideal)                             0.00       0.00
  clock uncertainty                                       0.10       0.10
  U0_RegFile/regArr_reg[3][4]/CK (DFFRQX1M)               0.00       0.10 r
  library hold time                                      -0.23      -0.13
  data required time                                                -0.13
  --------------------------------------------------------------------------
  data required time                                                -0.13
  data arrival time                                                -21.75
  --------------------------------------------------------------------------
  slack (MET)                                                       21.87


  Startpoint: U0_RegFile/regArr_reg[2][2]
              (rising edge-triggered flip-flop clocked by REG_CLK)
  Endpoint: U0_ClkDiv/i_div_ratio_c_reg[2]
            (rising edge-triggered flip-flop clocked by MASTER_CLK)
  Path Group: MASTER_CLK
  Path Type: min

  Des/Clust/Port     Wire Load Model       Library
  ------------------------------------------------
  System_Top         tsmc13_wl30           scmetro_tsmc_cl013g_rvt_ss_1p08v_125c

  Point                                                   Incr       Path
  --------------------------------------------------------------------------
  clock REG_CLK (rise edge)                               0.00       0.00
  clock network delay (ideal)                             0.00       0.00
  U0_RegFile/regArr_reg[2][2]/CK (DFFSQX2M)               0.00       0.00 r
  U0_RegFile/regArr_reg[2][2]/Q (DFFSQX2M)                0.72       0.72 f
  U0_RegFile/REG2[2] (RegFile)                            0.00       0.72 f
  U0_ClkDiv/i_div_ratio[2] (ClkDiv)                       0.00       0.72 f
  U0_ClkDiv/i_div_ratio_c_reg[2]/D (DFFRQX2M)             0.00       0.72 f
  data arrival time                                                  0.72

  clock MASTER_CLK (rise edge)                            0.00       0.00
  clock network delay (ideal)                             0.00       0.00
  clock uncertainty                                       0.10       0.10
  U0_ClkDiv/i_div_ratio_c_reg[2]/CK (DFFRQX2M)            0.00       0.10 r
  library hold time                                      -0.09       0.01
  data required time                                                 0.01
  --------------------------------------------------------------------------
  data required time                                                 0.01
  data arrival time                                                 -0.72
  --------------------------------------------------------------------------
  slack (MET)                                                        0.71


  Startpoint: U0_RegFile/regArr_reg[2][0]
              (rising edge-triggered flip-flop clocked by REG_CLK)
  Endpoint: U0_ClkDiv/i_div_ratio_c_reg[0]
            (rising edge-triggered flip-flop clocked by MASTER_CLK)
  Path Group: MASTER_CLK
  Path Type: min

  Des/Clust/Port     Wire Load Model       Library
  ------------------------------------------------
  System_Top         tsmc13_wl30           scmetro_tsmc_cl013g_rvt_ss_1p08v_125c

  Point                                                   Incr       Path
  --------------------------------------------------------------------------
  clock REG_CLK (rise edge)                               0.00       0.00
  clock network delay (ideal)                             0.00       0.00
  U0_RegFile/regArr_reg[2][0]/CK (DFFRQX2M)               0.00       0.00 r
  U0_RegFile/regArr_reg[2][0]/Q (DFFRQX2M)                0.74       0.74 f
  U0_RegFile/REG2[0] (RegFile)                            0.00       0.74 f
  U0_ClkDiv/i_div_ratio[0] (ClkDiv)                       0.00       0.74 f
  U0_ClkDiv/i_div_ratio_c_reg[0]/D (DFFRQX2M)             0.00       0.74 f
  data arrival time                                                  0.74

  clock MASTER_CLK (rise edge)                            0.00       0.00
  clock network delay (ideal)                             0.00       0.00
  clock uncertainty                                       0.10       0.10
  U0_ClkDiv/i_div_ratio_c_reg[0]/CK (DFFRQX2M)            0.00       0.10 r
  library hold time                                      -0.09       0.01
  data required time                                                 0.01
  --------------------------------------------------------------------------
  data required time                                                 0.01
  data arrival time                                                 -0.74
  --------------------------------------------------------------------------
  slack (MET)                                                        0.72


  Startpoint: U0_RegFile/regArr_reg[2][7]
              (rising edge-triggered flip-flop clocked by REG_CLK)
  Endpoint: U0_ClkDiv/i_div_ratio_c_reg[7]
            (rising edge-triggered flip-flop clocked by MASTER_CLK)
  Path Group: MASTER_CLK
  Path Type: min

  Des/Clust/Port     Wire Load Model       Library
  ------------------------------------------------
  System_Top         tsmc13_wl30           scmetro_tsmc_cl013g_rvt_ss_1p08v_125c

  Point                                                   Incr       Path
  --------------------------------------------------------------------------
  clock REG_CLK (rise edge)                               0.00       0.00
  clock network delay (ideal)                             0.00       0.00
  U0_RegFile/regArr_reg[2][7]/CK (DFFRQX2M)               0.00       0.00 r
  U0_RegFile/regArr_reg[2][7]/Q (DFFRQX2M)                0.74       0.74 f
  U0_RegFile/REG2[7] (RegFile)                            0.00       0.74 f
  U0_ClkDiv/i_div_ratio[7] (ClkDiv)                       0.00       0.74 f
  U0_ClkDiv/i_div_ratio_c_reg[7]/D (DFFRQX2M)             0.00       0.74 f
  data arrival time                                                  0.74

  clock MASTER_CLK (rise edge)                            0.00       0.00
  clock network delay (ideal)                             0.00       0.00
  clock uncertainty                                       0.10       0.10
  U0_ClkDiv/i_div_ratio_c_reg[7]/CK (DFFRQX2M)            0.00       0.10 r
  library hold time                                      -0.09       0.01
  data required time                                                 0.01
  --------------------------------------------------------------------------
  data required time                                                 0.01
  data arrival time                                                 -0.74
  --------------------------------------------------------------------------
  slack (MET)                                                        0.72


  Startpoint: U0_RegFile/regArr_reg[2][5]
              (rising edge-triggered flip-flop clocked by REG_CLK)
  Endpoint: U0_ClkDiv/i_div_ratio_c_reg[5]
            (rising edge-triggered flip-flop clocked by MASTER_CLK)
  Path Group: MASTER_CLK
  Path Type: min

  Des/Clust/Port     Wire Load Model       Library
  ------------------------------------------------
  System_Top         tsmc13_wl30           scmetro_tsmc_cl013g_rvt_ss_1p08v_125c

  Point                                                   Incr       Path
  --------------------------------------------------------------------------
  clock REG_CLK (rise edge)                               0.00       0.00
  clock network delay (ideal)                             0.00       0.00
  U0_RegFile/regArr_reg[2][5]/CK (DFFRQX2M)               0.00       0.00 r
  U0_RegFile/regArr_reg[2][5]/Q (DFFRQX2M)                0.74       0.74 f
  U0_RegFile/REG2[5] (RegFile)                            0.00       0.74 f
  U0_ClkDiv/i_div_ratio[5] (ClkDiv)                       0.00       0.74 f
  U0_ClkDiv/i_div_ratio_c_reg[5]/D (DFFRQX2M)             0.00       0.74 f
  data arrival time                                                  0.74

  clock MASTER_CLK (rise edge)                            0.00       0.00
  clock network delay (ideal)                             0.00       0.00
  clock uncertainty                                       0.10       0.10
  U0_ClkDiv/i_div_ratio_c_reg[5]/CK (DFFRQX2M)            0.00       0.10 r
  library hold time                                      -0.09       0.01
  data required time                                                 0.01
  --------------------------------------------------------------------------
  data required time                                                 0.01
  data arrival time                                                 -0.74
  --------------------------------------------------------------------------
  slack (MET)                                                        0.72


  Startpoint: U0_RegFile/regArr_reg[2][6]
              (rising edge-triggered flip-flop clocked by REG_CLK)
  Endpoint: U0_ClkDiv/i_div_ratio_c_reg[6]
            (rising edge-triggered flip-flop clocked by MASTER_CLK)
  Path Group: MASTER_CLK
  Path Type: min

  Des/Clust/Port     Wire Load Model       Library
  ------------------------------------------------
  System_Top         tsmc13_wl30           scmetro_tsmc_cl013g_rvt_ss_1p08v_125c

  Point                                                   Incr       Path
  --------------------------------------------------------------------------
  clock REG_CLK (rise edge)                               0.00       0.00
  clock network delay (ideal)                             0.00       0.00
  U0_RegFile/regArr_reg[2][6]/CK (DFFRQX2M)               0.00       0.00 r
  U0_RegFile/regArr_reg[2][6]/Q (DFFRQX2M)                0.74       0.74 f
  U0_RegFile/REG2[6] (RegFile)                            0.00       0.74 f
  U0_ClkDiv/i_div_ratio[6] (ClkDiv)                       0.00       0.74 f
  U0_ClkDiv/i_div_ratio_c_reg[6]/D (DFFRQX2M)             0.00       0.74 f
  data arrival time                                                  0.74

  clock MASTER_CLK (rise edge)                            0.00       0.00
  clock network delay (ideal)                             0.00       0.00
  clock uncertainty                                       0.10       0.10
  U0_ClkDiv/i_div_ratio_c_reg[6]/CK (DFFRQX2M)            0.00       0.10 r
  library hold time                                      -0.09       0.01
  data required time                                                 0.01
  --------------------------------------------------------------------------
  data required time                                                 0.01
  data arrival time                                                 -0.74
  --------------------------------------------------------------------------
  slack (MET)                                                        0.72


  Startpoint: U0_RegFile/regArr_reg[2][3]
              (rising edge-triggered flip-flop clocked by REG_CLK)
  Endpoint: U0_ClkDiv/i_div_ratio_c_reg[3]
            (rising edge-triggered flip-flop clocked by MASTER_CLK)
  Path Group: MASTER_CLK
  Path Type: min

  Des/Clust/Port     Wire Load Model       Library
  ------------------------------------------------
  System_Top         tsmc13_wl30           scmetro_tsmc_cl013g_rvt_ss_1p08v_125c

  Point                                                   Incr       Path
  --------------------------------------------------------------------------
  clock REG_CLK (rise edge)                               0.00       0.00
  clock network delay (ideal)                             0.00       0.00
  U0_RegFile/regArr_reg[2][3]/CK (DFFRQX2M)               0.00       0.00 r
  U0_RegFile/regArr_reg[2][3]/Q (DFFRQX2M)                0.74       0.74 f
  U0_RegFile/REG2[3] (RegFile)                            0.00       0.74 f
  U0_ClkDiv/i_div_ratio[3] (ClkDiv)                       0.00       0.74 f
  U0_ClkDiv/i_div_ratio_c_reg[3]/D (DFFRQX2M)             0.00       0.74 f
  data arrival time                                                  0.74

  clock MASTER_CLK (rise edge)                            0.00       0.00
  clock network delay (ideal)                             0.00       0.00
  clock uncertainty                                       0.10       0.10
  U0_ClkDiv/i_div_ratio_c_reg[3]/CK (DFFRQX2M)            0.00       0.10 r
  library hold time                                      -0.09       0.01
  data required time                                                 0.01
  --------------------------------------------------------------------------
  data required time                                                 0.01
  data arrival time                                                 -0.74
  --------------------------------------------------------------------------
  slack (MET)                                                        0.72


  Startpoint: U0_RegFile/regArr_reg[2][1]
              (rising edge-triggered flip-flop clocked by REG_CLK)
  Endpoint: U0_ClkDiv/i_div_ratio_c_reg[1]
            (rising edge-triggered flip-flop clocked by MASTER_CLK)
  Path Group: MASTER_CLK
  Path Type: min

  Des/Clust/Port     Wire Load Model       Library
  ------------------------------------------------
  System_Top         tsmc13_wl30           scmetro_tsmc_cl013g_rvt_ss_1p08v_125c

  Point                                                   Incr       Path
  --------------------------------------------------------------------------
  clock REG_CLK (rise edge)                               0.00       0.00
  clock network delay (ideal)                             0.00       0.00
  U0_RegFile/regArr_reg[2][1]/CK (DFFRQX2M)               0.00       0.00 r
  U0_RegFile/regArr_reg[2][1]/Q (DFFRQX2M)                0.74       0.74 f
  U0_RegFile/REG2[1] (RegFile)                            0.00       0.74 f
  U0_ClkDiv/i_div_ratio[1] (ClkDiv)                       0.00       0.74 f
  U0_ClkDiv/i_div_ratio_c_reg[1]/D (DFFRQX2M)             0.00       0.74 f
  data arrival time                                                  0.74

  clock MASTER_CLK (rise edge)                            0.00       0.00
  clock network delay (ideal)                             0.00       0.00
  clock uncertainty                                       0.10       0.10
  U0_ClkDiv/i_div_ratio_c_reg[1]/CK (DFFRQX2M)            0.00       0.10 r
  library hold time                                      -0.09       0.01
  data required time                                                 0.01
  --------------------------------------------------------------------------
  data required time                                                 0.01
  data arrival time                                                 -0.74
  --------------------------------------------------------------------------
  slack (MET)                                                        0.72


  Startpoint: U0_RegFile/regArr_reg[2][4]
              (rising edge-triggered flip-flop clocked by REG_CLK)
  Endpoint: U0_ClkDiv/i_div_ratio_c_reg[4]
            (rising edge-triggered flip-flop clocked by MASTER_CLK)
  Path Group: MASTER_CLK
  Path Type: min

  Des/Clust/Port     Wire Load Model       Library
  ------------------------------------------------
  System_Top         tsmc13_wl30           scmetro_tsmc_cl013g_rvt_ss_1p08v_125c

  Point                                                   Incr       Path
  --------------------------------------------------------------------------
  clock REG_CLK (rise edge)                               0.00       0.00
  clock network delay (ideal)                             0.00       0.00
  U0_RegFile/regArr_reg[2][4]/CK (DFFRQX2M)               0.00       0.00 r
  U0_RegFile/regArr_reg[2][4]/Q (DFFRQX2M)                0.74       0.74 f
  U0_RegFile/REG2[4] (RegFile)                            0.00       0.74 f
  U0_ClkDiv/i_div_ratio[4] (ClkDiv)                       0.00       0.74 f
  U0_ClkDiv/i_div_ratio_c_reg[4]/D (DFFRQX2M)             0.00       0.74 f
  data arrival time                                                  0.74

  clock MASTER_CLK (rise edge)                            0.00       0.00
  clock network delay (ideal)                             0.00       0.00
  clock uncertainty                                       0.10       0.10
  U0_ClkDiv/i_div_ratio_c_reg[4]/CK (DFFRQX2M)            0.00       0.10 r
  library hold time                                      -0.09       0.01
  data required time                                                 0.01
  --------------------------------------------------------------------------
  data required time                                                 0.01
  data arrival time                                                 -0.74
  --------------------------------------------------------------------------
  slack (MET)                                                        0.72


  Startpoint: U0_ClkDiv/div_clk_reg
              (rising edge-triggered flip-flop clocked by MASTER_CLK)
  Endpoint: U0_ClkDiv/div_clk_reg
            (rising edge-triggered flip-flop clocked by MASTER_CLK)
  Path Group: MASTER_CLK
  Path Type: min

  Des/Clust/Port     Wire Load Model       Library
  ------------------------------------------------
  System_Top         tsmc13_wl30           scmetro_tsmc_cl013g_rvt_ss_1p08v_125c

  Point                                    Incr       Path
  -----------------------------------------------------------
  clock MASTER_CLK (rise edge)             0.00       0.00
  clock network delay (ideal)              0.00       0.00
  U0_ClkDiv/div_clk_reg/CK (DFFRQX2M)      0.00       0.00 r
  U0_ClkDiv/div_clk_reg/Q (DFFRQX2M)       0.67       0.67 f
  U0_ClkDiv/U62/Y (CLKXOR2X2M)             0.41       1.09 f
  U0_ClkDiv/div_clk_reg/D (DFFRQX2M)       0.00       1.09 f
  data arrival time                                   1.09

  clock MASTER_CLK (rise edge)             0.00       0.00
  clock network delay (ideal)              0.00       0.00
  clock uncertainty                        0.10       0.10
  U0_ClkDiv/div_clk_reg/CK (DFFRQX2M)      0.00       0.10 r
  library hold time                       -0.07       0.03
  data required time                                  0.03
  -----------------------------------------------------------
  data required time                                  0.03
  data arrival time                                  -1.09
  -----------------------------------------------------------
  slack (MET)                                         1.06


  Startpoint: U0_ClkDiv/odd_edge_tog_reg
              (rising edge-triggered flip-flop clocked by MASTER_CLK)
  Endpoint: U0_ClkDiv/odd_edge_tog_reg
            (rising edge-triggered flip-flop clocked by MASTER_CLK)
  Path Group: MASTER_CLK
  Path Type: min

  Des/Clust/Port     Wire Load Model       Library
  ------------------------------------------------
  System_Top         tsmc13_wl30           scmetro_tsmc_cl013g_rvt_ss_1p08v_125c

  Point                                                   Incr       Path
  --------------------------------------------------------------------------
  clock MASTER_CLK (rise edge)                            0.00       0.00
  clock network delay (ideal)                             0.00       0.00
  U0_ClkDiv/odd_edge_tog_reg/CK (DFFSX1M)                 0.00       0.00 r
  U0_ClkDiv/odd_edge_tog_reg/Q (DFFSX1M)                  0.86       0.86 f
  U0_ClkDiv/U64/Y (CLKXOR2X2M)                            0.47       1.34 f
  U0_ClkDiv/odd_edge_tog_reg/D (DFFSX1M)                  0.00       1.34 f
  data arrival time                                                  1.34

  clock MASTER_CLK (rise edge)                            0.00       0.00
  clock network delay (ideal)                             0.00       0.00
  clock uncertainty                                       0.10       0.10
  U0_ClkDiv/odd_edge_tog_reg/CK (DFFSX1M)                 0.00       0.10 r
  library hold time                                      -0.05       0.05
  data required time                                                 0.05
  --------------------------------------------------------------------------
  data required time                                                 0.05
  data arrival time                                                 -1.34
  --------------------------------------------------------------------------
  slack (MET)                                                        1.29


  Startpoint: U0_ClkDiv/count_reg[2]
              (rising edge-triggered flip-flop clocked by MASTER_CLK)
  Endpoint: U0_ClkDiv/count_reg[2]
            (rising edge-triggered flip-flop clocked by MASTER_CLK)
  Path Group: MASTER_CLK
  Path Type: min

  Des/Clust/Port     Wire Load Model       Library
  ------------------------------------------------
  System_Top         tsmc13_wl30           scmetro_tsmc_cl013g_rvt_ss_1p08v_125c

  Point                                                   Incr       Path
  --------------------------------------------------------------------------
  clock MASTER_CLK (rise edge)                            0.00       0.00
  clock network delay (ideal)                             0.00       0.00
  U0_ClkDiv/count_reg[2]/CK (DFFRQX4M)                    0.00       0.00 r
  U0_ClkDiv/count_reg[2]/Q (DFFRQX4M)                     0.76       0.76 f
  U0_ClkDiv/U61/Y (AO22XLM)                               0.59       1.35 f
  U0_ClkDiv/count_reg[2]/D (DFFRQX4M)                     0.00       1.35 f
  data arrival time                                                  1.35

  clock MASTER_CLK (rise edge)                            0.00       0.00
  clock network delay (ideal)                             0.00       0.00
  clock uncertainty                                       0.10       0.10
  U0_ClkDiv/count_reg[2]/CK (DFFRQX4M)                    0.00       0.10 r
  library hold time                                      -0.08       0.02
  data required time                                                 0.02
  --------------------------------------------------------------------------
  data required time                                                 0.02
  data arrival time                                                 -1.35
  --------------------------------------------------------------------------
  slack (MET)                                                        1.33


  Startpoint: U0_ClkDiv/count_reg[3]
              (rising edge-triggered flip-flop clocked by MASTER_CLK)
  Endpoint: U0_ClkDiv/count_reg[3]
            (rising edge-triggered flip-flop clocked by MASTER_CLK)
  Path Group: MASTER_CLK
  Path Type: min

  Des/Clust/Port     Wire Load Model       Library
  ------------------------------------------------
  System_Top         tsmc13_wl30           scmetro_tsmc_cl013g_rvt_ss_1p08v_125c

  Point                                    Incr       Path
  -----------------------------------------------------------
  clock MASTER_CLK (rise edge)             0.00       0.00
  clock network delay (ideal)              0.00       0.00
  U0_ClkDiv/count_reg[3]/CK (DFFRX2M)      0.00       0.00 r
  U0_ClkDiv/count_reg[3]/QN (DFFRX2M)      0.86       0.86 r
  U0_ClkDiv/U55/Y (OAI2BB2X1M)             0.50       1.36 f
  U0_ClkDiv/count_reg[3]/D (DFFRX2M)       0.00       1.36 f
  data arrival time                                   1.36

  clock MASTER_CLK (rise edge)             0.00       0.00
  clock network delay (ideal)              0.00       0.00
  clock uncertainty                        0.10       0.10
  U0_ClkDiv/count_reg[3]/CK (DFFRX2M)      0.00       0.10 r
  library hold time                       -0.07       0.03
  data required time                                  0.03
  -----------------------------------------------------------
  data required time                                  0.03
  data arrival time                                  -1.36
  -----------------------------------------------------------
  slack (MET)                                         1.33


  Startpoint: U0_ClkDiv/count_reg[1]
              (rising edge-triggered flip-flop clocked by MASTER_CLK)
  Endpoint: U0_ClkDiv/count_reg[1]
            (rising edge-triggered flip-flop clocked by MASTER_CLK)
  Path Group: MASTER_CLK
  Path Type: min

  Des/Clust/Port     Wire Load Model       Library
  ------------------------------------------------
  System_Top         tsmc13_wl30           scmetro_tsmc_cl013g_rvt_ss_1p08v_125c

  Point                                    Incr       Path
  -----------------------------------------------------------
  clock MASTER_CLK (rise edge)             0.00       0.00
  clock network delay (ideal)              0.00       0.00
  U0_ClkDiv/count_reg[1]/CK (DFFRX2M)      0.00       0.00 r
  U0_ClkDiv/count_reg[1]/QN (DFFRX2M)      0.86       0.86 r
  U0_ClkDiv/U56/Y (OAI2BB2X1M)             0.50       1.36 f
  U0_ClkDiv/count_reg[1]/D (DFFRX2M)       0.00       1.36 f
  data arrival time                                   1.36

  clock MASTER_CLK (rise edge)             0.00       0.00
  clock network delay (ideal)              0.00       0.00
  clock uncertainty                        0.10       0.10
  U0_ClkDiv/count_reg[1]/CK (DFFRX2M)      0.00       0.10 r
  library hold time                       -0.07       0.03
  data required time                                  0.03
  -----------------------------------------------------------
  data required time                                  0.03
  data arrival time                                  -1.36
  -----------------------------------------------------------
  slack (MET)                                         1.33


  Startpoint: U0_ClkDiv/count_reg[4]
              (rising edge-triggered flip-flop clocked by MASTER_CLK)
  Endpoint: U0_ClkDiv/count_reg[4]
            (rising edge-triggered flip-flop clocked by MASTER_CLK)
  Path Group: MASTER_CLK
  Path Type: min

  Des/Clust/Port     Wire Load Model       Library
  ------------------------------------------------
  System_Top         tsmc13_wl30           scmetro_tsmc_cl013g_rvt_ss_1p08v_125c

  Point                                                   Incr       Path
  --------------------------------------------------------------------------
  clock MASTER_CLK (rise edge)                            0.00       0.00
  clock network delay (ideal)                             0.00       0.00
  U0_ClkDiv/count_reg[4]/CK (DFFRQX4M)                    0.00       0.00 r
  U0_ClkDiv/count_reg[4]/Q (DFFRQX4M)                     0.76       0.76 f
  U0_ClkDiv/U60/Y (AO22XLM)                               0.59       1.35 f
  U0_ClkDiv/count_reg[4]/D (DFFRQX4M)                     0.00       1.35 f
  data arrival time                                                  1.35

  clock MASTER_CLK (rise edge)                            0.00       0.00
  clock network delay (ideal)                             0.00       0.00
  clock uncertainty                                       0.10       0.10
  U0_ClkDiv/count_reg[4]/CK (DFFRQX4M)                    0.00       0.10 r
  library hold time                                      -0.08       0.02
  data required time                                                 0.02
  --------------------------------------------------------------------------
  data required time                                                 0.02
  data arrival time                                                 -1.35
  --------------------------------------------------------------------------
  slack (MET)                                                        1.33


  Startpoint: U0_ClkDiv/count_reg[0]
              (rising edge-triggered flip-flop clocked by MASTER_CLK)
  Endpoint: U0_ClkDiv/count_reg[0]
            (rising edge-triggered flip-flop clocked by MASTER_CLK)
  Path Group: MASTER_CLK
  Path Type: min

  Des/Clust/Port     Wire Load Model       Library
  ------------------------------------------------
  System_Top         tsmc13_wl30           scmetro_tsmc_cl013g_rvt_ss_1p08v_125c

  Point                                                   Incr       Path
  --------------------------------------------------------------------------
  clock MASTER_CLK (rise edge)                            0.00       0.00
  clock network delay (ideal)                             0.00       0.00
  U0_ClkDiv/count_reg[0]/CK (DFFRQX4M)                    0.00       0.00 r
  U0_ClkDiv/count_reg[0]/Q (DFFRQX4M)                     0.76       0.76 f
  U0_ClkDiv/U59/Y (AO22XLM)                               0.59       1.35 f
  U0_ClkDiv/count_reg[0]/D (DFFRQX4M)                     0.00       1.35 f
  data arrival time                                                  1.35

  clock MASTER_CLK (rise edge)                            0.00       0.00
  clock network delay (ideal)                             0.00       0.00
  clock uncertainty                                       0.10       0.10
  U0_ClkDiv/count_reg[0]/CK (DFFRQX4M)                    0.00       0.10 r
  library hold time                                      -0.08       0.02
  data required time                                                 0.02
  --------------------------------------------------------------------------
  data required time                                                 0.02
  data arrival time                                                 -1.35
  --------------------------------------------------------------------------
  slack (MET)                                                        1.34


  Startpoint: U0_ClkDiv/count_reg[6]
              (rising edge-triggered flip-flop clocked by MASTER_CLK)
  Endpoint: U0_ClkDiv/count_reg[6]
            (rising edge-triggered flip-flop clocked by MASTER_CLK)
  Path Group: MASTER_CLK
  Path Type: min

  Des/Clust/Port     Wire Load Model       Library
  ------------------------------------------------
  System_Top         tsmc13_wl30           scmetro_tsmc_cl013g_rvt_ss_1p08v_125c

  Point                                                   Incr       Path
  --------------------------------------------------------------------------
  clock MASTER_CLK (rise edge)                            0.00       0.00
  clock network delay (ideal)                             0.00       0.00
  U0_ClkDiv/count_reg[6]/CK (DFFRQX2M)                    0.00       0.00 r
  U0_ClkDiv/count_reg[6]/Q (DFFRQX2M)                     0.76       0.76 f
  U0_ClkDiv/U58/Y (AO22XLM)                               0.61       1.37 f
  U0_ClkDiv/count_reg[6]/D (DFFRQX2M)                     0.00       1.37 f
  data arrival time                                                  1.37

  clock MASTER_CLK (rise edge)                            0.00       0.00
  clock network delay (ideal)                             0.00       0.00
  clock uncertainty                                       0.10       0.10
  U0_ClkDiv/count_reg[6]/CK (DFFRQX2M)                    0.00       0.10 r
  library hold time                                      -0.09       0.01
  data required time                                                 0.01
  --------------------------------------------------------------------------
  data required time                                                 0.01
  data arrival time                                                 -1.37
  --------------------------------------------------------------------------
  slack (MET)                                                        1.36


  Startpoint: U0_ClkDiv/count_reg[5]
              (rising edge-triggered flip-flop clocked by MASTER_CLK)
  Endpoint: U0_ClkDiv/count_reg[5]
            (rising edge-triggered flip-flop clocked by MASTER_CLK)
  Path Group: MASTER_CLK
  Path Type: min

  Des/Clust/Port     Wire Load Model       Library
  ------------------------------------------------
  System_Top         tsmc13_wl30           scmetro_tsmc_cl013g_rvt_ss_1p08v_125c

  Point                                                   Incr       Path
  --------------------------------------------------------------------------
  clock MASTER_CLK (rise edge)                            0.00       0.00
  clock network delay (ideal)                             0.00       0.00
  U0_ClkDiv/count_reg[5]/CK (DFFRQX2M)                    0.00       0.00 r
  U0_ClkDiv/count_reg[5]/Q (DFFRQX2M)                     0.84       0.84 f
  U0_ClkDiv/U57/Y (AO22XLM)                               0.65       1.49 f
  U0_ClkDiv/count_reg[5]/D (DFFRQX2M)                     0.00       1.49 f
  data arrival time                                                  1.49

  clock MASTER_CLK (rise edge)                            0.00       0.00
  clock network delay (ideal)                             0.00       0.00
  clock uncertainty                                       0.10       0.10
  U0_ClkDiv/count_reg[5]/CK (DFFRQX2M)                    0.00       0.10 r
  library hold time                                      -0.09       0.01
  data required time                                                 0.01
  --------------------------------------------------------------------------
  data required time                                                 0.01
  data arrival time                                                 -1.49
  --------------------------------------------------------------------------
  slack (MET)                                                        1.48


  Startpoint: U0_ALU/OUT_VALID_reg
              (rising edge-triggered flip-flop clocked by ALU_CLK)
  Endpoint: ALU_VLD (output port clocked by ALU_CLK)
  Path Group: REGOUT
  Path Type: min

  Des/Clust/Port     Wire Load Model       Library
  ------------------------------------------------
  System_Top         tsmc13_wl30           scmetro_tsmc_cl013g_rvt_ss_1p08v_125c

  Point                                    Incr       Path
  -----------------------------------------------------------
  clock ALU_CLK (rise edge)                0.00       0.00
  clock network delay (ideal)              0.00       0.00
  U0_ALU/OUT_VALID_reg/CK (DFFRQX2M)       0.00       0.00 r
  U0_ALU/OUT_VALID_reg/Q (DFFRQX2M)        0.56       0.56 f
  U0_ALU/OUT_VALID (ALU)                   0.00       0.56 f
  U37/Y (CLKINVX1M)                        0.76       1.32 r
  U38/Y (CLKINVX40M)                      20.95      22.27 f
  ALU_VLD (out)                            0.00      22.27 f
  data arrival time                                  22.27

  clock ALU_CLK (rise edge)                0.00       0.00
  clock network delay (ideal)              0.00       0.00
  clock uncertainty                        0.10       0.10
  output external delay                  -10.00      -9.90
  data required time                                 -9.90
  -----------------------------------------------------------
  data required time                                 -9.90
  data arrival time                                 -22.27
  -----------------------------------------------------------
  slack (MET)                                        32.17


  Startpoint: U0_ALU/ALU_OUT_reg[7]
              (rising edge-triggered flip-flop clocked by ALU_CLK)
  Endpoint: ALU_OUT[7] (output port clocked by ALU_CLK)
  Path Group: REGOUT
  Path Type: min

  Des/Clust/Port     Wire Load Model       Library
  ------------------------------------------------
  System_Top         tsmc13_wl30           scmetro_tsmc_cl013g_rvt_ss_1p08v_125c

  Point                                    Incr       Path
  -----------------------------------------------------------
  clock ALU_CLK (rise edge)                0.00       0.00
  clock network delay (ideal)              0.00       0.00
  U0_ALU/ALU_OUT_reg[7]/CK (DFFRQX2M)      0.00       0.00 r
  U0_ALU/ALU_OUT_reg[7]/Q (DFFRQX2M)       0.56       0.56 f
  U0_ALU/ALU_OUT[7] (ALU)                  0.00       0.56 f
  U35/Y (CLKINVX1M)                        0.76       1.32 r
  U36/Y (CLKINVX40M)                      20.95      22.27 f
  ALU_OUT[7] (out)                         0.00      22.27 f
  data arrival time                                  22.27

  clock ALU_CLK (rise edge)                0.00       0.00
  clock network delay (ideal)              0.00       0.00
  clock uncertainty                        0.10       0.10
  output external delay                  -10.00      -9.90
  data required time                                 -9.90
  -----------------------------------------------------------
  data required time                                 -9.90
  data arrival time                                 -22.27
  -----------------------------------------------------------
  slack (MET)                                        32.17


  Startpoint: U0_ALU/ALU_OUT_reg[6]
              (rising edge-triggered flip-flop clocked by ALU_CLK)
  Endpoint: ALU_OUT[6] (output port clocked by ALU_CLK)
  Path Group: REGOUT
  Path Type: min

  Des/Clust/Port     Wire Load Model       Library
  ------------------------------------------------
  System_Top         tsmc13_wl30           scmetro_tsmc_cl013g_rvt_ss_1p08v_125c

  Point                                    Incr       Path
  -----------------------------------------------------------
  clock ALU_CLK (rise edge)                0.00       0.00
  clock network delay (ideal)              0.00       0.00
  U0_ALU/ALU_OUT_reg[6]/CK (DFFRQX2M)      0.00       0.00 r
  U0_ALU/ALU_OUT_reg[6]/Q (DFFRQX2M)       0.56       0.56 f
  U0_ALU/ALU_OUT[6] (ALU)                  0.00       0.56 f
  U33/Y (CLKINVX1M)                        0.76       1.32 r
  U34/Y (CLKINVX40M)                      20.95      22.27 f
  ALU_OUT[6] (out)                         0.00      22.27 f
  data arrival time                                  22.27

  clock ALU_CLK (rise edge)                0.00       0.00
  clock network delay (ideal)              0.00       0.00
  clock uncertainty                        0.10       0.10
  output external delay                  -10.00      -9.90
  data required time                                 -9.90
  -----------------------------------------------------------
  data required time                                 -9.90
  data arrival time                                 -22.27
  -----------------------------------------------------------
  slack (MET)                                        32.17


  Startpoint: U0_ALU/ALU_OUT_reg[5]
              (rising edge-triggered flip-flop clocked by ALU_CLK)
  Endpoint: ALU_OUT[5] (output port clocked by ALU_CLK)
  Path Group: REGOUT
  Path Type: min

  Des/Clust/Port     Wire Load Model       Library
  ------------------------------------------------
  System_Top         tsmc13_wl30           scmetro_tsmc_cl013g_rvt_ss_1p08v_125c

  Point                                    Incr       Path
  -----------------------------------------------------------
  clock ALU_CLK (rise edge)                0.00       0.00
  clock network delay (ideal)              0.00       0.00
  U0_ALU/ALU_OUT_reg[5]/CK (DFFRQX2M)      0.00       0.00 r
  U0_ALU/ALU_OUT_reg[5]/Q (DFFRQX2M)       0.56       0.56 f
  U0_ALU/ALU_OUT[5] (ALU)                  0.00       0.56 f
  U31/Y (CLKINVX1M)                        0.76       1.32 r
  U32/Y (CLKINVX40M)                      20.95      22.27 f
  ALU_OUT[5] (out)                         0.00      22.27 f
  data arrival time                                  22.27

  clock ALU_CLK (rise edge)                0.00       0.00
  clock network delay (ideal)              0.00       0.00
  clock uncertainty                        0.10       0.10
  output external delay                  -10.00      -9.90
  data required time                                 -9.90
  -----------------------------------------------------------
  data required time                                 -9.90
  data arrival time                                 -22.27
  -----------------------------------------------------------
  slack (MET)                                        32.17


  Startpoint: U0_ALU/ALU_OUT_reg[4]
              (rising edge-triggered flip-flop clocked by ALU_CLK)
  Endpoint: ALU_OUT[4] (output port clocked by ALU_CLK)
  Path Group: REGOUT
  Path Type: min

  Des/Clust/Port     Wire Load Model       Library
  ------------------------------------------------
  System_Top         tsmc13_wl30           scmetro_tsmc_cl013g_rvt_ss_1p08v_125c

  Point                                    Incr       Path
  -----------------------------------------------------------
  clock ALU_CLK (rise edge)                0.00       0.00
  clock network delay (ideal)              0.00       0.00
  U0_ALU/ALU_OUT_reg[4]/CK (DFFRQX2M)      0.00       0.00 r
  U0_ALU/ALU_OUT_reg[4]/Q (DFFRQX2M)       0.56       0.56 f
  U0_ALU/ALU_OUT[4] (ALU)                  0.00       0.56 f
  U29/Y (CLKINVX1M)                        0.76       1.32 r
  U30/Y (CLKINVX40M)                      20.95      22.27 f
  ALU_OUT[4] (out)                         0.00      22.27 f
  data arrival time                                  22.27

  clock ALU_CLK (rise edge)                0.00       0.00
  clock network delay (ideal)              0.00       0.00
  clock uncertainty                        0.10       0.10
  output external delay                  -10.00      -9.90
  data required time                                 -9.90
  -----------------------------------------------------------
  data required time                                 -9.90
  data arrival time                                 -22.27
  -----------------------------------------------------------
  slack (MET)                                        32.17


  Startpoint: U0_ALU/ALU_OUT_reg[3]
              (rising edge-triggered flip-flop clocked by ALU_CLK)
  Endpoint: ALU_OUT[3] (output port clocked by ALU_CLK)
  Path Group: REGOUT
  Path Type: min

  Des/Clust/Port     Wire Load Model       Library
  ------------------------------------------------
  System_Top         tsmc13_wl30           scmetro_tsmc_cl013g_rvt_ss_1p08v_125c

  Point                                    Incr       Path
  -----------------------------------------------------------
  clock ALU_CLK (rise edge)                0.00       0.00
  clock network delay (ideal)              0.00       0.00
  U0_ALU/ALU_OUT_reg[3]/CK (DFFRQX2M)      0.00       0.00 r
  U0_ALU/ALU_OUT_reg[3]/Q (DFFRQX2M)       0.56       0.56 f
  U0_ALU/ALU_OUT[3] (ALU)                  0.00       0.56 f
  U27/Y (CLKINVX1M)                        0.76       1.32 r
  U28/Y (CLKINVX40M)                      20.95      22.27 f
  ALU_OUT[3] (out)                         0.00      22.27 f
  data arrival time                                  22.27

  clock ALU_CLK (rise edge)                0.00       0.00
  clock network delay (ideal)              0.00       0.00
  clock uncertainty                        0.10       0.10
  output external delay                  -10.00      -9.90
  data required time                                 -9.90
  -----------------------------------------------------------
  data required time                                 -9.90
  data arrival time                                 -22.27
  -----------------------------------------------------------
  slack (MET)                                        32.17


  Startpoint: U0_ALU/ALU_OUT_reg[2]
              (rising edge-triggered flip-flop clocked by ALU_CLK)
  Endpoint: ALU_OUT[2] (output port clocked by ALU_CLK)
  Path Group: REGOUT
  Path Type: min

  Des/Clust/Port     Wire Load Model       Library
  ------------------------------------------------
  System_Top         tsmc13_wl30           scmetro_tsmc_cl013g_rvt_ss_1p08v_125c

  Point                                    Incr       Path
  -----------------------------------------------------------
  clock ALU_CLK (rise edge)                0.00       0.00
  clock network delay (ideal)              0.00       0.00
  U0_ALU/ALU_OUT_reg[2]/CK (DFFRQX2M)      0.00       0.00 r
  U0_ALU/ALU_OUT_reg[2]/Q (DFFRQX2M)       0.56       0.56 f
  U0_ALU/ALU_OUT[2] (ALU)                  0.00       0.56 f
  U25/Y (CLKINVX1M)                        0.76       1.32 r
  U26/Y (CLKINVX40M)                      20.95      22.27 f
  ALU_OUT[2] (out)                         0.00      22.27 f
  data arrival time                                  22.27

  clock ALU_CLK (rise edge)                0.00       0.00
  clock network delay (ideal)              0.00       0.00
  clock uncertainty                        0.10       0.10
  output external delay                  -10.00      -9.90
  data required time                                 -9.90
  -----------------------------------------------------------
  data required time                                 -9.90
  data arrival time                                 -22.27
  -----------------------------------------------------------
  slack (MET)                                        32.17


  Startpoint: U0_ALU/ALU_OUT_reg[0]
              (rising edge-triggered flip-flop clocked by ALU_CLK)
  Endpoint: ALU_OUT[0] (output port clocked by ALU_CLK)
  Path Group: REGOUT
  Path Type: min

  Des/Clust/Port     Wire Load Model       Library
  ------------------------------------------------
  System_Top         tsmc13_wl30           scmetro_tsmc_cl013g_rvt_ss_1p08v_125c

  Point                                    Incr       Path
  -----------------------------------------------------------
  clock ALU_CLK (rise edge)                0.00       0.00
  clock network delay (ideal)              0.00       0.00
  U0_ALU/ALU_OUT_reg[0]/CK (DFFRQX2M)      0.00       0.00 r
  U0_ALU/ALU_OUT_reg[0]/Q (DFFRQX2M)       0.56       0.56 f
  U0_ALU/ALU_OUT[0] (ALU)                  0.00       0.56 f
  U21/Y (CLKINVX1M)                        0.76       1.32 r
  U22/Y (CLKINVX40M)                      20.95      22.27 f
  ALU_OUT[0] (out)                         0.00      22.27 f
  data arrival time                                  22.27

  clock ALU_CLK (rise edge)                0.00       0.00
  clock network delay (ideal)              0.00       0.00
  clock uncertainty                        0.10       0.10
  output external delay                  -10.00      -9.90
  data required time                                 -9.90
  -----------------------------------------------------------
  data required time                                 -9.90
  data arrival time                                 -22.27
  -----------------------------------------------------------
  slack (MET)                                        32.17


  Startpoint: U0_ALU/ALU_OUT_reg[1]
              (rising edge-triggered flip-flop clocked by ALU_CLK)
  Endpoint: ALU_OUT[1] (output port clocked by ALU_CLK)
  Path Group: REGOUT
  Path Type: min

  Des/Clust/Port     Wire Load Model       Library
  ------------------------------------------------
  System_Top         tsmc13_wl30           scmetro_tsmc_cl013g_rvt_ss_1p08v_125c

  Point                                    Incr       Path
  -----------------------------------------------------------
  clock ALU_CLK (rise edge)                0.00       0.00
  clock network delay (ideal)              0.00       0.00
  U0_ALU/ALU_OUT_reg[1]/CK (DFFRQX1M)      0.00       0.00 r
  U0_ALU/ALU_OUT_reg[1]/Q (DFFRQX1M)       0.66       0.66 f
  U0_ALU/ALU_OUT[1] (ALU)                  0.00       0.66 f
  U23/Y (CLKINVX1M)                        0.79       1.45 r
  U24/Y (CLKINVX40M)                      20.95      22.39 f
  ALU_OUT[1] (out)                         0.00      22.40 f
  data arrival time                                  22.40

  clock ALU_CLK (rise edge)                0.00       0.00
  clock network delay (ideal)              0.00       0.00
  clock uncertainty                        0.10       0.10
  output external delay                  -10.00      -9.90
  data required time                                 -9.90
  -----------------------------------------------------------
  data required time                                 -9.90
  data arrival time                                 -22.40
  -----------------------------------------------------------
  slack (MET)                                        32.30


  Startpoint: U0_RegFile/RdData_reg[7]
              (rising edge-triggered flip-flop clocked by REG_CLK)
  Endpoint: RdData[7] (output port clocked by REG_CLK)
  Path Group: REGOUT
  Path Type: min

  Des/Clust/Port     Wire Load Model       Library
  ------------------------------------------------
  System_Top         tsmc13_wl30           scmetro_tsmc_cl013g_rvt_ss_1p08v_125c

  Point                                                   Incr       Path
  --------------------------------------------------------------------------
  clock REG_CLK (rise edge)                               0.00       0.00
  clock network delay (ideal)                             0.00       0.00
  U0_RegFile/RdData_reg[7]/CK (EDFFHQX2M)                 0.00       0.00 r
  U0_RegFile/RdData_reg[7]/Q (EDFFHQX2M)                  0.33       0.33 f
  U0_RegFile/RdData[7] (RegFile)                          0.00       0.33 f
  U19/Y (CLKINVX1M)                                       0.76       1.10 r
  U20/Y (CLKINVX40M)                                     20.95      22.04 f
  RdData[7] (out)                                         0.00      22.04 f
  data arrival time                                                 22.04

  clock REG_CLK (rise edge)                               0.00       0.00
  clock network delay (ideal)                             0.00       0.00
  clock uncertainty                                       0.10       0.10
  output external delay                                 -20.00     -19.90
  data required time                                               -19.90
  --------------------------------------------------------------------------
  data required time                                               -19.90
  data arrival time                                                -22.04
  --------------------------------------------------------------------------
  slack (MET)                                                       41.94


  Startpoint: U0_RegFile/RdData_reg[6]
              (rising edge-triggered flip-flop clocked by REG_CLK)
  Endpoint: RdData[6] (output port clocked by REG_CLK)
  Path Group: REGOUT
  Path Type: min

  Des/Clust/Port     Wire Load Model       Library
  ------------------------------------------------
  System_Top         tsmc13_wl30           scmetro_tsmc_cl013g_rvt_ss_1p08v_125c

  Point                                                   Incr       Path
  --------------------------------------------------------------------------
  clock REG_CLK (rise edge)                               0.00       0.00
  clock network delay (ideal)                             0.00       0.00
  U0_RegFile/RdData_reg[6]/CK (EDFFHQX2M)                 0.00       0.00 r
  U0_RegFile/RdData_reg[6]/Q (EDFFHQX2M)                  0.33       0.33 f
  U0_RegFile/RdData[6] (RegFile)                          0.00       0.33 f
  U17/Y (CLKINVX1M)                                       0.76       1.10 r
  U18/Y (CLKINVX40M)                                     20.95      22.04 f
  RdData[6] (out)                                         0.00      22.04 f
  data arrival time                                                 22.04

  clock REG_CLK (rise edge)                               0.00       0.00
  clock network delay (ideal)                             0.00       0.00
  clock uncertainty                                       0.10       0.10
  output external delay                                 -20.00     -19.90
  data required time                                               -19.90
  --------------------------------------------------------------------------
  data required time                                               -19.90
  data arrival time                                                -22.04
  --------------------------------------------------------------------------
  slack (MET)                                                       41.94


  Startpoint: U0_RegFile/RdData_reg[5]
              (rising edge-triggered flip-flop clocked by REG_CLK)
  Endpoint: RdData[5] (output port clocked by REG_CLK)
  Path Group: REGOUT
  Path Type: min

  Des/Clust/Port     Wire Load Model       Library
  ------------------------------------------------
  System_Top         tsmc13_wl30           scmetro_tsmc_cl013g_rvt_ss_1p08v_125c

  Point                                                   Incr       Path
  --------------------------------------------------------------------------
  clock REG_CLK (rise edge)                               0.00       0.00
  clock network delay (ideal)                             0.00       0.00
  U0_RegFile/RdData_reg[5]/CK (EDFFHQX2M)                 0.00       0.00 r
  U0_RegFile/RdData_reg[5]/Q (EDFFHQX2M)                  0.33       0.33 f
  U0_RegFile/RdData[5] (RegFile)                          0.00       0.33 f
  U15/Y (CLKINVX1M)                                       0.76       1.10 r
  U16/Y (CLKINVX40M)                                     20.95      22.04 f
  RdData[5] (out)                                         0.00      22.04 f
  data arrival time                                                 22.04

  clock REG_CLK (rise edge)                               0.00       0.00
  clock network delay (ideal)                             0.00       0.00
  clock uncertainty                                       0.10       0.10
  output external delay                                 -20.00     -19.90
  data required time                                               -19.90
  --------------------------------------------------------------------------
  data required time                                               -19.90
  data arrival time                                                -22.04
  --------------------------------------------------------------------------
  slack (MET)                                                       41.94


  Startpoint: U0_RegFile/RdData_reg[4]
              (rising edge-triggered flip-flop clocked by REG_CLK)
  Endpoint: RdData[4] (output port clocked by REG_CLK)
  Path Group: REGOUT
  Path Type: min

  Des/Clust/Port     Wire Load Model       Library
  ------------------------------------------------
  System_Top         tsmc13_wl30           scmetro_tsmc_cl013g_rvt_ss_1p08v_125c

  Point                                                   Incr       Path
  --------------------------------------------------------------------------
  clock REG_CLK (rise edge)                               0.00       0.00
  clock network delay (ideal)                             0.00       0.00
  U0_RegFile/RdData_reg[4]/CK (EDFFHQX2M)                 0.00       0.00 r
  U0_RegFile/RdData_reg[4]/Q (EDFFHQX2M)                  0.33       0.33 f
  U0_RegFile/RdData[4] (RegFile)                          0.00       0.33 f
  U13/Y (CLKINVX1M)                                       0.76       1.10 r
  U14/Y (CLKINVX40M)                                     20.95      22.04 f
  RdData[4] (out)                                         0.00      22.04 f
  data arrival time                                                 22.04

  clock REG_CLK (rise edge)                               0.00       0.00
  clock network delay (ideal)                             0.00       0.00
  clock uncertainty                                       0.10       0.10
  output external delay                                 -20.00     -19.90
  data required time                                               -19.90
  --------------------------------------------------------------------------
  data required time                                               -19.90
  data arrival time                                                -22.04
  --------------------------------------------------------------------------
  slack (MET)                                                       41.94


  Startpoint: U0_RegFile/RdData_reg[3]
              (rising edge-triggered flip-flop clocked by REG_CLK)
  Endpoint: RdData[3] (output port clocked by REG_CLK)
  Path Group: REGOUT
  Path Type: min

  Des/Clust/Port     Wire Load Model       Library
  ------------------------------------------------
  System_Top         tsmc13_wl30           scmetro_tsmc_cl013g_rvt_ss_1p08v_125c

  Point                                                   Incr       Path
  --------------------------------------------------------------------------
  clock REG_CLK (rise edge)                               0.00       0.00
  clock network delay (ideal)                             0.00       0.00
  U0_RegFile/RdData_reg[3]/CK (EDFFHQX2M)                 0.00       0.00 r
  U0_RegFile/RdData_reg[3]/Q (EDFFHQX2M)                  0.33       0.33 f
  U0_RegFile/RdData[3] (RegFile)                          0.00       0.33 f
  U11/Y (CLKINVX1M)                                       0.76       1.10 r
  U12/Y (CLKINVX40M)                                     20.95      22.04 f
  RdData[3] (out)                                         0.00      22.04 f
  data arrival time                                                 22.04

  clock REG_CLK (rise edge)                               0.00       0.00
  clock network delay (ideal)                             0.00       0.00
  clock uncertainty                                       0.10       0.10
  output external delay                                 -20.00     -19.90
  data required time                                               -19.90
  --------------------------------------------------------------------------
  data required time                                               -19.90
  data arrival time                                                -22.04
  --------------------------------------------------------------------------
  slack (MET)                                                       41.94


  Startpoint: U0_RegFile/RdData_reg[2]
              (rising edge-triggered flip-flop clocked by REG_CLK)
  Endpoint: RdData[2] (output port clocked by REG_CLK)
  Path Group: REGOUT
  Path Type: min

  Des/Clust/Port     Wire Load Model       Library
  ------------------------------------------------
  System_Top         tsmc13_wl30           scmetro_tsmc_cl013g_rvt_ss_1p08v_125c

  Point                                                   Incr       Path
  --------------------------------------------------------------------------
  clock REG_CLK (rise edge)                               0.00       0.00
  clock network delay (ideal)                             0.00       0.00
  U0_RegFile/RdData_reg[2]/CK (EDFFHQX2M)                 0.00       0.00 r
  U0_RegFile/RdData_reg[2]/Q (EDFFHQX2M)                  0.33       0.33 f
  U0_RegFile/RdData[2] (RegFile)                          0.00       0.33 f
  U9/Y (CLKINVX1M)                                        0.76       1.10 r
  U10/Y (CLKINVX40M)                                     20.95      22.04 f
  RdData[2] (out)                                         0.00      22.04 f
  data arrival time                                                 22.04

  clock REG_CLK (rise edge)                               0.00       0.00
  clock network delay (ideal)                             0.00       0.00
  clock uncertainty                                       0.10       0.10
  output external delay                                 -20.00     -19.90
  data required time                                               -19.90
  --------------------------------------------------------------------------
  data required time                                               -19.90
  data arrival time                                                -22.04
  --------------------------------------------------------------------------
  slack (MET)                                                       41.94


  Startpoint: U0_RegFile/RdData_reg[1]
              (rising edge-triggered flip-flop clocked by REG_CLK)
  Endpoint: RdData[1] (output port clocked by REG_CLK)
  Path Group: REGOUT
  Path Type: min

  Des/Clust/Port     Wire Load Model       Library
  ------------------------------------------------
  System_Top         tsmc13_wl30           scmetro_tsmc_cl013g_rvt_ss_1p08v_125c

  Point                                                   Incr       Path
  --------------------------------------------------------------------------
  clock REG_CLK (rise edge)                               0.00       0.00
  clock network delay (ideal)                             0.00       0.00
  U0_RegFile/RdData_reg[1]/CK (EDFFHQX2M)                 0.00       0.00 r
  U0_RegFile/RdData_reg[1]/Q (EDFFHQX2M)                  0.33       0.33 f
  U0_RegFile/RdData[1] (RegFile)                          0.00       0.33 f
  U7/Y (CLKINVX1M)                                        0.76       1.10 r
  U8/Y (CLKINVX40M)                                      20.95      22.04 f
  RdData[1] (out)                                         0.00      22.04 f
  data arrival time                                                 22.04

  clock REG_CLK (rise edge)                               0.00       0.00
  clock network delay (ideal)                             0.00       0.00
  clock uncertainty                                       0.10       0.10
  output external delay                                 -20.00     -19.90
  data required time                                               -19.90
  --------------------------------------------------------------------------
  data required time                                               -19.90
  data arrival time                                                -22.04
  --------------------------------------------------------------------------
  slack (MET)                                                       41.94


  Startpoint: U0_RegFile/RdData_reg[0]
              (rising edge-triggered flip-flop clocked by REG_CLK)
  Endpoint: RdData[0] (output port clocked by REG_CLK)
  Path Group: REGOUT
  Path Type: min

  Des/Clust/Port     Wire Load Model       Library
  ------------------------------------------------
  System_Top         tsmc13_wl30           scmetro_tsmc_cl013g_rvt_ss_1p08v_125c

  Point                                                   Incr       Path
  --------------------------------------------------------------------------
  clock REG_CLK (rise edge)                               0.00       0.00
  clock network delay (ideal)                             0.00       0.00
  U0_RegFile/RdData_reg[0]/CK (EDFFHQX2M)                 0.00       0.00 r
  U0_RegFile/RdData_reg[0]/Q (EDFFHQX2M)                  0.33       0.33 f
  U0_RegFile/RdData[0] (RegFile)                          0.00       0.33 f
  U5/Y (CLKINVX1M)                                        0.76       1.10 r
  U6/Y (CLKINVX40M)                                      20.95      22.04 f
  RdData[0] (out)                                         0.00      22.04 f
  data arrival time                                                 22.04

  clock REG_CLK (rise edge)                               0.00       0.00
  clock network delay (ideal)                             0.00       0.00
  clock uncertainty                                       0.10       0.10
  output external delay                                 -20.00     -19.90
  data required time                                               -19.90
  --------------------------------------------------------------------------
  data required time                                               -19.90
  data arrival time                                                -22.04
  --------------------------------------------------------------------------
  slack (MET)                                                       41.94


  Startpoint: U0_RegFile/regArr_reg[2][7]
              (rising edge-triggered flip-flop clocked by REG_CLK)
  Endpoint: U0_RegFile/regArr_reg[2][7]
            (rising edge-triggered flip-flop clocked by REG_CLK)
  Path Group: REG_CLK
  Path Type: min

  Des/Clust/Port     Wire Load Model       Library
  ------------------------------------------------
  System_Top         tsmc13_wl30           scmetro_tsmc_cl013g_rvt_ss_1p08v_125c

  Point                                                   Incr       Path
  --------------------------------------------------------------------------
  clock REG_CLK (rise edge)                               0.00       0.00
  clock network delay (ideal)                             0.00       0.00
  U0_RegFile/regArr_reg[2][7]/CK (DFFRQX2M)               0.00       0.00 r
  U0_RegFile/regArr_reg[2][7]/Q (DFFRQX2M)                0.74       0.74 f
  U0_RegFile/U639/Y (OAI2BB2X1M)                          0.52       1.26 f
  U0_RegFile/regArr_reg[2][7]/D (DFFRQX2M)                0.00       1.26 f
  data arrival time                                                  1.26

  clock REG_CLK (rise edge)                               0.00       0.00
  clock network delay (ideal)                             0.00       0.00
  clock uncertainty                                       0.10       0.10
  U0_RegFile/regArr_reg[2][7]/CK (DFFRQX2M)               0.00       0.10 r
  library hold time                                      -0.09       0.01
  data required time                                                 0.01
  --------------------------------------------------------------------------
  data required time                                                 0.01
  data arrival time                                                 -1.26
  --------------------------------------------------------------------------
  slack (MET)                                                        1.25


  Startpoint: U0_RegFile/regArr_reg[2][6]
              (rising edge-triggered flip-flop clocked by REG_CLK)
  Endpoint: U0_RegFile/regArr_reg[2][6]
            (rising edge-triggered flip-flop clocked by REG_CLK)
  Path Group: REG_CLK
  Path Type: min

  Des/Clust/Port     Wire Load Model       Library
  ------------------------------------------------
  System_Top         tsmc13_wl30           scmetro_tsmc_cl013g_rvt_ss_1p08v_125c

  Point                                                   Incr       Path
  --------------------------------------------------------------------------
  clock REG_CLK (rise edge)                               0.00       0.00
  clock network delay (ideal)                             0.00       0.00
  U0_RegFile/regArr_reg[2][6]/CK (DFFRQX2M)               0.00       0.00 r
  U0_RegFile/regArr_reg[2][6]/Q (DFFRQX2M)                0.74       0.74 f
  U0_RegFile/U601/Y (OAI2BB2X1M)                          0.52       1.26 f
  U0_RegFile/regArr_reg[2][6]/D (DFFRQX2M)                0.00       1.26 f
  data arrival time                                                  1.26

  clock REG_CLK (rise edge)                               0.00       0.00
  clock network delay (ideal)                             0.00       0.00
  clock uncertainty                                       0.10       0.10
  U0_RegFile/regArr_reg[2][6]/CK (DFFRQX2M)               0.00       0.10 r
  library hold time                                      -0.09       0.01
  data required time                                                 0.01
  --------------------------------------------------------------------------
  data required time                                                 0.01
  data arrival time                                                 -1.26
  --------------------------------------------------------------------------
  slack (MET)                                                        1.25


  Startpoint: U0_RegFile/regArr_reg[2][5]
              (rising edge-triggered flip-flop clocked by REG_CLK)
  Endpoint: U0_RegFile/regArr_reg[2][5]
            (rising edge-triggered flip-flop clocked by REG_CLK)
  Path Group: REG_CLK
  Path Type: min

  Des/Clust/Port     Wire Load Model       Library
  ------------------------------------------------
  System_Top         tsmc13_wl30           scmetro_tsmc_cl013g_rvt_ss_1p08v_125c

  Point                                                   Incr       Path
  --------------------------------------------------------------------------
  clock REG_CLK (rise edge)                               0.00       0.00
  clock network delay (ideal)                             0.00       0.00
  U0_RegFile/regArr_reg[2][5]/CK (DFFRQX2M)               0.00       0.00 r
  U0_RegFile/regArr_reg[2][5]/Q (DFFRQX2M)                0.74       0.74 f
  U0_RegFile/U600/Y (OAI2BB2X1M)                          0.52       1.26 f
  U0_RegFile/regArr_reg[2][5]/D (DFFRQX2M)                0.00       1.26 f
  data arrival time                                                  1.26

  clock REG_CLK (rise edge)                               0.00       0.00
  clock network delay (ideal)                             0.00       0.00
  clock uncertainty                                       0.10       0.10
  U0_RegFile/regArr_reg[2][5]/CK (DFFRQX2M)               0.00       0.10 r
  library hold time                                      -0.09       0.01
  data required time                                                 0.01
  --------------------------------------------------------------------------
  data required time                                                 0.01
  data arrival time                                                 -1.26
  --------------------------------------------------------------------------
  slack (MET)                                                        1.25


  Startpoint: U0_RegFile/regArr_reg[2][4]
              (rising edge-triggered flip-flop clocked by REG_CLK)
  Endpoint: U0_RegFile/regArr_reg[2][4]
            (rising edge-triggered flip-flop clocked by REG_CLK)
  Path Group: REG_CLK
  Path Type: min

  Des/Clust/Port     Wire Load Model       Library
  ------------------------------------------------
  System_Top         tsmc13_wl30           scmetro_tsmc_cl013g_rvt_ss_1p08v_125c

  Point                                                   Incr       Path
  --------------------------------------------------------------------------
  clock REG_CLK (rise edge)                               0.00       0.00
  clock network delay (ideal)                             0.00       0.00
  U0_RegFile/regArr_reg[2][4]/CK (DFFRQX2M)               0.00       0.00 r
  U0_RegFile/regArr_reg[2][4]/Q (DFFRQX2M)                0.74       0.74 f
  U0_RegFile/U599/Y (OAI2BB2X1M)                          0.52       1.26 f
  U0_RegFile/regArr_reg[2][4]/D (DFFRQX2M)                0.00       1.26 f
  data arrival time                                                  1.26

  clock REG_CLK (rise edge)                               0.00       0.00
  clock network delay (ideal)                             0.00       0.00
  clock uncertainty                                       0.10       0.10
  U0_RegFile/regArr_reg[2][4]/CK (DFFRQX2M)               0.00       0.10 r
  library hold time                                      -0.09       0.01
  data required time                                                 0.01
  --------------------------------------------------------------------------
  data required time                                                 0.01
  data arrival time                                                 -1.26
  --------------------------------------------------------------------------
  slack (MET)                                                        1.25


  Startpoint: U0_RegFile/regArr_reg[2][3]
              (rising edge-triggered flip-flop clocked by REG_CLK)
  Endpoint: U0_RegFile/regArr_reg[2][3]
            (rising edge-triggered flip-flop clocked by REG_CLK)
  Path Group: REG_CLK
  Path Type: min

  Des/Clust/Port     Wire Load Model       Library
  ------------------------------------------------
  System_Top         tsmc13_wl30           scmetro_tsmc_cl013g_rvt_ss_1p08v_125c

  Point                                                   Incr       Path
  --------------------------------------------------------------------------
  clock REG_CLK (rise edge)                               0.00       0.00
  clock network delay (ideal)                             0.00       0.00
  U0_RegFile/regArr_reg[2][3]/CK (DFFRQX2M)               0.00       0.00 r
  U0_RegFile/regArr_reg[2][3]/Q (DFFRQX2M)                0.74       0.74 f
  U0_RegFile/U598/Y (OAI2BB2X1M)                          0.52       1.26 f
  U0_RegFile/regArr_reg[2][3]/D (DFFRQX2M)                0.00       1.26 f
  data arrival time                                                  1.26

  clock REG_CLK (rise edge)                               0.00       0.00
  clock network delay (ideal)                             0.00       0.00
  clock uncertainty                                       0.10       0.10
  U0_RegFile/regArr_reg[2][3]/CK (DFFRQX2M)               0.00       0.10 r
  library hold time                                      -0.09       0.01
  data required time                                                 0.01
  --------------------------------------------------------------------------
  data required time                                                 0.01
  data arrival time                                                 -1.26
  --------------------------------------------------------------------------
  slack (MET)                                                        1.25


  Startpoint: U0_RegFile/regArr_reg[2][1]
              (rising edge-triggered flip-flop clocked by REG_CLK)
  Endpoint: U0_RegFile/regArr_reg[2][1]
            (rising edge-triggered flip-flop clocked by REG_CLK)
  Path Group: REG_CLK
  Path Type: min

  Des/Clust/Port     Wire Load Model       Library
  ------------------------------------------------
  System_Top         tsmc13_wl30           scmetro_tsmc_cl013g_rvt_ss_1p08v_125c

  Point                                                   Incr       Path
  --------------------------------------------------------------------------
  clock REG_CLK (rise edge)                               0.00       0.00
  clock network delay (ideal)                             0.00       0.00
  U0_RegFile/regArr_reg[2][1]/CK (DFFRQX2M)               0.00       0.00 r
  U0_RegFile/regArr_reg[2][1]/Q (DFFRQX2M)                0.74       0.74 f
  U0_RegFile/U597/Y (OAI2BB2X1M)                          0.52       1.26 f
  U0_RegFile/regArr_reg[2][1]/D (DFFRQX2M)                0.00       1.26 f
  data arrival time                                                  1.26

  clock REG_CLK (rise edge)                               0.00       0.00
  clock network delay (ideal)                             0.00       0.00
  clock uncertainty                                       0.10       0.10
  U0_RegFile/regArr_reg[2][1]/CK (DFFRQX2M)               0.00       0.10 r
  library hold time                                      -0.09       0.01
  data required time                                                 0.01
  --------------------------------------------------------------------------
  data required time                                                 0.01
  data arrival time                                                 -1.26
  --------------------------------------------------------------------------
  slack (MET)                                                        1.25


  Startpoint: U0_RegFile/regArr_reg[2][0]
              (rising edge-triggered flip-flop clocked by REG_CLK)
  Endpoint: U0_RegFile/regArr_reg[2][0]
            (rising edge-triggered flip-flop clocked by REG_CLK)
  Path Group: REG_CLK
  Path Type: min

  Des/Clust/Port     Wire Load Model       Library
  ------------------------------------------------
  System_Top         tsmc13_wl30           scmetro_tsmc_cl013g_rvt_ss_1p08v_125c

  Point                                                   Incr       Path
  --------------------------------------------------------------------------
  clock REG_CLK (rise edge)                               0.00       0.00
  clock network delay (ideal)                             0.00       0.00
  U0_RegFile/regArr_reg[2][0]/CK (DFFRQX2M)               0.00       0.00 r
  U0_RegFile/regArr_reg[2][0]/Q (DFFRQX2M)                0.74       0.74 f
  U0_RegFile/U596/Y (OAI2BB2X1M)                          0.52       1.26 f
  U0_RegFile/regArr_reg[2][0]/D (DFFRQX2M)                0.00       1.26 f
  data arrival time                                                  1.26

  clock REG_CLK (rise edge)                               0.00       0.00
  clock network delay (ideal)                             0.00       0.00
  clock uncertainty                                       0.10       0.10
  U0_RegFile/regArr_reg[2][0]/CK (DFFRQX2M)               0.00       0.10 r
  library hold time                                      -0.09       0.01
  data required time                                                 0.01
  --------------------------------------------------------------------------
  data required time                                                 0.01
  data arrival time                                                 -1.26
  --------------------------------------------------------------------------
  slack (MET)                                                        1.25


  Startpoint: U0_RegFile/regArr_reg[0][0]
              (rising edge-triggered flip-flop clocked by REG_CLK)
  Endpoint: U0_RegFile/regArr_reg[0][0]
            (rising edge-triggered flip-flop clocked by REG_CLK)
  Path Group: REG_CLK
  Path Type: min

  Des/Clust/Port     Wire Load Model       Library
  ------------------------------------------------
  System_Top         tsmc13_wl30           scmetro_tsmc_cl013g_rvt_ss_1p08v_125c

  Point                                                   Incr       Path
  --------------------------------------------------------------------------
  clock REG_CLK (rise edge)                               0.00       0.00
  clock network delay (ideal)                             0.00       0.00
  U0_RegFile/regArr_reg[0][0]/CK (DFFRQX2M)               0.00       0.00 r
  U0_RegFile/regArr_reg[0][0]/Q (DFFRQX2M)                0.74       0.74 f
  U0_RegFile/U595/Y (OAI2BB2X1M)                          0.52       1.27 f
  U0_RegFile/regArr_reg[0][0]/D (DFFRQX2M)                0.00       1.27 f
  data arrival time                                                  1.27

  clock REG_CLK (rise edge)                               0.00       0.00
  clock network delay (ideal)                             0.00       0.00
  clock uncertainty                                       0.10       0.10
  U0_RegFile/regArr_reg[0][0]/CK (DFFRQX2M)               0.00       0.10 r
  library hold time                                      -0.09       0.01
  data required time                                                 0.01
  --------------------------------------------------------------------------
  data required time                                                 0.01
  data arrival time                                                 -1.27
  --------------------------------------------------------------------------
  slack (MET)                                                        1.26


  Startpoint: U0_RegFile/regArr_reg[0][2]
              (rising edge-triggered flip-flop clocked by REG_CLK)
  Endpoint: U0_RegFile/regArr_reg[0][2]
            (rising edge-triggered flip-flop clocked by REG_CLK)
  Path Group: REG_CLK
  Path Type: min

  Des/Clust/Port     Wire Load Model       Library
  ------------------------------------------------
  System_Top         tsmc13_wl30           scmetro_tsmc_cl013g_rvt_ss_1p08v_125c

  Point                                                   Incr       Path
  --------------------------------------------------------------------------
  clock REG_CLK (rise edge)                               0.00       0.00
  clock network delay (ideal)                             0.00       0.00
  U0_RegFile/regArr_reg[0][2]/CK (DFFRQX2M)               0.00       0.00 r
  U0_RegFile/regArr_reg[0][2]/Q (DFFRQX2M)                0.74       0.74 f
  U0_RegFile/U594/Y (OAI2BB2X1M)                          0.52       1.27 f
  U0_RegFile/regArr_reg[0][2]/D (DFFRQX2M)                0.00       1.27 f
  data arrival time                                                  1.27

  clock REG_CLK (rise edge)                               0.00       0.00
  clock network delay (ideal)                             0.00       0.00
  clock uncertainty                                       0.10       0.10
  U0_RegFile/regArr_reg[0][2]/CK (DFFRQX2M)               0.00       0.10 r
  library hold time                                      -0.09       0.01
  data required time                                                 0.01
  --------------------------------------------------------------------------
  data required time                                                 0.01
  data arrival time                                                 -1.27
  --------------------------------------------------------------------------
  slack (MET)                                                        1.26


  Startpoint: U0_RegFile/regArr_reg[0][3]
              (rising edge-triggered flip-flop clocked by REG_CLK)
  Endpoint: U0_RegFile/regArr_reg[0][3]
            (rising edge-triggered flip-flop clocked by REG_CLK)
  Path Group: REG_CLK
  Path Type: min

  Des/Clust/Port     Wire Load Model       Library
  ------------------------------------------------
  System_Top         tsmc13_wl30           scmetro_tsmc_cl013g_rvt_ss_1p08v_125c

  Point                                                   Incr       Path
  --------------------------------------------------------------------------
  clock REG_CLK (rise edge)                               0.00       0.00
  clock network delay (ideal)                             0.00       0.00
  U0_RegFile/regArr_reg[0][3]/CK (DFFRQX2M)               0.00       0.00 r
  U0_RegFile/regArr_reg[0][3]/Q (DFFRQX2M)                0.74       0.74 f
  U0_RegFile/U593/Y (OAI2BB2X1M)                          0.52       1.27 f
  U0_RegFile/regArr_reg[0][3]/D (DFFRQX2M)                0.00       1.27 f
  data arrival time                                                  1.27

  clock REG_CLK (rise edge)                               0.00       0.00
  clock network delay (ideal)                             0.00       0.00
  clock uncertainty                                       0.10       0.10
  U0_RegFile/regArr_reg[0][3]/CK (DFFRQX2M)               0.00       0.10 r
  library hold time                                      -0.09       0.01
  data required time                                                 0.01
  --------------------------------------------------------------------------
  data required time                                                 0.01
  data arrival time                                                 -1.27
  --------------------------------------------------------------------------
  slack (MET)                                                        1.26


  Startpoint: U0_RegFile/regArr_reg[0][4]
              (rising edge-triggered flip-flop clocked by REG_CLK)
  Endpoint: U0_RegFile/regArr_reg[0][4]
            (rising edge-triggered flip-flop clocked by REG_CLK)
  Path Group: REG_CLK
  Path Type: min

  Des/Clust/Port     Wire Load Model       Library
  ------------------------------------------------
  System_Top         tsmc13_wl30           scmetro_tsmc_cl013g_rvt_ss_1p08v_125c

  Point                                                   Incr       Path
  --------------------------------------------------------------------------
  clock REG_CLK (rise edge)                               0.00       0.00
  clock network delay (ideal)                             0.00       0.00
  U0_RegFile/regArr_reg[0][4]/CK (DFFRQX2M)               0.00       0.00 r
  U0_RegFile/regArr_reg[0][4]/Q (DFFRQX2M)                0.74       0.74 f
  U0_RegFile/U592/Y (OAI2BB2X1M)                          0.52       1.27 f
  U0_RegFile/regArr_reg[0][4]/D (DFFRQX2M)                0.00       1.27 f
  data arrival time                                                  1.27

  clock REG_CLK (rise edge)                               0.00       0.00
  clock network delay (ideal)                             0.00       0.00
  clock uncertainty                                       0.10       0.10
  U0_RegFile/regArr_reg[0][4]/CK (DFFRQX2M)               0.00       0.10 r
  library hold time                                      -0.09       0.01
  data required time                                                 0.01
  --------------------------------------------------------------------------
  data required time                                                 0.01
  data arrival time                                                 -1.27
  --------------------------------------------------------------------------
  slack (MET)                                                        1.26


  Startpoint: U0_RegFile/regArr_reg[0][5]
              (rising edge-triggered flip-flop clocked by REG_CLK)
  Endpoint: U0_RegFile/regArr_reg[0][5]
            (rising edge-triggered flip-flop clocked by REG_CLK)
  Path Group: REG_CLK
  Path Type: min

  Des/Clust/Port     Wire Load Model       Library
  ------------------------------------------------
  System_Top         tsmc13_wl30           scmetro_tsmc_cl013g_rvt_ss_1p08v_125c

  Point                                                   Incr       Path
  --------------------------------------------------------------------------
  clock REG_CLK (rise edge)                               0.00       0.00
  clock network delay (ideal)                             0.00       0.00
  U0_RegFile/regArr_reg[0][5]/CK (DFFRQX2M)               0.00       0.00 r
  U0_RegFile/regArr_reg[0][5]/Q (DFFRQX2M)                0.74       0.74 f
  U0_RegFile/U591/Y (OAI2BB2X1M)                          0.52       1.27 f
  U0_RegFile/regArr_reg[0][5]/D (DFFRQX2M)                0.00       1.27 f
  data arrival time                                                  1.27

  clock REG_CLK (rise edge)                               0.00       0.00
  clock network delay (ideal)                             0.00       0.00
  clock uncertainty                                       0.10       0.10
  U0_RegFile/regArr_reg[0][5]/CK (DFFRQX2M)               0.00       0.10 r
  library hold time                                      -0.09       0.01
  data required time                                                 0.01
  --------------------------------------------------------------------------
  data required time                                                 0.01
  data arrival time                                                 -1.27
  --------------------------------------------------------------------------
  slack (MET)                                                        1.26


  Startpoint: U0_RegFile/regArr_reg[0][6]
              (rising edge-triggered flip-flop clocked by REG_CLK)
  Endpoint: U0_RegFile/regArr_reg[0][6]
            (rising edge-triggered flip-flop clocked by REG_CLK)
  Path Group: REG_CLK
  Path Type: min

  Des/Clust/Port     Wire Load Model       Library
  ------------------------------------------------
  System_Top         tsmc13_wl30           scmetro_tsmc_cl013g_rvt_ss_1p08v_125c

  Point                                                   Incr       Path
  --------------------------------------------------------------------------
  clock REG_CLK (rise edge)                               0.00       0.00
  clock network delay (ideal)                             0.00       0.00
  U0_RegFile/regArr_reg[0][6]/CK (DFFRQX2M)               0.00       0.00 r
  U0_RegFile/regArr_reg[0][6]/Q (DFFRQX2M)                0.74       0.74 f
  U0_RegFile/U589/Y (OAI2BB2X1M)                          0.52       1.27 f
  U0_RegFile/regArr_reg[0][6]/D (DFFRQX2M)                0.00       1.27 f
  data arrival time                                                  1.27

  clock REG_CLK (rise edge)                               0.00       0.00
  clock network delay (ideal)                             0.00       0.00
  clock uncertainty                                       0.10       0.10
  U0_RegFile/regArr_reg[0][6]/CK (DFFRQX2M)               0.00       0.10 r
  library hold time                                      -0.09       0.01
  data required time                                                 0.01
  --------------------------------------------------------------------------
  data required time                                                 0.01
  data arrival time                                                 -1.27
  --------------------------------------------------------------------------
  slack (MET)                                                        1.26


  Startpoint: U0_RegFile/regArr_reg[1][4]
              (rising edge-triggered flip-flop clocked by REG_CLK)
  Endpoint: U0_RegFile/regArr_reg[1][4]
            (rising edge-triggered flip-flop clocked by REG_CLK)
  Path Group: REG_CLK
  Path Type: min

  Des/Clust/Port     Wire Load Model       Library
  ------------------------------------------------
  System_Top         tsmc13_wl30           scmetro_tsmc_cl013g_rvt_ss_1p08v_125c

  Point                                                   Incr       Path
  --------------------------------------------------------------------------
  clock REG_CLK (rise edge)                               0.00       0.00
  clock network delay (ideal)                             0.00       0.00
  U0_RegFile/regArr_reg[1][4]/CK (DFFRQX2M)               0.00       0.00 r
  U0_RegFile/regArr_reg[1][4]/Q (DFFRQX2M)                0.74       0.74 f
  U0_RegFile/U590/Y (OAI2BB2X1M)                          0.52       1.27 f
  U0_RegFile/regArr_reg[1][4]/D (DFFRQX2M)                0.00       1.27 f
  data arrival time                                                  1.27

  clock REG_CLK (rise edge)                               0.00       0.00
  clock network delay (ideal)                             0.00       0.00
  clock uncertainty                                       0.10       0.10
  U0_RegFile/regArr_reg[1][4]/CK (DFFRQX2M)               0.00       0.10 r
  library hold time                                      -0.09       0.01
  data required time                                                 0.01
  --------------------------------------------------------------------------
  data required time                                                 0.01
  data arrival time                                                 -1.27
  --------------------------------------------------------------------------
  slack (MET)                                                        1.26


  Startpoint: U0_RegFile/regArr_reg[1][5]
              (rising edge-triggered flip-flop clocked by REG_CLK)
  Endpoint: U0_RegFile/regArr_reg[1][5]
            (rising edge-triggered flip-flop clocked by REG_CLK)
  Path Group: REG_CLK
  Path Type: min

  Des/Clust/Port     Wire Load Model       Library
  ------------------------------------------------
  System_Top         tsmc13_wl30           scmetro_tsmc_cl013g_rvt_ss_1p08v_125c

  Point                                                   Incr       Path
  --------------------------------------------------------------------------
  clock REG_CLK (rise edge)                               0.00       0.00
  clock network delay (ideal)                             0.00       0.00
  U0_RegFile/regArr_reg[1][5]/CK (DFFRQX2M)               0.00       0.00 r
  U0_RegFile/regArr_reg[1][5]/Q (DFFRQX2M)                0.74       0.74 f
  U0_RegFile/U588/Y (OAI2BB2X1M)                          0.52       1.27 f
  U0_RegFile/regArr_reg[1][5]/D (DFFRQX2M)                0.00       1.27 f
  data arrival time                                                  1.27

  clock REG_CLK (rise edge)                               0.00       0.00
  clock network delay (ideal)                             0.00       0.00
  clock uncertainty                                       0.10       0.10
  U0_RegFile/regArr_reg[1][5]/CK (DFFRQX2M)               0.00       0.10 r
  library hold time                                      -0.09       0.01
  data required time                                                 0.01
  --------------------------------------------------------------------------
  data required time                                                 0.01
  data arrival time                                                 -1.27
  --------------------------------------------------------------------------
  slack (MET)                                                        1.26


  Startpoint: U0_RegFile/regArr_reg[2][2]
              (rising edge-triggered flip-flop clocked by REG_CLK)
  Endpoint: U0_RegFile/regArr_reg[2][2]
            (rising edge-triggered flip-flop clocked by REG_CLK)
  Path Group: REG_CLK
  Path Type: min

  Des/Clust/Port     Wire Load Model       Library
  ------------------------------------------------
  System_Top         tsmc13_wl30           scmetro_tsmc_cl013g_rvt_ss_1p08v_125c

  Point                                                   Incr       Path
  --------------------------------------------------------------------------
  clock REG_CLK (rise edge)                               0.00       0.00
  clock network delay (ideal)                             0.00       0.00
  U0_RegFile/regArr_reg[2][2]/CK (DFFSQX2M)               0.00       0.00 r
  U0_RegFile/regArr_reg[2][2]/Q (DFFSQX2M)                0.72       0.72 f
  U0_RegFile/U647/Y (OAI2BB2X1M)                          0.53       1.25 f
  U0_RegFile/regArr_reg[2][2]/D (DFFSQX2M)                0.00       1.25 f
  data arrival time                                                  1.25

  clock REG_CLK (rise edge)                               0.00       0.00
  clock network delay (ideal)                             0.00       0.00
  clock uncertainty                                       0.10       0.10
  U0_RegFile/regArr_reg[2][2]/CK (DFFSQX2M)               0.00       0.10 r
  library hold time                                      -0.17      -0.07
  data required time                                                -0.07
  --------------------------------------------------------------------------
  data required time                                                -0.07
  data arrival time                                                 -1.25
  --------------------------------------------------------------------------
  slack (MET)                                                        1.32


  Startpoint: U0_RegFile/regArr_reg[1][3]
              (rising edge-triggered flip-flop clocked by REG_CLK)
  Endpoint: U0_RegFile/regArr_reg[1][3]
            (rising edge-triggered flip-flop clocked by REG_CLK)
  Path Group: REG_CLK
  Path Type: min

  Des/Clust/Port     Wire Load Model       Library
  ------------------------------------------------
  System_Top         tsmc13_wl30           scmetro_tsmc_cl013g_rvt_ss_1p08v_125c

  Point                                                   Incr       Path
  --------------------------------------------------------------------------
  clock REG_CLK (rise edge)                               0.00       0.00
  clock network delay (ideal)                             0.00       0.00
  U0_RegFile/regArr_reg[1][3]/CK (DFFSQX2M)               0.00       0.00 r
  U0_RegFile/regArr_reg[1][3]/Q (DFFSQX2M)                0.73       0.73 f
  U0_RegFile/U645/Y (OAI2BB2X1M)                          0.53       1.25 f
  U0_RegFile/regArr_reg[1][3]/D (DFFSQX2M)                0.00       1.25 f
  data arrival time                                                  1.25

  clock REG_CLK (rise edge)                               0.00       0.00
  clock network delay (ideal)                             0.00       0.00
  clock uncertainty                                       0.10       0.10
  U0_RegFile/regArr_reg[1][3]/CK (DFFSQX2M)               0.00       0.10 r
  library hold time                                      -0.17      -0.07
  data required time                                                -0.07
  --------------------------------------------------------------------------
  data required time                                                -0.07
  data arrival time                                                 -1.25
  --------------------------------------------------------------------------
  slack (MET)                                                        1.32


  Startpoint: U0_RegFile/regArr_reg[0][1]
              (rising edge-triggered flip-flop clocked by REG_CLK)
  Endpoint: U0_RegFile/regArr_reg[0][1]
            (rising edge-triggered flip-flop clocked by REG_CLK)
  Path Group: REG_CLK
  Path Type: min

  Des/Clust/Port     Wire Load Model       Library
  ------------------------------------------------
  System_Top         tsmc13_wl30           scmetro_tsmc_cl013g_rvt_ss_1p08v_125c

  Point                                                   Incr       Path
  --------------------------------------------------------------------------
  clock REG_CLK (rise edge)                               0.00       0.00
  clock network delay (ideal)                             0.00       0.00
  U0_RegFile/regArr_reg[0][1]/CK (DFFSQX2M)               0.00       0.00 r
  U0_RegFile/regArr_reg[0][1]/Q (DFFSQX2M)                0.73       0.73 f
  U0_RegFile/U646/Y (OAI2BB2X1M)                          0.53       1.26 f
  U0_RegFile/regArr_reg[0][1]/D (DFFSQX2M)                0.00       1.26 f
  data arrival time                                                  1.26

  clock REG_CLK (rise edge)                               0.00       0.00
  clock network delay (ideal)                             0.00       0.00
  clock uncertainty                                       0.10       0.10
  U0_RegFile/regArr_reg[0][1]/CK (DFFSQX2M)               0.00       0.10 r
  library hold time                                      -0.17      -0.07
  data required time                                                -0.07
  --------------------------------------------------------------------------
  data required time                                                -0.07
  data arrival time                                                 -1.26
  --------------------------------------------------------------------------
  slack (MET)                                                        1.33


  Startpoint: U0_RegFile/regArr_reg[3][7]
              (rising edge-triggered flip-flop clocked by REG_CLK)
  Endpoint: U0_RegFile/regArr_reg[3][7]
            (rising edge-triggered flip-flop clocked by REG_CLK)
  Path Group: REG_CLK
  Path Type: min

  Des/Clust/Port     Wire Load Model       Library
  ------------------------------------------------
  System_Top         tsmc13_wl30           scmetro_tsmc_cl013g_rvt_ss_1p08v_125c

  Point                                                   Incr       Path
  --------------------------------------------------------------------------
  clock REG_CLK (rise edge)                               0.00       0.00
  clock network delay (ideal)                             0.00       0.00
  U0_RegFile/regArr_reg[3][7]/CK (DFFRQX1M)               0.00       0.00 r
  U0_RegFile/regArr_reg[3][7]/Q (DFFRQX1M)                0.81       0.81 f
  U0_RegFile/U644/Y (OAI2BB2X1M)                          0.55       1.36 f
  U0_RegFile/regArr_reg[3][7]/D (DFFRQX1M)                0.00       1.36 f
  data arrival time                                                  1.36

  clock REG_CLK (rise edge)                               0.00       0.00
  clock network delay (ideal)                             0.00       0.00
  clock uncertainty                                       0.10       0.10
  U0_RegFile/regArr_reg[3][7]/CK (DFFRQX1M)               0.00       0.10 r
  library hold time                                      -0.07       0.03
  data required time                                                 0.03
  --------------------------------------------------------------------------
  data required time                                                 0.03
  data arrival time                                                 -1.36
  --------------------------------------------------------------------------
  slack (MET)                                                        1.34


  Startpoint: U0_RegFile/regArr_reg[3][6]
              (rising edge-triggered flip-flop clocked by REG_CLK)
  Endpoint: U0_RegFile/regArr_reg[3][6]
            (rising edge-triggered flip-flop clocked by REG_CLK)
  Path Group: REG_CLK
  Path Type: min

  Des/Clust/Port     Wire Load Model       Library
  ------------------------------------------------
  System_Top         tsmc13_wl30           scmetro_tsmc_cl013g_rvt_ss_1p08v_125c

  Point                                                   Incr       Path
  --------------------------------------------------------------------------
  clock REG_CLK (rise edge)                               0.00       0.00
  clock network delay (ideal)                             0.00       0.00
  U0_RegFile/regArr_reg[3][6]/CK (DFFRQX1M)               0.00       0.00 r
  U0_RegFile/regArr_reg[3][6]/Q (DFFRQX1M)                0.81       0.81 f
  U0_RegFile/U636/Y (OAI2BB2X1M)                          0.55       1.36 f
  U0_RegFile/regArr_reg[3][6]/D (DFFRQX1M)                0.00       1.36 f
  data arrival time                                                  1.36

  clock REG_CLK (rise edge)                               0.00       0.00
  clock network delay (ideal)                             0.00       0.00
  clock uncertainty                                       0.10       0.10
  U0_RegFile/regArr_reg[3][6]/CK (DFFRQX1M)               0.00       0.10 r
  library hold time                                      -0.07       0.03
  data required time                                                 0.03
  --------------------------------------------------------------------------
  data required time                                                 0.03
  data arrival time                                                 -1.36
  --------------------------------------------------------------------------
  slack (MET)                                                        1.34


  Startpoint: U0_RegFile/regArr_reg[3][5]
              (rising edge-triggered flip-flop clocked by REG_CLK)
  Endpoint: U0_RegFile/regArr_reg[3][5]
            (rising edge-triggered flip-flop clocked by REG_CLK)
  Path Group: REG_CLK
  Path Type: min

  Des/Clust/Port     Wire Load Model       Library
  ------------------------------------------------
  System_Top         tsmc13_wl30           scmetro_tsmc_cl013g_rvt_ss_1p08v_125c

  Point                                                   Incr       Path
  --------------------------------------------------------------------------
  clock REG_CLK (rise edge)                               0.00       0.00
  clock network delay (ideal)                             0.00       0.00
  U0_RegFile/regArr_reg[3][5]/CK (DFFRQX1M)               0.00       0.00 r
  U0_RegFile/regArr_reg[3][5]/Q (DFFRQX1M)                0.81       0.81 f
  U0_RegFile/U635/Y (OAI2BB2X1M)                          0.55       1.36 f
  U0_RegFile/regArr_reg[3][5]/D (DFFRQX1M)                0.00       1.36 f
  data arrival time                                                  1.36

  clock REG_CLK (rise edge)                               0.00       0.00
  clock network delay (ideal)                             0.00       0.00
  clock uncertainty                                       0.10       0.10
  U0_RegFile/regArr_reg[3][5]/CK (DFFRQX1M)               0.00       0.10 r
  library hold time                                      -0.07       0.03
  data required time                                                 0.03
  --------------------------------------------------------------------------
  data required time                                                 0.03
  data arrival time                                                 -1.36
  --------------------------------------------------------------------------
  slack (MET)                                                        1.34


  Startpoint: U0_RegFile/regArr_reg[3][4]
              (rising edge-triggered flip-flop clocked by REG_CLK)
  Endpoint: U0_RegFile/regArr_reg[3][4]
            (rising edge-triggered flip-flop clocked by REG_CLK)
  Path Group: REG_CLK
  Path Type: min

  Des/Clust/Port     Wire Load Model       Library
  ------------------------------------------------
  System_Top         tsmc13_wl30           scmetro_tsmc_cl013g_rvt_ss_1p08v_125c

  Point                                                   Incr       Path
  --------------------------------------------------------------------------
  clock REG_CLK (rise edge)                               0.00       0.00
  clock network delay (ideal)                             0.00       0.00
  U0_RegFile/regArr_reg[3][4]/CK (DFFRQX1M)               0.00       0.00 r
  U0_RegFile/regArr_reg[3][4]/Q (DFFRQX1M)                0.81       0.81 f
  U0_RegFile/U634/Y (OAI2BB2X1M)                          0.55       1.36 f
  U0_RegFile/regArr_reg[3][4]/D (DFFRQX1M)                0.00       1.36 f
  data arrival time                                                  1.36

  clock REG_CLK (rise edge)                               0.00       0.00
  clock network delay (ideal)                             0.00       0.00
  clock uncertainty                                       0.10       0.10
  U0_RegFile/regArr_reg[3][4]/CK (DFFRQX1M)               0.00       0.10 r
  library hold time                                      -0.07       0.03
  data required time                                                 0.03
  --------------------------------------------------------------------------
  data required time                                                 0.03
  data arrival time                                                 -1.36
  --------------------------------------------------------------------------
  slack (MET)                                                        1.34


  Startpoint: U0_RegFile/regArr_reg[3][3]
              (rising edge-triggered flip-flop clocked by REG_CLK)
  Endpoint: U0_RegFile/regArr_reg[3][3]
            (rising edge-triggered flip-flop clocked by REG_CLK)
  Path Group: REG_CLK
  Path Type: min

  Des/Clust/Port     Wire Load Model       Library
  ------------------------------------------------
  System_Top         tsmc13_wl30           scmetro_tsmc_cl013g_rvt_ss_1p08v_125c

  Point                                                   Incr       Path
  --------------------------------------------------------------------------
  clock REG_CLK (rise edge)                               0.00       0.00
  clock network delay (ideal)                             0.00       0.00
  U0_RegFile/regArr_reg[3][3]/CK (DFFRQX1M)               0.00       0.00 r
  U0_RegFile/regArr_reg[3][3]/Q (DFFRQX1M)                0.81       0.81 f
  U0_RegFile/U633/Y (OAI2BB2X1M)                          0.55       1.36 f
  U0_RegFile/regArr_reg[3][3]/D (DFFRQX1M)                0.00       1.36 f
  data arrival time                                                  1.36

  clock REG_CLK (rise edge)                               0.00       0.00
  clock network delay (ideal)                             0.00       0.00
  clock uncertainty                                       0.10       0.10
  U0_RegFile/regArr_reg[3][3]/CK (DFFRQX1M)               0.00       0.10 r
  library hold time                                      -0.07       0.03
  data required time                                                 0.03
  --------------------------------------------------------------------------
  data required time                                                 0.03
  data arrival time                                                 -1.36
  --------------------------------------------------------------------------
  slack (MET)                                                        1.34


  Startpoint: U0_RegFile/regArr_reg[3][2]
              (rising edge-triggered flip-flop clocked by REG_CLK)
  Endpoint: U0_RegFile/regArr_reg[3][2]
            (rising edge-triggered flip-flop clocked by REG_CLK)
  Path Group: REG_CLK
  Path Type: min

  Des/Clust/Port     Wire Load Model       Library
  ------------------------------------------------
  System_Top         tsmc13_wl30           scmetro_tsmc_cl013g_rvt_ss_1p08v_125c

  Point                                                   Incr       Path
  --------------------------------------------------------------------------
  clock REG_CLK (rise edge)                               0.00       0.00
  clock network delay (ideal)                             0.00       0.00
  U0_RegFile/regArr_reg[3][2]/CK (DFFRQX1M)               0.00       0.00 r
  U0_RegFile/regArr_reg[3][2]/Q (DFFRQX1M)                0.81       0.81 f
  U0_RegFile/U632/Y (OAI2BB2X1M)                          0.55       1.36 f
  U0_RegFile/regArr_reg[3][2]/D (DFFRQX1M)                0.00       1.36 f
  data arrival time                                                  1.36

  clock REG_CLK (rise edge)                               0.00       0.00
  clock network delay (ideal)                             0.00       0.00
  clock uncertainty                                       0.10       0.10
  U0_RegFile/regArr_reg[3][2]/CK (DFFRQX1M)               0.00       0.10 r
  library hold time                                      -0.07       0.03
  data required time                                                 0.03
  --------------------------------------------------------------------------
  data required time                                                 0.03
  data arrival time                                                 -1.36
  --------------------------------------------------------------------------
  slack (MET)                                                        1.34


  Startpoint: U0_RegFile/regArr_reg[3][1]
              (rising edge-triggered flip-flop clocked by REG_CLK)
  Endpoint: U0_RegFile/regArr_reg[3][1]
            (rising edge-triggered flip-flop clocked by REG_CLK)
  Path Group: REG_CLK
  Path Type: min

  Des/Clust/Port     Wire Load Model       Library
  ------------------------------------------------
  System_Top         tsmc13_wl30           scmetro_tsmc_cl013g_rvt_ss_1p08v_125c

  Point                                                   Incr       Path
  --------------------------------------------------------------------------
  clock REG_CLK (rise edge)                               0.00       0.00
  clock network delay (ideal)                             0.00       0.00
  U0_RegFile/regArr_reg[3][1]/CK (DFFRQX1M)               0.00       0.00 r
  U0_RegFile/regArr_reg[3][1]/Q (DFFRQX1M)                0.81       0.81 f
  U0_RegFile/U631/Y (OAI2BB2X1M)                          0.55       1.36 f
  U0_RegFile/regArr_reg[3][1]/D (DFFRQX1M)                0.00       1.36 f
  data arrival time                                                  1.36

  clock REG_CLK (rise edge)                               0.00       0.00
  clock network delay (ideal)                             0.00       0.00
  clock uncertainty                                       0.10       0.10
  U0_RegFile/regArr_reg[3][1]/CK (DFFRQX1M)               0.00       0.10 r
  library hold time                                      -0.07       0.03
  data required time                                                 0.03
  --------------------------------------------------------------------------
  data required time                                                 0.03
  data arrival time                                                 -1.36
  --------------------------------------------------------------------------
  slack (MET)                                                        1.34


  Startpoint: U0_RegFile/regArr_reg[3][0]
              (rising edge-triggered flip-flop clocked by REG_CLK)
  Endpoint: U0_RegFile/regArr_reg[3][0]
            (rising edge-triggered flip-flop clocked by REG_CLK)
  Path Group: REG_CLK
  Path Type: min

  Des/Clust/Port     Wire Load Model       Library
  ------------------------------------------------
  System_Top         tsmc13_wl30           scmetro_tsmc_cl013g_rvt_ss_1p08v_125c

  Point                                                   Incr       Path
  --------------------------------------------------------------------------
  clock REG_CLK (rise edge)                               0.00       0.00
  clock network delay (ideal)                             0.00       0.00
  U0_RegFile/regArr_reg[3][0]/CK (DFFRQX1M)               0.00       0.00 r
  U0_RegFile/regArr_reg[3][0]/Q (DFFRQX1M)                0.81       0.81 f
  U0_RegFile/U630/Y (OAI2BB2X1M)                          0.55       1.36 f
  U0_RegFile/regArr_reg[3][0]/D (DFFRQX1M)                0.00       1.36 f
  data arrival time                                                  1.36

  clock REG_CLK (rise edge)                               0.00       0.00
  clock network delay (ideal)                             0.00       0.00
  clock uncertainty                                       0.10       0.10
  U0_RegFile/regArr_reg[3][0]/CK (DFFRQX1M)               0.00       0.10 r
  library hold time                                      -0.07       0.03
  data required time                                                 0.03
  --------------------------------------------------------------------------
  data required time                                                 0.03
  data arrival time                                                 -1.36
  --------------------------------------------------------------------------
  slack (MET)                                                        1.34


  Startpoint: U0_RegFile/regArr_reg[9][7]
              (rising edge-triggered flip-flop clocked by REG_CLK)
  Endpoint: U0_RegFile/regArr_reg[9][7]
            (rising edge-triggered flip-flop clocked by REG_CLK)
  Path Group: REG_CLK
  Path Type: min

  Des/Clust/Port     Wire Load Model       Library
  ------------------------------------------------
  System_Top         tsmc13_wl30           scmetro_tsmc_cl013g_rvt_ss_1p08v_125c

  Point                                                   Incr       Path
  --------------------------------------------------------------------------
  clock REG_CLK (rise edge)                               0.00       0.00
  clock network delay (ideal)                             0.00       0.00
  U0_RegFile/regArr_reg[9][7]/CK (DFFRQX1M)               0.00       0.00 r
  U0_RegFile/regArr_reg[9][7]/Q (DFFRQX1M)                0.82       0.82 f
  U0_RegFile/U643/Y (OAI2BB2X1M)                          0.55       1.37 f
  U0_RegFile/regArr_reg[9][7]/D (DFFRQX1M)                0.00       1.37 f
  data arrival time                                                  1.37

  clock REG_CLK (rise edge)                               0.00       0.00
  clock network delay (ideal)                             0.00       0.00
  clock uncertainty                                       0.10       0.10
  U0_RegFile/regArr_reg[9][7]/CK (DFFRQX1M)               0.00       0.10 r
  library hold time                                      -0.07       0.03
  data required time                                                 0.03
  --------------------------------------------------------------------------
  data required time                                                 0.03
  data arrival time                                                 -1.37
  --------------------------------------------------------------------------
  slack (MET)                                                        1.34


  Startpoint: U0_RegFile/regArr_reg[9][6]
              (rising edge-triggered flip-flop clocked by REG_CLK)
  Endpoint: U0_RegFile/regArr_reg[9][6]
            (rising edge-triggered flip-flop clocked by REG_CLK)
  Path Group: REG_CLK
  Path Type: min

  Des/Clust/Port     Wire Load Model       Library
  ------------------------------------------------
  System_Top         tsmc13_wl30           scmetro_tsmc_cl013g_rvt_ss_1p08v_125c

  Point                                                   Incr       Path
  --------------------------------------------------------------------------
  clock REG_CLK (rise edge)                               0.00       0.00
  clock network delay (ideal)                             0.00       0.00
  U0_RegFile/regArr_reg[9][6]/CK (DFFRQX1M)               0.00       0.00 r
  U0_RegFile/regArr_reg[9][6]/Q (DFFRQX1M)                0.82       0.82 f
  U0_RegFile/U629/Y (OAI2BB2X1M)                          0.55       1.37 f
  U0_RegFile/regArr_reg[9][6]/D (DFFRQX1M)                0.00       1.37 f
  data arrival time                                                  1.37

  clock REG_CLK (rise edge)                               0.00       0.00
  clock network delay (ideal)                             0.00       0.00
  clock uncertainty                                       0.10       0.10
  U0_RegFile/regArr_reg[9][6]/CK (DFFRQX1M)               0.00       0.10 r
  library hold time                                      -0.07       0.03
  data required time                                                 0.03
  --------------------------------------------------------------------------
  data required time                                                 0.03
  data arrival time                                                 -1.37
  --------------------------------------------------------------------------
  slack (MET)                                                        1.34


  Startpoint: U0_RegFile/regArr_reg[9][5]
              (rising edge-triggered flip-flop clocked by REG_CLK)
  Endpoint: U0_RegFile/regArr_reg[9][5]
            (rising edge-triggered flip-flop clocked by REG_CLK)
  Path Group: REG_CLK
  Path Type: min

  Des/Clust/Port     Wire Load Model       Library
  ------------------------------------------------
  System_Top         tsmc13_wl30           scmetro_tsmc_cl013g_rvt_ss_1p08v_125c

  Point                                                   Incr       Path
  --------------------------------------------------------------------------
  clock REG_CLK (rise edge)                               0.00       0.00
  clock network delay (ideal)                             0.00       0.00
  U0_RegFile/regArr_reg[9][5]/CK (DFFRQX1M)               0.00       0.00 r
  U0_RegFile/regArr_reg[9][5]/Q (DFFRQX1M)                0.82       0.82 f
  U0_RegFile/U628/Y (OAI2BB2X1M)                          0.55       1.37 f
  U0_RegFile/regArr_reg[9][5]/D (DFFRQX1M)                0.00       1.37 f
  data arrival time                                                  1.37

  clock REG_CLK (rise edge)                               0.00       0.00
  clock network delay (ideal)                             0.00       0.00
  clock uncertainty                                       0.10       0.10
  U0_RegFile/regArr_reg[9][5]/CK (DFFRQX1M)               0.00       0.10 r
  library hold time                                      -0.07       0.03
  data required time                                                 0.03
  --------------------------------------------------------------------------
  data required time                                                 0.03
  data arrival time                                                 -1.37
  --------------------------------------------------------------------------
  slack (MET)                                                        1.34


  Startpoint: U0_RegFile/regArr_reg[9][4]
              (rising edge-triggered flip-flop clocked by REG_CLK)
  Endpoint: U0_RegFile/regArr_reg[9][4]
            (rising edge-triggered flip-flop clocked by REG_CLK)
  Path Group: REG_CLK
  Path Type: min

  Des/Clust/Port     Wire Load Model       Library
  ------------------------------------------------
  System_Top         tsmc13_wl30           scmetro_tsmc_cl013g_rvt_ss_1p08v_125c

  Point                                                   Incr       Path
  --------------------------------------------------------------------------
  clock REG_CLK (rise edge)                               0.00       0.00
  clock network delay (ideal)                             0.00       0.00
  U0_RegFile/regArr_reg[9][4]/CK (DFFRQX1M)               0.00       0.00 r
  U0_RegFile/regArr_reg[9][4]/Q (DFFRQX1M)                0.82       0.82 f
  U0_RegFile/U627/Y (OAI2BB2X1M)                          0.55       1.37 f
  U0_RegFile/regArr_reg[9][4]/D (DFFRQX1M)                0.00       1.37 f
  data arrival time                                                  1.37

  clock REG_CLK (rise edge)                               0.00       0.00
  clock network delay (ideal)                             0.00       0.00
  clock uncertainty                                       0.10       0.10
  U0_RegFile/regArr_reg[9][4]/CK (DFFRQX1M)               0.00       0.10 r
  library hold time                                      -0.07       0.03
  data required time                                                 0.03
  --------------------------------------------------------------------------
  data required time                                                 0.03
  data arrival time                                                 -1.37
  --------------------------------------------------------------------------
  slack (MET)                                                        1.34


  Startpoint: U0_RegFile/regArr_reg[9][3]
              (rising edge-triggered flip-flop clocked by REG_CLK)
  Endpoint: U0_RegFile/regArr_reg[9][3]
            (rising edge-triggered flip-flop clocked by REG_CLK)
  Path Group: REG_CLK
  Path Type: min

  Des/Clust/Port     Wire Load Model       Library
  ------------------------------------------------
  System_Top         tsmc13_wl30           scmetro_tsmc_cl013g_rvt_ss_1p08v_125c

  Point                                                   Incr       Path
  --------------------------------------------------------------------------
  clock REG_CLK (rise edge)                               0.00       0.00
  clock network delay (ideal)                             0.00       0.00
  U0_RegFile/regArr_reg[9][3]/CK (DFFRQX1M)               0.00       0.00 r
  U0_RegFile/regArr_reg[9][3]/Q (DFFRQX1M)                0.82       0.82 f
  U0_RegFile/U626/Y (OAI2BB2X1M)                          0.55       1.37 f
  U0_RegFile/regArr_reg[9][3]/D (DFFRQX1M)                0.00       1.37 f
  data arrival time                                                  1.37

  clock REG_CLK (rise edge)                               0.00       0.00
  clock network delay (ideal)                             0.00       0.00
  clock uncertainty                                       0.10       0.10
  U0_RegFile/regArr_reg[9][3]/CK (DFFRQX1M)               0.00       0.10 r
  library hold time                                      -0.07       0.03
  data required time                                                 0.03
  --------------------------------------------------------------------------
  data required time                                                 0.03
  data arrival time                                                 -1.37
  --------------------------------------------------------------------------
  slack (MET)                                                        1.34


  Startpoint: U0_RegFile/regArr_reg[9][2]
              (rising edge-triggered flip-flop clocked by REG_CLK)
  Endpoint: U0_RegFile/regArr_reg[9][2]
            (rising edge-triggered flip-flop clocked by REG_CLK)
  Path Group: REG_CLK
  Path Type: min

  Des/Clust/Port     Wire Load Model       Library
  ------------------------------------------------
  System_Top         tsmc13_wl30           scmetro_tsmc_cl013g_rvt_ss_1p08v_125c

  Point                                                   Incr       Path
  --------------------------------------------------------------------------
  clock REG_CLK (rise edge)                               0.00       0.00
  clock network delay (ideal)                             0.00       0.00
  U0_RegFile/regArr_reg[9][2]/CK (DFFRQX1M)               0.00       0.00 r
  U0_RegFile/regArr_reg[9][2]/Q (DFFRQX1M)                0.82       0.82 f
  U0_RegFile/U625/Y (OAI2BB2X1M)                          0.55       1.37 f
  U0_RegFile/regArr_reg[9][2]/D (DFFRQX1M)                0.00       1.37 f
  data arrival time                                                  1.37

  clock REG_CLK (rise edge)                               0.00       0.00
  clock network delay (ideal)                             0.00       0.00
  clock uncertainty                                       0.10       0.10
  U0_RegFile/regArr_reg[9][2]/CK (DFFRQX1M)               0.00       0.10 r
  library hold time                                      -0.07       0.03
  data required time                                                 0.03
  --------------------------------------------------------------------------
  data required time                                                 0.03
  data arrival time                                                 -1.37
  --------------------------------------------------------------------------
  slack (MET)                                                        1.34


  Startpoint: U0_RegFile/regArr_reg[9][1]
              (rising edge-triggered flip-flop clocked by REG_CLK)
  Endpoint: U0_RegFile/regArr_reg[9][1]
            (rising edge-triggered flip-flop clocked by REG_CLK)
  Path Group: REG_CLK
  Path Type: min

  Des/Clust/Port     Wire Load Model       Library
  ------------------------------------------------
  System_Top         tsmc13_wl30           scmetro_tsmc_cl013g_rvt_ss_1p08v_125c

  Point                                                   Incr       Path
  --------------------------------------------------------------------------
  clock REG_CLK (rise edge)                               0.00       0.00
  clock network delay (ideal)                             0.00       0.00
  U0_RegFile/regArr_reg[9][1]/CK (DFFRQX1M)               0.00       0.00 r
  U0_RegFile/regArr_reg[9][1]/Q (DFFRQX1M)                0.82       0.82 f
  U0_RegFile/U624/Y (OAI2BB2X1M)                          0.55       1.37 f
  U0_RegFile/regArr_reg[9][1]/D (DFFRQX1M)                0.00       1.37 f
  data arrival time                                                  1.37

  clock REG_CLK (rise edge)                               0.00       0.00
  clock network delay (ideal)                             0.00       0.00
  clock uncertainty                                       0.10       0.10
  U0_RegFile/regArr_reg[9][1]/CK (DFFRQX1M)               0.00       0.10 r
  library hold time                                      -0.07       0.03
  data required time                                                 0.03
  --------------------------------------------------------------------------
  data required time                                                 0.03
  data arrival time                                                 -1.37
  --------------------------------------------------------------------------
  slack (MET)                                                        1.34


  Startpoint: U0_RegFile/regArr_reg[9][0]
              (rising edge-triggered flip-flop clocked by REG_CLK)
  Endpoint: U0_RegFile/regArr_reg[9][0]
            (rising edge-triggered flip-flop clocked by REG_CLK)
  Path Group: REG_CLK
  Path Type: min

  Des/Clust/Port     Wire Load Model       Library
  ------------------------------------------------
  System_Top         tsmc13_wl30           scmetro_tsmc_cl013g_rvt_ss_1p08v_125c

  Point                                                   Incr       Path
  --------------------------------------------------------------------------
  clock REG_CLK (rise edge)                               0.00       0.00
  clock network delay (ideal)                             0.00       0.00
  U0_RegFile/regArr_reg[9][0]/CK (DFFRQX1M)               0.00       0.00 r
  U0_RegFile/regArr_reg[9][0]/Q (DFFRQX1M)                0.82       0.82 f
  U0_RegFile/U623/Y (OAI2BB2X1M)                          0.55       1.37 f
  U0_RegFile/regArr_reg[9][0]/D (DFFRQX1M)                0.00       1.37 f
  data arrival time                                                  1.37

  clock REG_CLK (rise edge)                               0.00       0.00
  clock network delay (ideal)                             0.00       0.00
  clock uncertainty                                       0.10       0.10
  U0_RegFile/regArr_reg[9][0]/CK (DFFRQX1M)               0.00       0.10 r
  library hold time                                      -0.07       0.03
  data required time                                                 0.03
  --------------------------------------------------------------------------
  data required time                                                 0.03
  data arrival time                                                 -1.37
  --------------------------------------------------------------------------
  slack (MET)                                                        1.34


  Startpoint: U0_RegFile/regArr_reg[8][7]
              (rising edge-triggered flip-flop clocked by REG_CLK)
  Endpoint: U0_RegFile/regArr_reg[8][7]
            (rising edge-triggered flip-flop clocked by REG_CLK)
  Path Group: REG_CLK
  Path Type: min

  Des/Clust/Port     Wire Load Model       Library
  ------------------------------------------------
  System_Top         tsmc13_wl30           scmetro_tsmc_cl013g_rvt_ss_1p08v_125c

  Point                                                   Incr       Path
  --------------------------------------------------------------------------
  clock REG_CLK (rise edge)                               0.00       0.00
  clock network delay (ideal)                             0.00       0.00
  U0_RegFile/regArr_reg[8][7]/CK (DFFRQX1M)               0.00       0.00 r
  U0_RegFile/regArr_reg[8][7]/Q (DFFRQX1M)                0.82       0.82 f
  U0_RegFile/U642/Y (OAI2BB2X1M)                          0.55       1.37 f
  U0_RegFile/regArr_reg[8][7]/D (DFFRQX1M)                0.00       1.37 f
  data arrival time                                                  1.37

  clock REG_CLK (rise edge)                               0.00       0.00
  clock network delay (ideal)                             0.00       0.00
  clock uncertainty                                       0.10       0.10
  U0_RegFile/regArr_reg[8][7]/CK (DFFRQX1M)               0.00       0.10 r
  library hold time                                      -0.07       0.03
  data required time                                                 0.03
  --------------------------------------------------------------------------
  data required time                                                 0.03
  data arrival time                                                 -1.37
  --------------------------------------------------------------------------
  slack (MET)                                                        1.34


  Startpoint: U0_RegFile/regArr_reg[8][6]
              (rising edge-triggered flip-flop clocked by REG_CLK)
  Endpoint: U0_RegFile/regArr_reg[8][6]
            (rising edge-triggered flip-flop clocked by REG_CLK)
  Path Group: REG_CLK
  Path Type: min

  Des/Clust/Port     Wire Load Model       Library
  ------------------------------------------------
  System_Top         tsmc13_wl30           scmetro_tsmc_cl013g_rvt_ss_1p08v_125c

  Point                                                   Incr       Path
  --------------------------------------------------------------------------
  clock REG_CLK (rise edge)                               0.00       0.00
  clock network delay (ideal)                             0.00       0.00
  U0_RegFile/regArr_reg[8][6]/CK (DFFRQX1M)               0.00       0.00 r
  U0_RegFile/regArr_reg[8][6]/Q (DFFRQX1M)                0.82       0.82 f
  U0_RegFile/U622/Y (OAI2BB2X1M)                          0.55       1.37 f
  U0_RegFile/regArr_reg[8][6]/D (DFFRQX1M)                0.00       1.37 f
  data arrival time                                                  1.37

  clock REG_CLK (rise edge)                               0.00       0.00
  clock network delay (ideal)                             0.00       0.00
  clock uncertainty                                       0.10       0.10
  U0_RegFile/regArr_reg[8][6]/CK (DFFRQX1M)               0.00       0.10 r
  library hold time                                      -0.07       0.03
  data required time                                                 0.03
  --------------------------------------------------------------------------
  data required time                                                 0.03
  data arrival time                                                 -1.37
  --------------------------------------------------------------------------
  slack (MET)                                                        1.34


  Startpoint: U0_RegFile/regArr_reg[8][5]
              (rising edge-triggered flip-flop clocked by REG_CLK)
  Endpoint: U0_RegFile/regArr_reg[8][5]
            (rising edge-triggered flip-flop clocked by REG_CLK)
  Path Group: REG_CLK
  Path Type: min

  Des/Clust/Port     Wire Load Model       Library
  ------------------------------------------------
  System_Top         tsmc13_wl30           scmetro_tsmc_cl013g_rvt_ss_1p08v_125c

  Point                                                   Incr       Path
  --------------------------------------------------------------------------
  clock REG_CLK (rise edge)                               0.00       0.00
  clock network delay (ideal)                             0.00       0.00
  U0_RegFile/regArr_reg[8][5]/CK (DFFRQX1M)               0.00       0.00 r
  U0_RegFile/regArr_reg[8][5]/Q (DFFRQX1M)                0.82       0.82 f
  U0_RegFile/U621/Y (OAI2BB2X1M)                          0.55       1.37 f
  U0_RegFile/regArr_reg[8][5]/D (DFFRQX1M)                0.00       1.37 f
  data arrival time                                                  1.37

  clock REG_CLK (rise edge)                               0.00       0.00
  clock network delay (ideal)                             0.00       0.00
  clock uncertainty                                       0.10       0.10
  U0_RegFile/regArr_reg[8][5]/CK (DFFRQX1M)               0.00       0.10 r
  library hold time                                      -0.07       0.03
  data required time                                                 0.03
  --------------------------------------------------------------------------
  data required time                                                 0.03
  data arrival time                                                 -1.37
  --------------------------------------------------------------------------
  slack (MET)                                                        1.34


  Startpoint: U0_RegFile/regArr_reg[8][4]
              (rising edge-triggered flip-flop clocked by REG_CLK)
  Endpoint: U0_RegFile/regArr_reg[8][4]
            (rising edge-triggered flip-flop clocked by REG_CLK)
  Path Group: REG_CLK
  Path Type: min

  Des/Clust/Port     Wire Load Model       Library
  ------------------------------------------------
  System_Top         tsmc13_wl30           scmetro_tsmc_cl013g_rvt_ss_1p08v_125c

  Point                                                   Incr       Path
  --------------------------------------------------------------------------
  clock REG_CLK (rise edge)                               0.00       0.00
  clock network delay (ideal)                             0.00       0.00
  U0_RegFile/regArr_reg[8][4]/CK (DFFRQX1M)               0.00       0.00 r
  U0_RegFile/regArr_reg[8][4]/Q (DFFRQX1M)                0.82       0.82 f
  U0_RegFile/U620/Y (OAI2BB2X1M)                          0.55       1.37 f
  U0_RegFile/regArr_reg[8][4]/D (DFFRQX1M)                0.00       1.37 f
  data arrival time                                                  1.37

  clock REG_CLK (rise edge)                               0.00       0.00
  clock network delay (ideal)                             0.00       0.00
  clock uncertainty                                       0.10       0.10
  U0_RegFile/regArr_reg[8][4]/CK (DFFRQX1M)               0.00       0.10 r
  library hold time                                      -0.07       0.03
  data required time                                                 0.03
  --------------------------------------------------------------------------
  data required time                                                 0.03
  data arrival time                                                 -1.37
  --------------------------------------------------------------------------
  slack (MET)                                                        1.34


  Startpoint: U0_RegFile/regArr_reg[8][3]
              (rising edge-triggered flip-flop clocked by REG_CLK)
  Endpoint: U0_RegFile/regArr_reg[8][3]
            (rising edge-triggered flip-flop clocked by REG_CLK)
  Path Group: REG_CLK
  Path Type: min

  Des/Clust/Port     Wire Load Model       Library
  ------------------------------------------------
  System_Top         tsmc13_wl30           scmetro_tsmc_cl013g_rvt_ss_1p08v_125c

  Point                                                   Incr       Path
  --------------------------------------------------------------------------
  clock REG_CLK (rise edge)                               0.00       0.00
  clock network delay (ideal)                             0.00       0.00
  U0_RegFile/regArr_reg[8][3]/CK (DFFRQX1M)               0.00       0.00 r
  U0_RegFile/regArr_reg[8][3]/Q (DFFRQX1M)                0.82       0.82 f
  U0_RegFile/U619/Y (OAI2BB2X1M)                          0.55       1.37 f
  U0_RegFile/regArr_reg[8][3]/D (DFFRQX1M)                0.00       1.37 f
  data arrival time                                                  1.37

  clock REG_CLK (rise edge)                               0.00       0.00
  clock network delay (ideal)                             0.00       0.00
  clock uncertainty                                       0.10       0.10
  U0_RegFile/regArr_reg[8][3]/CK (DFFRQX1M)               0.00       0.10 r
  library hold time                                      -0.07       0.03
  data required time                                                 0.03
  --------------------------------------------------------------------------
  data required time                                                 0.03
  data arrival time                                                 -1.37
  --------------------------------------------------------------------------
  slack (MET)                                                        1.34


  Startpoint: U0_RegFile/regArr_reg[8][2]
              (rising edge-triggered flip-flop clocked by REG_CLK)
  Endpoint: U0_RegFile/regArr_reg[8][2]
            (rising edge-triggered flip-flop clocked by REG_CLK)
  Path Group: REG_CLK
  Path Type: min

  Des/Clust/Port     Wire Load Model       Library
  ------------------------------------------------
  System_Top         tsmc13_wl30           scmetro_tsmc_cl013g_rvt_ss_1p08v_125c

  Point                                                   Incr       Path
  --------------------------------------------------------------------------
  clock REG_CLK (rise edge)                               0.00       0.00
  clock network delay (ideal)                             0.00       0.00
  U0_RegFile/regArr_reg[8][2]/CK (DFFRQX1M)               0.00       0.00 r
  U0_RegFile/regArr_reg[8][2]/Q (DFFRQX1M)                0.82       0.82 f
  U0_RegFile/U618/Y (OAI2BB2X1M)                          0.55       1.37 f
  U0_RegFile/regArr_reg[8][2]/D (DFFRQX1M)                0.00       1.37 f
  data arrival time                                                  1.37

  clock REG_CLK (rise edge)                               0.00       0.00
  clock network delay (ideal)                             0.00       0.00
  clock uncertainty                                       0.10       0.10
  U0_RegFile/regArr_reg[8][2]/CK (DFFRQX1M)               0.00       0.10 r
  library hold time                                      -0.07       0.03
  data required time                                                 0.03
  --------------------------------------------------------------------------
  data required time                                                 0.03
  data arrival time                                                 -1.37
  --------------------------------------------------------------------------
  slack (MET)                                                        1.34


  Startpoint: U0_RegFile/regArr_reg[8][1]
              (rising edge-triggered flip-flop clocked by REG_CLK)
  Endpoint: U0_RegFile/regArr_reg[8][1]
            (rising edge-triggered flip-flop clocked by REG_CLK)
  Path Group: REG_CLK
  Path Type: min

  Des/Clust/Port     Wire Load Model       Library
  ------------------------------------------------
  System_Top         tsmc13_wl30           scmetro_tsmc_cl013g_rvt_ss_1p08v_125c

  Point                                                   Incr       Path
  --------------------------------------------------------------------------
  clock REG_CLK (rise edge)                               0.00       0.00
  clock network delay (ideal)                             0.00       0.00
  U0_RegFile/regArr_reg[8][1]/CK (DFFRQX1M)               0.00       0.00 r
  U0_RegFile/regArr_reg[8][1]/Q (DFFRQX1M)                0.82       0.82 f
  U0_RegFile/U617/Y (OAI2BB2X1M)                          0.55       1.37 f
  U0_RegFile/regArr_reg[8][1]/D (DFFRQX1M)                0.00       1.37 f
  data arrival time                                                  1.37

  clock REG_CLK (rise edge)                               0.00       0.00
  clock network delay (ideal)                             0.00       0.00
  clock uncertainty                                       0.10       0.10
  U0_RegFile/regArr_reg[8][1]/CK (DFFRQX1M)               0.00       0.10 r
  library hold time                                      -0.07       0.03
  data required time                                                 0.03
  --------------------------------------------------------------------------
  data required time                                                 0.03
  data arrival time                                                 -1.37
  --------------------------------------------------------------------------
  slack (MET)                                                        1.34


  Startpoint: U0_RegFile/regArr_reg[8][0]
              (rising edge-triggered flip-flop clocked by REG_CLK)
  Endpoint: U0_RegFile/regArr_reg[8][0]
            (rising edge-triggered flip-flop clocked by REG_CLK)
  Path Group: REG_CLK
  Path Type: min

  Des/Clust/Port     Wire Load Model       Library
  ------------------------------------------------
  System_Top         tsmc13_wl30           scmetro_tsmc_cl013g_rvt_ss_1p08v_125c

  Point                                                   Incr       Path
  --------------------------------------------------------------------------
  clock REG_CLK (rise edge)                               0.00       0.00
  clock network delay (ideal)                             0.00       0.00
  U0_RegFile/regArr_reg[8][0]/CK (DFFRQX1M)               0.00       0.00 r
  U0_RegFile/regArr_reg[8][0]/Q (DFFRQX1M)                0.82       0.82 f
  U0_RegFile/U616/Y (OAI2BB2X1M)                          0.55       1.37 f
  U0_RegFile/regArr_reg[8][0]/D (DFFRQX1M)                0.00       1.37 f
  data arrival time                                                  1.37

  clock REG_CLK (rise edge)                               0.00       0.00
  clock network delay (ideal)                             0.00       0.00
  clock uncertainty                                       0.10       0.10
  U0_RegFile/regArr_reg[8][0]/CK (DFFRQX1M)               0.00       0.10 r
  library hold time                                      -0.07       0.03
  data required time                                                 0.03
  --------------------------------------------------------------------------
  data required time                                                 0.03
  data arrival time                                                 -1.37
  --------------------------------------------------------------------------
  slack (MET)                                                        1.34


  Startpoint: U0_RegFile/regArr_reg[11][7]
              (rising edge-triggered flip-flop clocked by REG_CLK)
  Endpoint: U0_RegFile/regArr_reg[11][7]
            (rising edge-triggered flip-flop clocked by REG_CLK)
  Path Group: REG_CLK
  Path Type: min

  Des/Clust/Port     Wire Load Model       Library
  ------------------------------------------------
  System_Top         tsmc13_wl30           scmetro_tsmc_cl013g_rvt_ss_1p08v_125c

  Point                                                   Incr       Path
  --------------------------------------------------------------------------
  clock REG_CLK (rise edge)                               0.00       0.00
  clock network delay (ideal)                             0.00       0.00
  U0_RegFile/regArr_reg[11][7]/CK (DFFRQX1M)              0.00       0.00 r
  U0_RegFile/regArr_reg[11][7]/Q (DFFRQX1M)               0.82       0.82 f
  U0_RegFile/U641/Y (OAI2BB2X1M)                          0.55       1.37 f
  U0_RegFile/regArr_reg[11][7]/D (DFFRQX1M)               0.00       1.37 f
  data arrival time                                                  1.37

  clock REG_CLK (rise edge)                               0.00       0.00
  clock network delay (ideal)                             0.00       0.00
  clock uncertainty                                       0.10       0.10
  U0_RegFile/regArr_reg[11][7]/CK (DFFRQX1M)              0.00       0.10 r
  library hold time                                      -0.07       0.03
  data required time                                                 0.03
  --------------------------------------------------------------------------
  data required time                                                 0.03
  data arrival time                                                 -1.37
  --------------------------------------------------------------------------
  slack (MET)                                                        1.34


  Startpoint: U0_RegFile/regArr_reg[11][6]
              (rising edge-triggered flip-flop clocked by REG_CLK)
  Endpoint: U0_RegFile/regArr_reg[11][6]
            (rising edge-triggered flip-flop clocked by REG_CLK)
  Path Group: REG_CLK
  Path Type: min

  Des/Clust/Port     Wire Load Model       Library
  ------------------------------------------------
  System_Top         tsmc13_wl30           scmetro_tsmc_cl013g_rvt_ss_1p08v_125c

  Point                                                   Incr       Path
  --------------------------------------------------------------------------
  clock REG_CLK (rise edge)                               0.00       0.00
  clock network delay (ideal)                             0.00       0.00
  U0_RegFile/regArr_reg[11][6]/CK (DFFRQX1M)              0.00       0.00 r
  U0_RegFile/regArr_reg[11][6]/Q (DFFRQX1M)               0.82       0.82 f
  U0_RegFile/U615/Y (OAI2BB2X1M)                          0.55       1.37 f
  U0_RegFile/regArr_reg[11][6]/D (DFFRQX1M)               0.00       1.37 f
  data arrival time                                                  1.37

  clock REG_CLK (rise edge)                               0.00       0.00
  clock network delay (ideal)                             0.00       0.00
  clock uncertainty                                       0.10       0.10
  U0_RegFile/regArr_reg[11][6]/CK (DFFRQX1M)              0.00       0.10 r
  library hold time                                      -0.07       0.03
  data required time                                                 0.03
  --------------------------------------------------------------------------
  data required time                                                 0.03
  data arrival time                                                 -1.37
  --------------------------------------------------------------------------
  slack (MET)                                                        1.34


  Startpoint: U0_RegFile/regArr_reg[11][5]
              (rising edge-triggered flip-flop clocked by REG_CLK)
  Endpoint: U0_RegFile/regArr_reg[11][5]
            (rising edge-triggered flip-flop clocked by REG_CLK)
  Path Group: REG_CLK
  Path Type: min

  Des/Clust/Port     Wire Load Model       Library
  ------------------------------------------------
  System_Top         tsmc13_wl30           scmetro_tsmc_cl013g_rvt_ss_1p08v_125c

  Point                                                   Incr       Path
  --------------------------------------------------------------------------
  clock REG_CLK (rise edge)                               0.00       0.00
  clock network delay (ideal)                             0.00       0.00
  U0_RegFile/regArr_reg[11][5]/CK (DFFRQX1M)              0.00       0.00 r
  U0_RegFile/regArr_reg[11][5]/Q (DFFRQX1M)               0.82       0.82 f
  U0_RegFile/U614/Y (OAI2BB2X1M)                          0.55       1.37 f
  U0_RegFile/regArr_reg[11][5]/D (DFFRQX1M)               0.00       1.37 f
  data arrival time                                                  1.37

  clock REG_CLK (rise edge)                               0.00       0.00
  clock network delay (ideal)                             0.00       0.00
  clock uncertainty                                       0.10       0.10
  U0_RegFile/regArr_reg[11][5]/CK (DFFRQX1M)              0.00       0.10 r
  library hold time                                      -0.07       0.03
  data required time                                                 0.03
  --------------------------------------------------------------------------
  data required time                                                 0.03
  data arrival time                                                 -1.37
  --------------------------------------------------------------------------
  slack (MET)                                                        1.34


  Startpoint: U0_RegFile/regArr_reg[11][4]
              (rising edge-triggered flip-flop clocked by REG_CLK)
  Endpoint: U0_RegFile/regArr_reg[11][4]
            (rising edge-triggered flip-flop clocked by REG_CLK)
  Path Group: REG_CLK
  Path Type: min

  Des/Clust/Port     Wire Load Model       Library
  ------------------------------------------------
  System_Top         tsmc13_wl30           scmetro_tsmc_cl013g_rvt_ss_1p08v_125c

  Point                                                   Incr       Path
  --------------------------------------------------------------------------
  clock REG_CLK (rise edge)                               0.00       0.00
  clock network delay (ideal)                             0.00       0.00
  U0_RegFile/regArr_reg[11][4]/CK (DFFRQX1M)              0.00       0.00 r
  U0_RegFile/regArr_reg[11][4]/Q (DFFRQX1M)               0.82       0.82 f
  U0_RegFile/U613/Y (OAI2BB2X1M)                          0.55       1.37 f
  U0_RegFile/regArr_reg[11][4]/D (DFFRQX1M)               0.00       1.37 f
  data arrival time                                                  1.37

  clock REG_CLK (rise edge)                               0.00       0.00
  clock network delay (ideal)                             0.00       0.00
  clock uncertainty                                       0.10       0.10
  U0_RegFile/regArr_reg[11][4]/CK (DFFRQX1M)              0.00       0.10 r
  library hold time                                      -0.07       0.03
  data required time                                                 0.03
  --------------------------------------------------------------------------
  data required time                                                 0.03
  data arrival time                                                 -1.37
  --------------------------------------------------------------------------
  slack (MET)                                                        1.34


  Startpoint: U0_RegFile/regArr_reg[11][3]
              (rising edge-triggered flip-flop clocked by REG_CLK)
  Endpoint: U0_RegFile/regArr_reg[11][3]
            (rising edge-triggered flip-flop clocked by REG_CLK)
  Path Group: REG_CLK
  Path Type: min

  Des/Clust/Port     Wire Load Model       Library
  ------------------------------------------------
  System_Top         tsmc13_wl30           scmetro_tsmc_cl013g_rvt_ss_1p08v_125c

  Point                                                   Incr       Path
  --------------------------------------------------------------------------
  clock REG_CLK (rise edge)                               0.00       0.00
  clock network delay (ideal)                             0.00       0.00
  U0_RegFile/regArr_reg[11][3]/CK (DFFRQX1M)              0.00       0.00 r
  U0_RegFile/regArr_reg[11][3]/Q (DFFRQX1M)               0.82       0.82 f
  U0_RegFile/U612/Y (OAI2BB2X1M)                          0.55       1.37 f
  U0_RegFile/regArr_reg[11][3]/D (DFFRQX1M)               0.00       1.37 f
  data arrival time                                                  1.37

  clock REG_CLK (rise edge)                               0.00       0.00
  clock network delay (ideal)                             0.00       0.00
  clock uncertainty                                       0.10       0.10
  U0_RegFile/regArr_reg[11][3]/CK (DFFRQX1M)              0.00       0.10 r
  library hold time                                      -0.07       0.03
  data required time                                                 0.03
  --------------------------------------------------------------------------
  data required time                                                 0.03
  data arrival time                                                 -1.37
  --------------------------------------------------------------------------
  slack (MET)                                                        1.34


  Startpoint: U0_RegFile/regArr_reg[11][2]
              (rising edge-triggered flip-flop clocked by REG_CLK)
  Endpoint: U0_RegFile/regArr_reg[11][2]
            (rising edge-triggered flip-flop clocked by REG_CLK)
  Path Group: REG_CLK
  Path Type: min

  Des/Clust/Port     Wire Load Model       Library
  ------------------------------------------------
  System_Top         tsmc13_wl30           scmetro_tsmc_cl013g_rvt_ss_1p08v_125c

  Point                                                   Incr       Path
  --------------------------------------------------------------------------
  clock REG_CLK (rise edge)                               0.00       0.00
  clock network delay (ideal)                             0.00       0.00
  U0_RegFile/regArr_reg[11][2]/CK (DFFRQX1M)              0.00       0.00 r
  U0_RegFile/regArr_reg[11][2]/Q (DFFRQX1M)               0.82       0.82 f
  U0_RegFile/U611/Y (OAI2BB2X1M)                          0.55       1.37 f
  U0_RegFile/regArr_reg[11][2]/D (DFFRQX1M)               0.00       1.37 f
  data arrival time                                                  1.37

  clock REG_CLK (rise edge)                               0.00       0.00
  clock network delay (ideal)                             0.00       0.00
  clock uncertainty                                       0.10       0.10
  U0_RegFile/regArr_reg[11][2]/CK (DFFRQX1M)              0.00       0.10 r
  library hold time                                      -0.07       0.03
  data required time                                                 0.03
  --------------------------------------------------------------------------
  data required time                                                 0.03
  data arrival time                                                 -1.37
  --------------------------------------------------------------------------
  slack (MET)                                                        1.34


  Startpoint: U0_RegFile/regArr_reg[11][1]
              (rising edge-triggered flip-flop clocked by REG_CLK)
  Endpoint: U0_RegFile/regArr_reg[11][1]
            (rising edge-triggered flip-flop clocked by REG_CLK)
  Path Group: REG_CLK
  Path Type: min

  Des/Clust/Port     Wire Load Model       Library
  ------------------------------------------------
  System_Top         tsmc13_wl30           scmetro_tsmc_cl013g_rvt_ss_1p08v_125c

  Point                                                   Incr       Path
  --------------------------------------------------------------------------
  clock REG_CLK (rise edge)                               0.00       0.00
  clock network delay (ideal)                             0.00       0.00
  U0_RegFile/regArr_reg[11][1]/CK (DFFRQX1M)              0.00       0.00 r
  U0_RegFile/regArr_reg[11][1]/Q (DFFRQX1M)               0.82       0.82 f
  U0_RegFile/U610/Y (OAI2BB2X1M)                          0.55       1.37 f
  U0_RegFile/regArr_reg[11][1]/D (DFFRQX1M)               0.00       1.37 f
  data arrival time                                                  1.37

  clock REG_CLK (rise edge)                               0.00       0.00
  clock network delay (ideal)                             0.00       0.00
  clock uncertainty                                       0.10       0.10
  U0_RegFile/regArr_reg[11][1]/CK (DFFRQX1M)              0.00       0.10 r
  library hold time                                      -0.07       0.03
  data required time                                                 0.03
  --------------------------------------------------------------------------
  data required time                                                 0.03
  data arrival time                                                 -1.37
  --------------------------------------------------------------------------
  slack (MET)                                                        1.34


  Startpoint: U0_RegFile/regArr_reg[11][0]
              (rising edge-triggered flip-flop clocked by REG_CLK)
  Endpoint: U0_RegFile/regArr_reg[11][0]
            (rising edge-triggered flip-flop clocked by REG_CLK)
  Path Group: REG_CLK
  Path Type: min

  Des/Clust/Port     Wire Load Model       Library
  ------------------------------------------------
  System_Top         tsmc13_wl30           scmetro_tsmc_cl013g_rvt_ss_1p08v_125c

  Point                                                   Incr       Path
  --------------------------------------------------------------------------
  clock REG_CLK (rise edge)                               0.00       0.00
  clock network delay (ideal)                             0.00       0.00
  U0_RegFile/regArr_reg[11][0]/CK (DFFRQX1M)              0.00       0.00 r
  U0_RegFile/regArr_reg[11][0]/Q (DFFRQX1M)               0.82       0.82 f
  U0_RegFile/U609/Y (OAI2BB2X1M)                          0.55       1.37 f
  U0_RegFile/regArr_reg[11][0]/D (DFFRQX1M)               0.00       1.37 f
  data arrival time                                                  1.37

  clock REG_CLK (rise edge)                               0.00       0.00
  clock network delay (ideal)                             0.00       0.00
  clock uncertainty                                       0.10       0.10
  U0_RegFile/regArr_reg[11][0]/CK (DFFRQX1M)              0.00       0.10 r
  library hold time                                      -0.07       0.03
  data required time                                                 0.03
  --------------------------------------------------------------------------
  data required time                                                 0.03
  data arrival time                                                 -1.37
  --------------------------------------------------------------------------
  slack (MET)                                                        1.34


  Startpoint: U0_RegFile/regArr_reg[10][7]
              (rising edge-triggered flip-flop clocked by REG_CLK)
  Endpoint: U0_RegFile/regArr_reg[10][7]
            (rising edge-triggered flip-flop clocked by REG_CLK)
  Path Group: REG_CLK
  Path Type: min

  Des/Clust/Port     Wire Load Model       Library
  ------------------------------------------------
  System_Top         tsmc13_wl30           scmetro_tsmc_cl013g_rvt_ss_1p08v_125c

  Point                                                   Incr       Path
  --------------------------------------------------------------------------
  clock REG_CLK (rise edge)                               0.00       0.00
  clock network delay (ideal)                             0.00       0.00
  U0_RegFile/regArr_reg[10][7]/CK (DFFRQX1M)              0.00       0.00 r
  U0_RegFile/regArr_reg[10][7]/Q (DFFRQX1M)               0.82       0.82 f
  U0_RegFile/U640/Y (OAI2BB2X1M)                          0.55       1.37 f
  U0_RegFile/regArr_reg[10][7]/D (DFFRQX1M)               0.00       1.37 f
  data arrival time                                                  1.37

  clock REG_CLK (rise edge)                               0.00       0.00
  clock network delay (ideal)                             0.00       0.00
  clock uncertainty                                       0.10       0.10
  U0_RegFile/regArr_reg[10][7]/CK (DFFRQX1M)              0.00       0.10 r
  library hold time                                      -0.07       0.03
  data required time                                                 0.03
  --------------------------------------------------------------------------
  data required time                                                 0.03
  data arrival time                                                 -1.37
  --------------------------------------------------------------------------
  slack (MET)                                                        1.34


  Startpoint: U0_RegFile/regArr_reg[10][6]
              (rising edge-triggered flip-flop clocked by REG_CLK)
  Endpoint: U0_RegFile/regArr_reg[10][6]
            (rising edge-triggered flip-flop clocked by REG_CLK)
  Path Group: REG_CLK
  Path Type: min

  Des/Clust/Port     Wire Load Model       Library
  ------------------------------------------------
  System_Top         tsmc13_wl30           scmetro_tsmc_cl013g_rvt_ss_1p08v_125c

  Point                                                   Incr       Path
  --------------------------------------------------------------------------
  clock REG_CLK (rise edge)                               0.00       0.00
  clock network delay (ideal)                             0.00       0.00
  U0_RegFile/regArr_reg[10][6]/CK (DFFRQX1M)              0.00       0.00 r
  U0_RegFile/regArr_reg[10][6]/Q (DFFRQX1M)               0.82       0.82 f
  U0_RegFile/U608/Y (OAI2BB2X1M)                          0.55       1.37 f
  U0_RegFile/regArr_reg[10][6]/D (DFFRQX1M)               0.00       1.37 f
  data arrival time                                                  1.37

  clock REG_CLK (rise edge)                               0.00       0.00
  clock network delay (ideal)                             0.00       0.00
  clock uncertainty                                       0.10       0.10
  U0_RegFile/regArr_reg[10][6]/CK (DFFRQX1M)              0.00       0.10 r
  library hold time                                      -0.07       0.03
  data required time                                                 0.03
  --------------------------------------------------------------------------
  data required time                                                 0.03
  data arrival time                                                 -1.37
  --------------------------------------------------------------------------
  slack (MET)                                                        1.34


  Startpoint: U0_RegFile/regArr_reg[10][5]
              (rising edge-triggered flip-flop clocked by REG_CLK)
  Endpoint: U0_RegFile/regArr_reg[10][5]
            (rising edge-triggered flip-flop clocked by REG_CLK)
  Path Group: REG_CLK
  Path Type: min

  Des/Clust/Port     Wire Load Model       Library
  ------------------------------------------------
  System_Top         tsmc13_wl30           scmetro_tsmc_cl013g_rvt_ss_1p08v_125c

  Point                                                   Incr       Path
  --------------------------------------------------------------------------
  clock REG_CLK (rise edge)                               0.00       0.00
  clock network delay (ideal)                             0.00       0.00
  U0_RegFile/regArr_reg[10][5]/CK (DFFRQX1M)              0.00       0.00 r
  U0_RegFile/regArr_reg[10][5]/Q (DFFRQX1M)               0.82       0.82 f
  U0_RegFile/U607/Y (OAI2BB2X1M)                          0.55       1.37 f
  U0_RegFile/regArr_reg[10][5]/D (DFFRQX1M)               0.00       1.37 f
  data arrival time                                                  1.37

  clock REG_CLK (rise edge)                               0.00       0.00
  clock network delay (ideal)                             0.00       0.00
  clock uncertainty                                       0.10       0.10
  U0_RegFile/regArr_reg[10][5]/CK (DFFRQX1M)              0.00       0.10 r
  library hold time                                      -0.07       0.03
  data required time                                                 0.03
  --------------------------------------------------------------------------
  data required time                                                 0.03
  data arrival time                                                 -1.37
  --------------------------------------------------------------------------
  slack (MET)                                                        1.34


  Startpoint: U0_RegFile/regArr_reg[10][4]
              (rising edge-triggered flip-flop clocked by REG_CLK)
  Endpoint: U0_RegFile/regArr_reg[10][4]
            (rising edge-triggered flip-flop clocked by REG_CLK)
  Path Group: REG_CLK
  Path Type: min

  Des/Clust/Port     Wire Load Model       Library
  ------------------------------------------------
  System_Top         tsmc13_wl30           scmetro_tsmc_cl013g_rvt_ss_1p08v_125c

  Point                                                   Incr       Path
  --------------------------------------------------------------------------
  clock REG_CLK (rise edge)                               0.00       0.00
  clock network delay (ideal)                             0.00       0.00
  U0_RegFile/regArr_reg[10][4]/CK (DFFRQX1M)              0.00       0.00 r
  U0_RegFile/regArr_reg[10][4]/Q (DFFRQX1M)               0.82       0.82 f
  U0_RegFile/U606/Y (OAI2BB2X1M)                          0.55       1.37 f
  U0_RegFile/regArr_reg[10][4]/D (DFFRQX1M)               0.00       1.37 f
  data arrival time                                                  1.37

  clock REG_CLK (rise edge)                               0.00       0.00
  clock network delay (ideal)                             0.00       0.00
  clock uncertainty                                       0.10       0.10
  U0_RegFile/regArr_reg[10][4]/CK (DFFRQX1M)              0.00       0.10 r
  library hold time                                      -0.07       0.03
  data required time                                                 0.03
  --------------------------------------------------------------------------
  data required time                                                 0.03
  data arrival time                                                 -1.37
  --------------------------------------------------------------------------
  slack (MET)                                                        1.34


  Startpoint: U0_RegFile/regArr_reg[10][3]
              (rising edge-triggered flip-flop clocked by REG_CLK)
  Endpoint: U0_RegFile/regArr_reg[10][3]
            (rising edge-triggered flip-flop clocked by REG_CLK)
  Path Group: REG_CLK
  Path Type: min

  Des/Clust/Port     Wire Load Model       Library
  ------------------------------------------------
  System_Top         tsmc13_wl30           scmetro_tsmc_cl013g_rvt_ss_1p08v_125c

  Point                                                   Incr       Path
  --------------------------------------------------------------------------
  clock REG_CLK (rise edge)                               0.00       0.00
  clock network delay (ideal)                             0.00       0.00
  U0_RegFile/regArr_reg[10][3]/CK (DFFRQX1M)              0.00       0.00 r
  U0_RegFile/regArr_reg[10][3]/Q (DFFRQX1M)               0.82       0.82 f
  U0_RegFile/U605/Y (OAI2BB2X1M)                          0.55       1.37 f
  U0_RegFile/regArr_reg[10][3]/D (DFFRQX1M)               0.00       1.37 f
  data arrival time                                                  1.37

  clock REG_CLK (rise edge)                               0.00       0.00
  clock network delay (ideal)                             0.00       0.00
  clock uncertainty                                       0.10       0.10
  U0_RegFile/regArr_reg[10][3]/CK (DFFRQX1M)              0.00       0.10 r
  library hold time                                      -0.07       0.03
  data required time                                                 0.03
  --------------------------------------------------------------------------
  data required time                                                 0.03
  data arrival time                                                 -1.37
  --------------------------------------------------------------------------
  slack (MET)                                                        1.34


  Startpoint: U0_RegFile/regArr_reg[10][2]
              (rising edge-triggered flip-flop clocked by REG_CLK)
  Endpoint: U0_RegFile/regArr_reg[10][2]
            (rising edge-triggered flip-flop clocked by REG_CLK)
  Path Group: REG_CLK
  Path Type: min

  Des/Clust/Port     Wire Load Model       Library
  ------------------------------------------------
  System_Top         tsmc13_wl30           scmetro_tsmc_cl013g_rvt_ss_1p08v_125c

  Point                                                   Incr       Path
  --------------------------------------------------------------------------
  clock REG_CLK (rise edge)                               0.00       0.00
  clock network delay (ideal)                             0.00       0.00
  U0_RegFile/regArr_reg[10][2]/CK (DFFRQX1M)              0.00       0.00 r
  U0_RegFile/regArr_reg[10][2]/Q (DFFRQX1M)               0.82       0.82 f
  U0_RegFile/U604/Y (OAI2BB2X1M)                          0.55       1.37 f
  U0_RegFile/regArr_reg[10][2]/D (DFFRQX1M)               0.00       1.37 f
  data arrival time                                                  1.37

  clock REG_CLK (rise edge)                               0.00       0.00
  clock network delay (ideal)                             0.00       0.00
  clock uncertainty                                       0.10       0.10
  U0_RegFile/regArr_reg[10][2]/CK (DFFRQX1M)              0.00       0.10 r
  library hold time                                      -0.07       0.03
  data required time                                                 0.03
  --------------------------------------------------------------------------
  data required time                                                 0.03
  data arrival time                                                 -1.37
  --------------------------------------------------------------------------
  slack (MET)                                                        1.34


  Startpoint: U0_RegFile/regArr_reg[10][1]
              (rising edge-triggered flip-flop clocked by REG_CLK)
  Endpoint: U0_RegFile/regArr_reg[10][1]
            (rising edge-triggered flip-flop clocked by REG_CLK)
  Path Group: REG_CLK
  Path Type: min

  Des/Clust/Port     Wire Load Model       Library
  ------------------------------------------------
  System_Top         tsmc13_wl30           scmetro_tsmc_cl013g_rvt_ss_1p08v_125c

  Point                                                   Incr       Path
  --------------------------------------------------------------------------
  clock REG_CLK (rise edge)                               0.00       0.00
  clock network delay (ideal)                             0.00       0.00
  U0_RegFile/regArr_reg[10][1]/CK (DFFRQX1M)              0.00       0.00 r
  U0_RegFile/regArr_reg[10][1]/Q (DFFRQX1M)               0.82       0.82 f
  U0_RegFile/U603/Y (OAI2BB2X1M)                          0.55       1.37 f
  U0_RegFile/regArr_reg[10][1]/D (DFFRQX1M)               0.00       1.37 f
  data arrival time                                                  1.37

  clock REG_CLK (rise edge)                               0.00       0.00
  clock network delay (ideal)                             0.00       0.00
  clock uncertainty                                       0.10       0.10
  U0_RegFile/regArr_reg[10][1]/CK (DFFRQX1M)              0.00       0.10 r
  library hold time                                      -0.07       0.03
  data required time                                                 0.03
  --------------------------------------------------------------------------
  data required time                                                 0.03
  data arrival time                                                 -1.37
  --------------------------------------------------------------------------
  slack (MET)                                                        1.34


  Startpoint: U0_RegFile/regArr_reg[10][0]
              (rising edge-triggered flip-flop clocked by REG_CLK)
  Endpoint: U0_RegFile/regArr_reg[10][0]
            (rising edge-triggered flip-flop clocked by REG_CLK)
  Path Group: REG_CLK
  Path Type: min

  Des/Clust/Port     Wire Load Model       Library
  ------------------------------------------------
  System_Top         tsmc13_wl30           scmetro_tsmc_cl013g_rvt_ss_1p08v_125c

  Point                                                   Incr       Path
  --------------------------------------------------------------------------
  clock REG_CLK (rise edge)                               0.00       0.00
  clock network delay (ideal)                             0.00       0.00
  U0_RegFile/regArr_reg[10][0]/CK (DFFRQX1M)              0.00       0.00 r
  U0_RegFile/regArr_reg[10][0]/Q (DFFRQX1M)               0.82       0.82 f
  U0_RegFile/U602/Y (OAI2BB2X1M)                          0.55       1.37 f
  U0_RegFile/regArr_reg[10][0]/D (DFFRQX1M)               0.00       1.37 f
  data arrival time                                                  1.37

  clock REG_CLK (rise edge)                               0.00       0.00
  clock network delay (ideal)                             0.00       0.00
  clock uncertainty                                       0.10       0.10
  U0_RegFile/regArr_reg[10][0]/CK (DFFRQX1M)              0.00       0.10 r
  library hold time                                      -0.07       0.03
  data required time                                                 0.03
  --------------------------------------------------------------------------
  data required time                                                 0.03
  data arrival time                                                 -1.37
  --------------------------------------------------------------------------
  slack (MET)                                                        1.34


  Startpoint: U0_RegFile/regArr_reg[15][7]
              (rising edge-triggered flip-flop clocked by REG_CLK)
  Endpoint: U0_RegFile/regArr_reg[15][7]
            (rising edge-triggered flip-flop clocked by REG_CLK)
  Path Group: REG_CLK
  Path Type: min

  Des/Clust/Port     Wire Load Model       Library
  ------------------------------------------------
  System_Top         tsmc13_wl30           scmetro_tsmc_cl013g_rvt_ss_1p08v_125c

  Point                                                   Incr       Path
  --------------------------------------------------------------------------
  clock REG_CLK (rise edge)                               0.00       0.00
  clock network delay (ideal)                             0.00       0.00
  U0_RegFile/regArr_reg[15][7]/CK (DFFRQX1M)              0.00       0.00 r
  U0_RegFile/regArr_reg[15][7]/Q (DFFRQX1M)               0.66       0.66 f
  U0_RegFile/U673/Y (INVX2M)                              0.44       1.10 r
  U0_RegFile/U483/Y (OAI22X1M)                            0.40       1.50 f
  U0_RegFile/regArr_reg[15][7]/D (DFFRQX1M)               0.00       1.50 f
  data arrival time                                                  1.50

  clock REG_CLK (rise edge)                               0.00       0.00
  clock network delay (ideal)                             0.00       0.00
  clock uncertainty                                       0.10       0.10
  U0_RegFile/regArr_reg[15][7]/CK (DFFRQX1M)              0.00       0.10 r
  library hold time                                      -0.07       0.03
  data required time                                                 0.03
  --------------------------------------------------------------------------
  data required time                                                 0.03
  data arrival time                                                 -1.50
  --------------------------------------------------------------------------
  slack (MET)                                                        1.47


  Startpoint: U0_RegFile/regArr_reg[15][6]
              (rising edge-triggered flip-flop clocked by REG_CLK)
  Endpoint: U0_RegFile/regArr_reg[15][6]
            (rising edge-triggered flip-flop clocked by REG_CLK)
  Path Group: REG_CLK
  Path Type: min

  Des/Clust/Port     Wire Load Model       Library
  ------------------------------------------------
  System_Top         tsmc13_wl30           scmetro_tsmc_cl013g_rvt_ss_1p08v_125c

  Point                                                   Incr       Path
  --------------------------------------------------------------------------
  clock REG_CLK (rise edge)                               0.00       0.00
  clock network delay (ideal)                             0.00       0.00
  U0_RegFile/regArr_reg[15][6]/CK (DFFRQX1M)              0.00       0.00 r
  U0_RegFile/regArr_reg[15][6]/Q (DFFRQX1M)               0.66       0.66 f
  U0_RegFile/U671/Y (INVX2M)                              0.44       1.10 r
  U0_RegFile/U482/Y (OAI22X1M)                            0.40       1.50 f
  U0_RegFile/regArr_reg[15][6]/D (DFFRQX1M)               0.00       1.50 f
  data arrival time                                                  1.50

  clock REG_CLK (rise edge)                               0.00       0.00
  clock network delay (ideal)                             0.00       0.00
  clock uncertainty                                       0.10       0.10
  U0_RegFile/regArr_reg[15][6]/CK (DFFRQX1M)              0.00       0.10 r
  library hold time                                      -0.07       0.03
  data required time                                                 0.03
  --------------------------------------------------------------------------
  data required time                                                 0.03
  data arrival time                                                 -1.50
  --------------------------------------------------------------------------
  slack (MET)                                                        1.47


  Startpoint: U0_RegFile/regArr_reg[15][5]
              (rising edge-triggered flip-flop clocked by REG_CLK)
  Endpoint: U0_RegFile/regArr_reg[15][5]
            (rising edge-triggered flip-flop clocked by REG_CLK)
  Path Group: REG_CLK
  Path Type: min

  Des/Clust/Port     Wire Load Model       Library
  ------------------------------------------------
  System_Top         tsmc13_wl30           scmetro_tsmc_cl013g_rvt_ss_1p08v_125c

  Point                                                   Incr       Path
  --------------------------------------------------------------------------
  clock REG_CLK (rise edge)                               0.00       0.00
  clock network delay (ideal)                             0.00       0.00
  U0_RegFile/regArr_reg[15][5]/CK (DFFRQX1M)              0.00       0.00 r
  U0_RegFile/regArr_reg[15][5]/Q (DFFRQX1M)               0.66       0.66 f
  U0_RegFile/U669/Y (INVX2M)                              0.44       1.10 r
  U0_RegFile/U481/Y (OAI22X1M)                            0.40       1.50 f
  U0_RegFile/regArr_reg[15][5]/D (DFFRQX1M)               0.00       1.50 f
  data arrival time                                                  1.50

  clock REG_CLK (rise edge)                               0.00       0.00
  clock network delay (ideal)                             0.00       0.00
  clock uncertainty                                       0.10       0.10
  U0_RegFile/regArr_reg[15][5]/CK (DFFRQX1M)              0.00       0.10 r
  library hold time                                      -0.07       0.03
  data required time                                                 0.03
  --------------------------------------------------------------------------
  data required time                                                 0.03
  data arrival time                                                 -1.50
  --------------------------------------------------------------------------
  slack (MET)                                                        1.47


  Startpoint: U0_RegFile/regArr_reg[15][4]
              (rising edge-triggered flip-flop clocked by REG_CLK)
  Endpoint: U0_RegFile/regArr_reg[15][4]
            (rising edge-triggered flip-flop clocked by REG_CLK)
  Path Group: REG_CLK
  Path Type: min

  Des/Clust/Port     Wire Load Model       Library
  ------------------------------------------------
  System_Top         tsmc13_wl30           scmetro_tsmc_cl013g_rvt_ss_1p08v_125c

  Point                                                   Incr       Path
  --------------------------------------------------------------------------
  clock REG_CLK (rise edge)                               0.00       0.00
  clock network delay (ideal)                             0.00       0.00
  U0_RegFile/regArr_reg[15][4]/CK (DFFRQX1M)              0.00       0.00 r
  U0_RegFile/regArr_reg[15][4]/Q (DFFRQX1M)               0.66       0.66 f
  U0_RegFile/U667/Y (INVX2M)                              0.44       1.10 r
  U0_RegFile/U480/Y (OAI22X1M)                            0.40       1.50 f
  U0_RegFile/regArr_reg[15][4]/D (DFFRQX1M)               0.00       1.50 f
  data arrival time                                                  1.50

  clock REG_CLK (rise edge)                               0.00       0.00
  clock network delay (ideal)                             0.00       0.00
  clock uncertainty                                       0.10       0.10
  U0_RegFile/regArr_reg[15][4]/CK (DFFRQX1M)              0.00       0.10 r
  library hold time                                      -0.07       0.03
  data required time                                                 0.03
  --------------------------------------------------------------------------
  data required time                                                 0.03
  data arrival time                                                 -1.50
  --------------------------------------------------------------------------
  slack (MET)                                                        1.47


  Startpoint: U0_RegFile/regArr_reg[15][3]
              (rising edge-triggered flip-flop clocked by REG_CLK)
  Endpoint: U0_RegFile/regArr_reg[15][3]
            (rising edge-triggered flip-flop clocked by REG_CLK)
  Path Group: REG_CLK
  Path Type: min

  Des/Clust/Port     Wire Load Model       Library
  ------------------------------------------------
  System_Top         tsmc13_wl30           scmetro_tsmc_cl013g_rvt_ss_1p08v_125c

  Point                                                   Incr       Path
  --------------------------------------------------------------------------
  clock REG_CLK (rise edge)                               0.00       0.00
  clock network delay (ideal)                             0.00       0.00
  U0_RegFile/regArr_reg[15][3]/CK (DFFRQX1M)              0.00       0.00 r
  U0_RegFile/regArr_reg[15][3]/Q (DFFRQX1M)               0.66       0.66 f
  U0_RegFile/U665/Y (INVX2M)                              0.44       1.10 r
  U0_RegFile/U479/Y (OAI22X1M)                            0.40       1.50 f
  U0_RegFile/regArr_reg[15][3]/D (DFFRQX1M)               0.00       1.50 f
  data arrival time                                                  1.50

  clock REG_CLK (rise edge)                               0.00       0.00
  clock network delay (ideal)                             0.00       0.00
  clock uncertainty                                       0.10       0.10
  U0_RegFile/regArr_reg[15][3]/CK (DFFRQX1M)              0.00       0.10 r
  library hold time                                      -0.07       0.03
  data required time                                                 0.03
  --------------------------------------------------------------------------
  data required time                                                 0.03
  data arrival time                                                 -1.50
  --------------------------------------------------------------------------
  slack (MET)                                                        1.47


  Startpoint: U0_RegFile/regArr_reg[15][2]
              (rising edge-triggered flip-flop clocked by REG_CLK)
  Endpoint: U0_RegFile/regArr_reg[15][2]
            (rising edge-triggered flip-flop clocked by REG_CLK)
  Path Group: REG_CLK
  Path Type: min

  Des/Clust/Port     Wire Load Model       Library
  ------------------------------------------------
  System_Top         tsmc13_wl30           scmetro_tsmc_cl013g_rvt_ss_1p08v_125c

  Point                                                   Incr       Path
  --------------------------------------------------------------------------
  clock REG_CLK (rise edge)                               0.00       0.00
  clock network delay (ideal)                             0.00       0.00
  U0_RegFile/regArr_reg[15][2]/CK (DFFRQX1M)              0.00       0.00 r
  U0_RegFile/regArr_reg[15][2]/Q (DFFRQX1M)               0.66       0.66 f
  U0_RegFile/U663/Y (INVX2M)                              0.44       1.10 r
  U0_RegFile/U478/Y (OAI22X1M)                            0.40       1.50 f
  U0_RegFile/regArr_reg[15][2]/D (DFFRQX1M)               0.00       1.50 f
  data arrival time                                                  1.50

  clock REG_CLK (rise edge)                               0.00       0.00
  clock network delay (ideal)                             0.00       0.00
  clock uncertainty                                       0.10       0.10
  U0_RegFile/regArr_reg[15][2]/CK (DFFRQX1M)              0.00       0.10 r
  library hold time                                      -0.07       0.03
  data required time                                                 0.03
  --------------------------------------------------------------------------
  data required time                                                 0.03
  data arrival time                                                 -1.50
  --------------------------------------------------------------------------
  slack (MET)                                                        1.47


  Startpoint: U0_RegFile/regArr_reg[15][1]
              (rising edge-triggered flip-flop clocked by REG_CLK)
  Endpoint: U0_RegFile/regArr_reg[15][1]
            (rising edge-triggered flip-flop clocked by REG_CLK)
  Path Group: REG_CLK
  Path Type: min

  Des/Clust/Port     Wire Load Model       Library
  ------------------------------------------------
  System_Top         tsmc13_wl30           scmetro_tsmc_cl013g_rvt_ss_1p08v_125c

  Point                                                   Incr       Path
  --------------------------------------------------------------------------
  clock REG_CLK (rise edge)                               0.00       0.00
  clock network delay (ideal)                             0.00       0.00
  U0_RegFile/regArr_reg[15][1]/CK (DFFRQX1M)              0.00       0.00 r
  U0_RegFile/regArr_reg[15][1]/Q (DFFRQX1M)               0.66       0.66 f
  U0_RegFile/U661/Y (INVX2M)                              0.44       1.10 r
  U0_RegFile/U477/Y (OAI22X1M)                            0.40       1.50 f
  U0_RegFile/regArr_reg[15][1]/D (DFFRQX1M)               0.00       1.50 f
  data arrival time                                                  1.50

  clock REG_CLK (rise edge)                               0.00       0.00
  clock network delay (ideal)                             0.00       0.00
  clock uncertainty                                       0.10       0.10
  U0_RegFile/regArr_reg[15][1]/CK (DFFRQX1M)              0.00       0.10 r
  library hold time                                      -0.07       0.03
  data required time                                                 0.03
  --------------------------------------------------------------------------
  data required time                                                 0.03
  data arrival time                                                 -1.50
  --------------------------------------------------------------------------
  slack (MET)                                                        1.47


  Startpoint: U0_RegFile/regArr_reg[15][0]
              (rising edge-triggered flip-flop clocked by REG_CLK)
  Endpoint: U0_RegFile/regArr_reg[15][0]
            (rising edge-triggered flip-flop clocked by REG_CLK)
  Path Group: REG_CLK
  Path Type: min

  Des/Clust/Port     Wire Load Model       Library
  ------------------------------------------------
  System_Top         tsmc13_wl30           scmetro_tsmc_cl013g_rvt_ss_1p08v_125c

  Point                                                   Incr       Path
  --------------------------------------------------------------------------
  clock REG_CLK (rise edge)                               0.00       0.00
  clock network delay (ideal)                             0.00       0.00
  U0_RegFile/regArr_reg[15][0]/CK (DFFRQX1M)              0.00       0.00 r
  U0_RegFile/regArr_reg[15][0]/Q (DFFRQX1M)               0.66       0.66 f
  U0_RegFile/U659/Y (INVX2M)                              0.44       1.10 r
  U0_RegFile/U476/Y (OAI22X1M)                            0.40       1.50 f
  U0_RegFile/regArr_reg[15][0]/D (DFFRQX1M)               0.00       1.50 f
  data arrival time                                                  1.50

  clock REG_CLK (rise edge)                               0.00       0.00
  clock network delay (ideal)                             0.00       0.00
  clock uncertainty                                       0.10       0.10
  U0_RegFile/regArr_reg[15][0]/CK (DFFRQX1M)              0.00       0.10 r
  library hold time                                      -0.07       0.03
  data required time                                                 0.03
  --------------------------------------------------------------------------
  data required time                                                 0.03
  data arrival time                                                 -1.50
  --------------------------------------------------------------------------
  slack (MET)                                                        1.47


  Startpoint: U0_RegFile/regArr_reg[14][7]
              (rising edge-triggered flip-flop clocked by REG_CLK)
  Endpoint: U0_RegFile/regArr_reg[14][7]
            (rising edge-triggered flip-flop clocked by REG_CLK)
  Path Group: REG_CLK
  Path Type: min

  Des/Clust/Port     Wire Load Model       Library
  ------------------------------------------------
  System_Top         tsmc13_wl30           scmetro_tsmc_cl013g_rvt_ss_1p08v_125c

  Point                                                   Incr       Path
  --------------------------------------------------------------------------
  clock REG_CLK (rise edge)                               0.00       0.00
  clock network delay (ideal)                             0.00       0.00
  U0_RegFile/regArr_reg[14][7]/CK (DFFRQX1M)              0.00       0.00 r
  U0_RegFile/regArr_reg[14][7]/Q (DFFRQX1M)               0.66       0.66 f
  U0_RegFile/U672/Y (INVX2M)                              0.44       1.10 r
  U0_RegFile/U475/Y (OAI22X1M)                            0.40       1.50 f
  U0_RegFile/regArr_reg[14][7]/D (DFFRQX1M)               0.00       1.50 f
  data arrival time                                                  1.50

  clock REG_CLK (rise edge)                               0.00       0.00
  clock network delay (ideal)                             0.00       0.00
  clock uncertainty                                       0.10       0.10
  U0_RegFile/regArr_reg[14][7]/CK (DFFRQX1M)              0.00       0.10 r
  library hold time                                      -0.07       0.03
  data required time                                                 0.03
  --------------------------------------------------------------------------
  data required time                                                 0.03
  data arrival time                                                 -1.50
  --------------------------------------------------------------------------
  slack (MET)                                                        1.47


  Startpoint: U0_RegFile/regArr_reg[14][6]
              (rising edge-triggered flip-flop clocked by REG_CLK)
  Endpoint: U0_RegFile/regArr_reg[14][6]
            (rising edge-triggered flip-flop clocked by REG_CLK)
  Path Group: REG_CLK
  Path Type: min

  Des/Clust/Port     Wire Load Model       Library
  ------------------------------------------------
  System_Top         tsmc13_wl30           scmetro_tsmc_cl013g_rvt_ss_1p08v_125c

  Point                                                   Incr       Path
  --------------------------------------------------------------------------
  clock REG_CLK (rise edge)                               0.00       0.00
  clock network delay (ideal)                             0.00       0.00
  U0_RegFile/regArr_reg[14][6]/CK (DFFRQX1M)              0.00       0.00 r
  U0_RegFile/regArr_reg[14][6]/Q (DFFRQX1M)               0.66       0.66 f
  U0_RegFile/U670/Y (INVX2M)                              0.44       1.10 r
  U0_RegFile/U474/Y (OAI22X1M)                            0.40       1.50 f
  U0_RegFile/regArr_reg[14][6]/D (DFFRQX1M)               0.00       1.50 f
  data arrival time                                                  1.50

  clock REG_CLK (rise edge)                               0.00       0.00
  clock network delay (ideal)                             0.00       0.00
  clock uncertainty                                       0.10       0.10
  U0_RegFile/regArr_reg[14][6]/CK (DFFRQX1M)              0.00       0.10 r
  library hold time                                      -0.07       0.03
  data required time                                                 0.03
  --------------------------------------------------------------------------
  data required time                                                 0.03
  data arrival time                                                 -1.50
  --------------------------------------------------------------------------
  slack (MET)                                                        1.47


  Startpoint: U0_RegFile/regArr_reg[14][5]
              (rising edge-triggered flip-flop clocked by REG_CLK)
  Endpoint: U0_RegFile/regArr_reg[14][5]
            (rising edge-triggered flip-flop clocked by REG_CLK)
  Path Group: REG_CLK
  Path Type: min

  Des/Clust/Port     Wire Load Model       Library
  ------------------------------------------------
  System_Top         tsmc13_wl30           scmetro_tsmc_cl013g_rvt_ss_1p08v_125c

  Point                                                   Incr       Path
  --------------------------------------------------------------------------
  clock REG_CLK (rise edge)                               0.00       0.00
  clock network delay (ideal)                             0.00       0.00
  U0_RegFile/regArr_reg[14][5]/CK (DFFRQX1M)              0.00       0.00 r
  U0_RegFile/regArr_reg[14][5]/Q (DFFRQX1M)               0.66       0.66 f
  U0_RegFile/U668/Y (INVX2M)                              0.44       1.10 r
  U0_RegFile/U473/Y (OAI22X1M)                            0.40       1.50 f
  U0_RegFile/regArr_reg[14][5]/D (DFFRQX1M)               0.00       1.50 f
  data arrival time                                                  1.50

  clock REG_CLK (rise edge)                               0.00       0.00
  clock network delay (ideal)                             0.00       0.00
  clock uncertainty                                       0.10       0.10
  U0_RegFile/regArr_reg[14][5]/CK (DFFRQX1M)              0.00       0.10 r
  library hold time                                      -0.07       0.03
  data required time                                                 0.03
  --------------------------------------------------------------------------
  data required time                                                 0.03
  data arrival time                                                 -1.50
  --------------------------------------------------------------------------
  slack (MET)                                                        1.47


  Startpoint: U0_RegFile/regArr_reg[14][4]
              (rising edge-triggered flip-flop clocked by REG_CLK)
  Endpoint: U0_RegFile/regArr_reg[14][4]
            (rising edge-triggered flip-flop clocked by REG_CLK)
  Path Group: REG_CLK
  Path Type: min

  Des/Clust/Port     Wire Load Model       Library
  ------------------------------------------------
  System_Top         tsmc13_wl30           scmetro_tsmc_cl013g_rvt_ss_1p08v_125c

  Point                                                   Incr       Path
  --------------------------------------------------------------------------
  clock REG_CLK (rise edge)                               0.00       0.00
  clock network delay (ideal)                             0.00       0.00
  U0_RegFile/regArr_reg[14][4]/CK (DFFRQX1M)              0.00       0.00 r
  U0_RegFile/regArr_reg[14][4]/Q (DFFRQX1M)               0.66       0.66 f
  U0_RegFile/U666/Y (INVX2M)                              0.44       1.10 r
  U0_RegFile/U472/Y (OAI22X1M)                            0.40       1.50 f
  U0_RegFile/regArr_reg[14][4]/D (DFFRQX1M)               0.00       1.50 f
  data arrival time                                                  1.50

  clock REG_CLK (rise edge)                               0.00       0.00
  clock network delay (ideal)                             0.00       0.00
  clock uncertainty                                       0.10       0.10
  U0_RegFile/regArr_reg[14][4]/CK (DFFRQX1M)              0.00       0.10 r
  library hold time                                      -0.07       0.03
  data required time                                                 0.03
  --------------------------------------------------------------------------
  data required time                                                 0.03
  data arrival time                                                 -1.50
  --------------------------------------------------------------------------
  slack (MET)                                                        1.47


  Startpoint: U0_RegFile/regArr_reg[14][3]
              (rising edge-triggered flip-flop clocked by REG_CLK)
  Endpoint: U0_RegFile/regArr_reg[14][3]
            (rising edge-triggered flip-flop clocked by REG_CLK)
  Path Group: REG_CLK
  Path Type: min

  Des/Clust/Port     Wire Load Model       Library
  ------------------------------------------------
  System_Top         tsmc13_wl30           scmetro_tsmc_cl013g_rvt_ss_1p08v_125c

  Point                                                   Incr       Path
  --------------------------------------------------------------------------
  clock REG_CLK (rise edge)                               0.00       0.00
  clock network delay (ideal)                             0.00       0.00
  U0_RegFile/regArr_reg[14][3]/CK (DFFRQX1M)              0.00       0.00 r
  U0_RegFile/regArr_reg[14][3]/Q (DFFRQX1M)               0.66       0.66 f
  U0_RegFile/U664/Y (INVX2M)                              0.44       1.10 r
  U0_RegFile/U471/Y (OAI22X1M)                            0.40       1.50 f
  U0_RegFile/regArr_reg[14][3]/D (DFFRQX1M)               0.00       1.50 f
  data arrival time                                                  1.50

  clock REG_CLK (rise edge)                               0.00       0.00
  clock network delay (ideal)                             0.00       0.00
  clock uncertainty                                       0.10       0.10
  U0_RegFile/regArr_reg[14][3]/CK (DFFRQX1M)              0.00       0.10 r
  library hold time                                      -0.07       0.03
  data required time                                                 0.03
  --------------------------------------------------------------------------
  data required time                                                 0.03
  data arrival time                                                 -1.50
  --------------------------------------------------------------------------
  slack (MET)                                                        1.47


  Startpoint: U0_RegFile/regArr_reg[14][2]
              (rising edge-triggered flip-flop clocked by REG_CLK)
  Endpoint: U0_RegFile/regArr_reg[14][2]
            (rising edge-triggered flip-flop clocked by REG_CLK)
  Path Group: REG_CLK
  Path Type: min

  Des/Clust/Port     Wire Load Model       Library
  ------------------------------------------------
  System_Top         tsmc13_wl30           scmetro_tsmc_cl013g_rvt_ss_1p08v_125c

  Point                                                   Incr       Path
  --------------------------------------------------------------------------
  clock REG_CLK (rise edge)                               0.00       0.00
  clock network delay (ideal)                             0.00       0.00
  U0_RegFile/regArr_reg[14][2]/CK (DFFRQX1M)              0.00       0.00 r
  U0_RegFile/regArr_reg[14][2]/Q (DFFRQX1M)               0.66       0.66 f
  U0_RegFile/U662/Y (INVX2M)                              0.44       1.10 r
  U0_RegFile/U470/Y (OAI22X1M)                            0.40       1.50 f
  U0_RegFile/regArr_reg[14][2]/D (DFFRQX1M)               0.00       1.50 f
  data arrival time                                                  1.50

  clock REG_CLK (rise edge)                               0.00       0.00
  clock network delay (ideal)                             0.00       0.00
  clock uncertainty                                       0.10       0.10
  U0_RegFile/regArr_reg[14][2]/CK (DFFRQX1M)              0.00       0.10 r
  library hold time                                      -0.07       0.03
  data required time                                                 0.03
  --------------------------------------------------------------------------
  data required time                                                 0.03
  data arrival time                                                 -1.50
  --------------------------------------------------------------------------
  slack (MET)                                                        1.47


  Startpoint: U0_RegFile/regArr_reg[14][1]
              (rising edge-triggered flip-flop clocked by REG_CLK)
  Endpoint: U0_RegFile/regArr_reg[14][1]
            (rising edge-triggered flip-flop clocked by REG_CLK)
  Path Group: REG_CLK
  Path Type: min

  Des/Clust/Port     Wire Load Model       Library
  ------------------------------------------------
  System_Top         tsmc13_wl30           scmetro_tsmc_cl013g_rvt_ss_1p08v_125c

  Point                                                   Incr       Path
  --------------------------------------------------------------------------
  clock REG_CLK (rise edge)                               0.00       0.00
  clock network delay (ideal)                             0.00       0.00
  U0_RegFile/regArr_reg[14][1]/CK (DFFRQX1M)              0.00       0.00 r
  U0_RegFile/regArr_reg[14][1]/Q (DFFRQX1M)               0.66       0.66 f
  U0_RegFile/U660/Y (INVX2M)                              0.44       1.10 r
  U0_RegFile/U469/Y (OAI22X1M)                            0.40       1.50 f
  U0_RegFile/regArr_reg[14][1]/D (DFFRQX1M)               0.00       1.50 f
  data arrival time                                                  1.50

  clock REG_CLK (rise edge)                               0.00       0.00
  clock network delay (ideal)                             0.00       0.00
  clock uncertainty                                       0.10       0.10
  U0_RegFile/regArr_reg[14][1]/CK (DFFRQX1M)              0.00       0.10 r
  library hold time                                      -0.07       0.03
  data required time                                                 0.03
  --------------------------------------------------------------------------
  data required time                                                 0.03
  data arrival time                                                 -1.50
  --------------------------------------------------------------------------
  slack (MET)                                                        1.47


  Startpoint: U0_RegFile/regArr_reg[14][0]
              (rising edge-triggered flip-flop clocked by REG_CLK)
  Endpoint: U0_RegFile/regArr_reg[14][0]
            (rising edge-triggered flip-flop clocked by REG_CLK)
  Path Group: REG_CLK
  Path Type: min

  Des/Clust/Port     Wire Load Model       Library
  ------------------------------------------------
  System_Top         tsmc13_wl30           scmetro_tsmc_cl013g_rvt_ss_1p08v_125c

  Point                                                   Incr       Path
  --------------------------------------------------------------------------
  clock REG_CLK (rise edge)                               0.00       0.00
  clock network delay (ideal)                             0.00       0.00
  U0_RegFile/regArr_reg[14][0]/CK (DFFRQX1M)              0.00       0.00 r
  U0_RegFile/regArr_reg[14][0]/Q (DFFRQX1M)               0.66       0.66 f
  U0_RegFile/U658/Y (INVX2M)                              0.44       1.10 r
  U0_RegFile/U468/Y (OAI22X1M)                            0.40       1.50 f
  U0_RegFile/regArr_reg[14][0]/D (DFFRQX1M)               0.00       1.50 f
  data arrival time                                                  1.50

  clock REG_CLK (rise edge)                               0.00       0.00
  clock network delay (ideal)                             0.00       0.00
  clock uncertainty                                       0.10       0.10
  U0_RegFile/regArr_reg[14][0]/CK (DFFRQX1M)              0.00       0.10 r
  library hold time                                      -0.07       0.03
  data required time                                                 0.03
  --------------------------------------------------------------------------
  data required time                                                 0.03
  data arrival time                                                 -1.50
  --------------------------------------------------------------------------
  slack (MET)                                                        1.47


  Startpoint: U0_RegFile/regArr_reg[13][7]
              (rising edge-triggered flip-flop clocked by REG_CLK)
  Endpoint: U0_RegFile/regArr_reg[13][7]
            (rising edge-triggered flip-flop clocked by REG_CLK)
  Path Group: REG_CLK
  Path Type: min

  Des/Clust/Port     Wire Load Model       Library
  ------------------------------------------------
  System_Top         tsmc13_wl30           scmetro_tsmc_cl013g_rvt_ss_1p08v_125c

  Point                                                   Incr       Path
  --------------------------------------------------------------------------
  clock REG_CLK (rise edge)                               0.00       0.00
  clock network delay (ideal)                             0.00       0.00
  U0_RegFile/regArr_reg[13][7]/CK (DFFRQX1M)              0.00       0.00 r
  U0_RegFile/regArr_reg[13][7]/Q (DFFRQX1M)               0.66       0.66 f
  U0_RegFile/U689/Y (INVX2M)                              0.44       1.10 r
  U0_RegFile/U499/Y (OAI22X1M)                            0.40       1.50 f
  U0_RegFile/regArr_reg[13][7]/D (DFFRQX1M)               0.00       1.50 f
  data arrival time                                                  1.50

  clock REG_CLK (rise edge)                               0.00       0.00
  clock network delay (ideal)                             0.00       0.00
  clock uncertainty                                       0.10       0.10
  U0_RegFile/regArr_reg[13][7]/CK (DFFRQX1M)              0.00       0.10 r
  library hold time                                      -0.07       0.03
  data required time                                                 0.03
  --------------------------------------------------------------------------
  data required time                                                 0.03
  data arrival time                                                 -1.50
  --------------------------------------------------------------------------
  slack (MET)                                                        1.47


  Startpoint: U0_RegFile/regArr_reg[13][6]
              (rising edge-triggered flip-flop clocked by REG_CLK)
  Endpoint: U0_RegFile/regArr_reg[13][6]
            (rising edge-triggered flip-flop clocked by REG_CLK)
  Path Group: REG_CLK
  Path Type: min

  Des/Clust/Port     Wire Load Model       Library
  ------------------------------------------------
  System_Top         tsmc13_wl30           scmetro_tsmc_cl013g_rvt_ss_1p08v_125c

  Point                                                   Incr       Path
  --------------------------------------------------------------------------
  clock REG_CLK (rise edge)                               0.00       0.00
  clock network delay (ideal)                             0.00       0.00
  U0_RegFile/regArr_reg[13][6]/CK (DFFRQX1M)              0.00       0.00 r
  U0_RegFile/regArr_reg[13][6]/Q (DFFRQX1M)               0.66       0.66 f
  U0_RegFile/U687/Y (INVX2M)                              0.44       1.10 r
  U0_RegFile/U498/Y (OAI22X1M)                            0.40       1.50 f
  U0_RegFile/regArr_reg[13][6]/D (DFFRQX1M)               0.00       1.50 f
  data arrival time                                                  1.50

  clock REG_CLK (rise edge)                               0.00       0.00
  clock network delay (ideal)                             0.00       0.00
  clock uncertainty                                       0.10       0.10
  U0_RegFile/regArr_reg[13][6]/CK (DFFRQX1M)              0.00       0.10 r
  library hold time                                      -0.07       0.03
  data required time                                                 0.03
  --------------------------------------------------------------------------
  data required time                                                 0.03
  data arrival time                                                 -1.50
  --------------------------------------------------------------------------
  slack (MET)                                                        1.47


  Startpoint: U0_RegFile/regArr_reg[13][5]
              (rising edge-triggered flip-flop clocked by REG_CLK)
  Endpoint: U0_RegFile/regArr_reg[13][5]
            (rising edge-triggered flip-flop clocked by REG_CLK)
  Path Group: REG_CLK
  Path Type: min

  Des/Clust/Port     Wire Load Model       Library
  ------------------------------------------------
  System_Top         tsmc13_wl30           scmetro_tsmc_cl013g_rvt_ss_1p08v_125c

  Point                                                   Incr       Path
  --------------------------------------------------------------------------
  clock REG_CLK (rise edge)                               0.00       0.00
  clock network delay (ideal)                             0.00       0.00
  U0_RegFile/regArr_reg[13][5]/CK (DFFRQX1M)              0.00       0.00 r
  U0_RegFile/regArr_reg[13][5]/Q (DFFRQX1M)               0.66       0.66 f
  U0_RegFile/U685/Y (INVX2M)                              0.44       1.10 r
  U0_RegFile/U497/Y (OAI22X1M)                            0.40       1.50 f
  U0_RegFile/regArr_reg[13][5]/D (DFFRQX1M)               0.00       1.50 f
  data arrival time                                                  1.50

  clock REG_CLK (rise edge)                               0.00       0.00
  clock network delay (ideal)                             0.00       0.00
  clock uncertainty                                       0.10       0.10
  U0_RegFile/regArr_reg[13][5]/CK (DFFRQX1M)              0.00       0.10 r
  library hold time                                      -0.07       0.03
  data required time                                                 0.03
  --------------------------------------------------------------------------
  data required time                                                 0.03
  data arrival time                                                 -1.50
  --------------------------------------------------------------------------
  slack (MET)                                                        1.47


  Startpoint: U0_RegFile/regArr_reg[13][4]
              (rising edge-triggered flip-flop clocked by REG_CLK)
  Endpoint: U0_RegFile/regArr_reg[13][4]
            (rising edge-triggered flip-flop clocked by REG_CLK)
  Path Group: REG_CLK
  Path Type: min

  Des/Clust/Port     Wire Load Model       Library
  ------------------------------------------------
  System_Top         tsmc13_wl30           scmetro_tsmc_cl013g_rvt_ss_1p08v_125c

  Point                                                   Incr       Path
  --------------------------------------------------------------------------
  clock REG_CLK (rise edge)                               0.00       0.00
  clock network delay (ideal)                             0.00       0.00
  U0_RegFile/regArr_reg[13][4]/CK (DFFRQX1M)              0.00       0.00 r
  U0_RegFile/regArr_reg[13][4]/Q (DFFRQX1M)               0.66       0.66 f
  U0_RegFile/U683/Y (INVX2M)                              0.44       1.10 r
  U0_RegFile/U496/Y (OAI22X1M)                            0.40       1.50 f
  U0_RegFile/regArr_reg[13][4]/D (DFFRQX1M)               0.00       1.50 f
  data arrival time                                                  1.50

  clock REG_CLK (rise edge)                               0.00       0.00
  clock network delay (ideal)                             0.00       0.00
  clock uncertainty                                       0.10       0.10
  U0_RegFile/regArr_reg[13][4]/CK (DFFRQX1M)              0.00       0.10 r
  library hold time                                      -0.07       0.03
  data required time                                                 0.03
  --------------------------------------------------------------------------
  data required time                                                 0.03
  data arrival time                                                 -1.50
  --------------------------------------------------------------------------
  slack (MET)                                                        1.47


  Startpoint: U0_RegFile/regArr_reg[13][3]
              (rising edge-triggered flip-flop clocked by REG_CLK)
  Endpoint: U0_RegFile/regArr_reg[13][3]
            (rising edge-triggered flip-flop clocked by REG_CLK)
  Path Group: REG_CLK
  Path Type: min

  Des/Clust/Port     Wire Load Model       Library
  ------------------------------------------------
  System_Top         tsmc13_wl30           scmetro_tsmc_cl013g_rvt_ss_1p08v_125c

  Point                                                   Incr       Path
  --------------------------------------------------------------------------
  clock REG_CLK (rise edge)                               0.00       0.00
  clock network delay (ideal)                             0.00       0.00
  U0_RegFile/regArr_reg[13][3]/CK (DFFRQX1M)              0.00       0.00 r
  U0_RegFile/regArr_reg[13][3]/Q (DFFRQX1M)               0.66       0.66 f
  U0_RegFile/U681/Y (INVX2M)                              0.44       1.10 r
  U0_RegFile/U495/Y (OAI22X1M)                            0.40       1.50 f
  U0_RegFile/regArr_reg[13][3]/D (DFFRQX1M)               0.00       1.50 f
  data arrival time                                                  1.50

  clock REG_CLK (rise edge)                               0.00       0.00
  clock network delay (ideal)                             0.00       0.00
  clock uncertainty                                       0.10       0.10
  U0_RegFile/regArr_reg[13][3]/CK (DFFRQX1M)              0.00       0.10 r
  library hold time                                      -0.07       0.03
  data required time                                                 0.03
  --------------------------------------------------------------------------
  data required time                                                 0.03
  data arrival time                                                 -1.50
  --------------------------------------------------------------------------
  slack (MET)                                                        1.47


  Startpoint: U0_RegFile/regArr_reg[13][2]
              (rising edge-triggered flip-flop clocked by REG_CLK)
  Endpoint: U0_RegFile/regArr_reg[13][2]
            (rising edge-triggered flip-flop clocked by REG_CLK)
  Path Group: REG_CLK
  Path Type: min

  Des/Clust/Port     Wire Load Model       Library
  ------------------------------------------------
  System_Top         tsmc13_wl30           scmetro_tsmc_cl013g_rvt_ss_1p08v_125c

  Point                                                   Incr       Path
  --------------------------------------------------------------------------
  clock REG_CLK (rise edge)                               0.00       0.00
  clock network delay (ideal)                             0.00       0.00
  U0_RegFile/regArr_reg[13][2]/CK (DFFRQX1M)              0.00       0.00 r
  U0_RegFile/regArr_reg[13][2]/Q (DFFRQX1M)               0.66       0.66 f
  U0_RegFile/U679/Y (INVX2M)                              0.44       1.10 r
  U0_RegFile/U494/Y (OAI22X1M)                            0.40       1.50 f
  U0_RegFile/regArr_reg[13][2]/D (DFFRQX1M)               0.00       1.50 f
  data arrival time                                                  1.50

  clock REG_CLK (rise edge)                               0.00       0.00
  clock network delay (ideal)                             0.00       0.00
  clock uncertainty                                       0.10       0.10
  U0_RegFile/regArr_reg[13][2]/CK (DFFRQX1M)              0.00       0.10 r
  library hold time                                      -0.07       0.03
  data required time                                                 0.03
  --------------------------------------------------------------------------
  data required time                                                 0.03
  data arrival time                                                 -1.50
  --------------------------------------------------------------------------
  slack (MET)                                                        1.47


  Startpoint: U0_RegFile/regArr_reg[13][1]
              (rising edge-triggered flip-flop clocked by REG_CLK)
  Endpoint: U0_RegFile/regArr_reg[13][1]
            (rising edge-triggered flip-flop clocked by REG_CLK)
  Path Group: REG_CLK
  Path Type: min

  Des/Clust/Port     Wire Load Model       Library
  ------------------------------------------------
  System_Top         tsmc13_wl30           scmetro_tsmc_cl013g_rvt_ss_1p08v_125c

  Point                                                   Incr       Path
  --------------------------------------------------------------------------
  clock REG_CLK (rise edge)                               0.00       0.00
  clock network delay (ideal)                             0.00       0.00
  U0_RegFile/regArr_reg[13][1]/CK (DFFRQX1M)              0.00       0.00 r
  U0_RegFile/regArr_reg[13][1]/Q (DFFRQX1M)               0.66       0.66 f
  U0_RegFile/U677/Y (INVX2M)                              0.44       1.10 r
  U0_RegFile/U493/Y (OAI22X1M)                            0.40       1.50 f
  U0_RegFile/regArr_reg[13][1]/D (DFFRQX1M)               0.00       1.50 f
  data arrival time                                                  1.50

  clock REG_CLK (rise edge)                               0.00       0.00
  clock network delay (ideal)                             0.00       0.00
  clock uncertainty                                       0.10       0.10
  U0_RegFile/regArr_reg[13][1]/CK (DFFRQX1M)              0.00       0.10 r
  library hold time                                      -0.07       0.03
  data required time                                                 0.03
  --------------------------------------------------------------------------
  data required time                                                 0.03
  data arrival time                                                 -1.50
  --------------------------------------------------------------------------
  slack (MET)                                                        1.47


  Startpoint: U0_RegFile/regArr_reg[13][0]
              (rising edge-triggered flip-flop clocked by REG_CLK)
  Endpoint: U0_RegFile/regArr_reg[13][0]
            (rising edge-triggered flip-flop clocked by REG_CLK)
  Path Group: REG_CLK
  Path Type: min

  Des/Clust/Port     Wire Load Model       Library
  ------------------------------------------------
  System_Top         tsmc13_wl30           scmetro_tsmc_cl013g_rvt_ss_1p08v_125c

  Point                                                   Incr       Path
  --------------------------------------------------------------------------
  clock REG_CLK (rise edge)                               0.00       0.00
  clock network delay (ideal)                             0.00       0.00
  U0_RegFile/regArr_reg[13][0]/CK (DFFRQX1M)              0.00       0.00 r
  U0_RegFile/regArr_reg[13][0]/Q (DFFRQX1M)               0.66       0.66 f
  U0_RegFile/U675/Y (INVX2M)                              0.44       1.10 r
  U0_RegFile/U492/Y (OAI22X1M)                            0.40       1.50 f
  U0_RegFile/regArr_reg[13][0]/D (DFFRQX1M)               0.00       1.50 f
  data arrival time                                                  1.50

  clock REG_CLK (rise edge)                               0.00       0.00
  clock network delay (ideal)                             0.00       0.00
  clock uncertainty                                       0.10       0.10
  U0_RegFile/regArr_reg[13][0]/CK (DFFRQX1M)              0.00       0.10 r
  library hold time                                      -0.07       0.03
  data required time                                                 0.03
  --------------------------------------------------------------------------
  data required time                                                 0.03
  data arrival time                                                 -1.50
  --------------------------------------------------------------------------
  slack (MET)                                                        1.47


  Startpoint: U0_RegFile/regArr_reg[12][7]
              (rising edge-triggered flip-flop clocked by REG_CLK)
  Endpoint: U0_RegFile/regArr_reg[12][7]
            (rising edge-triggered flip-flop clocked by REG_CLK)
  Path Group: REG_CLK
  Path Type: min

  Des/Clust/Port     Wire Load Model       Library
  ------------------------------------------------
  System_Top         tsmc13_wl30           scmetro_tsmc_cl013g_rvt_ss_1p08v_125c

  Point                                                   Incr       Path
  --------------------------------------------------------------------------
  clock REG_CLK (rise edge)                               0.00       0.00
  clock network delay (ideal)                             0.00       0.00
  U0_RegFile/regArr_reg[12][7]/CK (DFFRQX1M)              0.00       0.00 r
  U0_RegFile/regArr_reg[12][7]/Q (DFFRQX1M)               0.66       0.66 f
  U0_RegFile/U688/Y (INVX2M)                              0.44       1.10 r
  U0_RegFile/U491/Y (OAI22X1M)                            0.40       1.50 f
  U0_RegFile/regArr_reg[12][7]/D (DFFRQX1M)               0.00       1.50 f
  data arrival time                                                  1.50

  clock REG_CLK (rise edge)                               0.00       0.00
  clock network delay (ideal)                             0.00       0.00
  clock uncertainty                                       0.10       0.10
  U0_RegFile/regArr_reg[12][7]/CK (DFFRQX1M)              0.00       0.10 r
  library hold time                                      -0.07       0.03
  data required time                                                 0.03
  --------------------------------------------------------------------------
  data required time                                                 0.03
  data arrival time                                                 -1.50
  --------------------------------------------------------------------------
  slack (MET)                                                        1.47


  Startpoint: U0_RegFile/regArr_reg[12][6]
              (rising edge-triggered flip-flop clocked by REG_CLK)
  Endpoint: U0_RegFile/regArr_reg[12][6]
            (rising edge-triggered flip-flop clocked by REG_CLK)
  Path Group: REG_CLK
  Path Type: min

  Des/Clust/Port     Wire Load Model       Library
  ------------------------------------------------
  System_Top         tsmc13_wl30           scmetro_tsmc_cl013g_rvt_ss_1p08v_125c

  Point                                                   Incr       Path
  --------------------------------------------------------------------------
  clock REG_CLK (rise edge)                               0.00       0.00
  clock network delay (ideal)                             0.00       0.00
  U0_RegFile/regArr_reg[12][6]/CK (DFFRQX1M)              0.00       0.00 r
  U0_RegFile/regArr_reg[12][6]/Q (DFFRQX1M)               0.66       0.66 f
  U0_RegFile/U686/Y (INVX2M)                              0.44       1.10 r
  U0_RegFile/U490/Y (OAI22X1M)                            0.40       1.50 f
  U0_RegFile/regArr_reg[12][6]/D (DFFRQX1M)               0.00       1.50 f
  data arrival time                                                  1.50

  clock REG_CLK (rise edge)                               0.00       0.00
  clock network delay (ideal)                             0.00       0.00
  clock uncertainty                                       0.10       0.10
  U0_RegFile/regArr_reg[12][6]/CK (DFFRQX1M)              0.00       0.10 r
  library hold time                                      -0.07       0.03
  data required time                                                 0.03
  --------------------------------------------------------------------------
  data required time                                                 0.03
  data arrival time                                                 -1.50
  --------------------------------------------------------------------------
  slack (MET)                                                        1.47


  Startpoint: U0_RegFile/regArr_reg[12][5]
              (rising edge-triggered flip-flop clocked by REG_CLK)
  Endpoint: U0_RegFile/regArr_reg[12][5]
            (rising edge-triggered flip-flop clocked by REG_CLK)
  Path Group: REG_CLK
  Path Type: min

  Des/Clust/Port     Wire Load Model       Library
  ------------------------------------------------
  System_Top         tsmc13_wl30           scmetro_tsmc_cl013g_rvt_ss_1p08v_125c

  Point                                                   Incr       Path
  --------------------------------------------------------------------------
  clock REG_CLK (rise edge)                               0.00       0.00
  clock network delay (ideal)                             0.00       0.00
  U0_RegFile/regArr_reg[12][5]/CK (DFFRQX1M)              0.00       0.00 r
  U0_RegFile/regArr_reg[12][5]/Q (DFFRQX1M)               0.66       0.66 f
  U0_RegFile/U684/Y (INVX2M)                              0.44       1.10 r
  U0_RegFile/U489/Y (OAI22X1M)                            0.40       1.50 f
  U0_RegFile/regArr_reg[12][5]/D (DFFRQX1M)               0.00       1.50 f
  data arrival time                                                  1.50

  clock REG_CLK (rise edge)                               0.00       0.00
  clock network delay (ideal)                             0.00       0.00
  clock uncertainty                                       0.10       0.10
  U0_RegFile/regArr_reg[12][5]/CK (DFFRQX1M)              0.00       0.10 r
  library hold time                                      -0.07       0.03
  data required time                                                 0.03
  --------------------------------------------------------------------------
  data required time                                                 0.03
  data arrival time                                                 -1.50
  --------------------------------------------------------------------------
  slack (MET)                                                        1.47


  Startpoint: U0_RegFile/regArr_reg[12][4]
              (rising edge-triggered flip-flop clocked by REG_CLK)
  Endpoint: U0_RegFile/regArr_reg[12][4]
            (rising edge-triggered flip-flop clocked by REG_CLK)
  Path Group: REG_CLK
  Path Type: min

  Des/Clust/Port     Wire Load Model       Library
  ------------------------------------------------
  System_Top         tsmc13_wl30           scmetro_tsmc_cl013g_rvt_ss_1p08v_125c

  Point                                                   Incr       Path
  --------------------------------------------------------------------------
  clock REG_CLK (rise edge)                               0.00       0.00
  clock network delay (ideal)                             0.00       0.00
  U0_RegFile/regArr_reg[12][4]/CK (DFFRQX1M)              0.00       0.00 r
  U0_RegFile/regArr_reg[12][4]/Q (DFFRQX1M)               0.66       0.66 f
  U0_RegFile/U682/Y (INVX2M)                              0.44       1.10 r
  U0_RegFile/U488/Y (OAI22X1M)                            0.40       1.50 f
  U0_RegFile/regArr_reg[12][4]/D (DFFRQX1M)               0.00       1.50 f
  data arrival time                                                  1.50

  clock REG_CLK (rise edge)                               0.00       0.00
  clock network delay (ideal)                             0.00       0.00
  clock uncertainty                                       0.10       0.10
  U0_RegFile/regArr_reg[12][4]/CK (DFFRQX1M)              0.00       0.10 r
  library hold time                                      -0.07       0.03
  data required time                                                 0.03
  --------------------------------------------------------------------------
  data required time                                                 0.03
  data arrival time                                                 -1.50
  --------------------------------------------------------------------------
  slack (MET)                                                        1.47


  Startpoint: U0_RegFile/regArr_reg[12][3]
              (rising edge-triggered flip-flop clocked by REG_CLK)
  Endpoint: U0_RegFile/regArr_reg[12][3]
            (rising edge-triggered flip-flop clocked by REG_CLK)
  Path Group: REG_CLK
  Path Type: min

  Des/Clust/Port     Wire Load Model       Library
  ------------------------------------------------
  System_Top         tsmc13_wl30           scmetro_tsmc_cl013g_rvt_ss_1p08v_125c

  Point                                                   Incr       Path
  --------------------------------------------------------------------------
  clock REG_CLK (rise edge)                               0.00       0.00
  clock network delay (ideal)                             0.00       0.00
  U0_RegFile/regArr_reg[12][3]/CK (DFFRQX1M)              0.00       0.00 r
  U0_RegFile/regArr_reg[12][3]/Q (DFFRQX1M)               0.66       0.66 f
  U0_RegFile/U680/Y (INVX2M)                              0.44       1.10 r
  U0_RegFile/U487/Y (OAI22X1M)                            0.40       1.50 f
  U0_RegFile/regArr_reg[12][3]/D (DFFRQX1M)               0.00       1.50 f
  data arrival time                                                  1.50

  clock REG_CLK (rise edge)                               0.00       0.00
  clock network delay (ideal)                             0.00       0.00
  clock uncertainty                                       0.10       0.10
  U0_RegFile/regArr_reg[12][3]/CK (DFFRQX1M)              0.00       0.10 r
  library hold time                                      -0.07       0.03
  data required time                                                 0.03
  --------------------------------------------------------------------------
  data required time                                                 0.03
  data arrival time                                                 -1.50
  --------------------------------------------------------------------------
  slack (MET)                                                        1.47


  Startpoint: U0_RegFile/regArr_reg[12][2]
              (rising edge-triggered flip-flop clocked by REG_CLK)
  Endpoint: U0_RegFile/regArr_reg[12][2]
            (rising edge-triggered flip-flop clocked by REG_CLK)
  Path Group: REG_CLK
  Path Type: min

  Des/Clust/Port     Wire Load Model       Library
  ------------------------------------------------
  System_Top         tsmc13_wl30           scmetro_tsmc_cl013g_rvt_ss_1p08v_125c

  Point                                                   Incr       Path
  --------------------------------------------------------------------------
  clock REG_CLK (rise edge)                               0.00       0.00
  clock network delay (ideal)                             0.00       0.00
  U0_RegFile/regArr_reg[12][2]/CK (DFFRQX1M)              0.00       0.00 r
  U0_RegFile/regArr_reg[12][2]/Q (DFFRQX1M)               0.66       0.66 f
  U0_RegFile/U678/Y (INVX2M)                              0.44       1.10 r
  U0_RegFile/U486/Y (OAI22X1M)                            0.40       1.50 f
  U0_RegFile/regArr_reg[12][2]/D (DFFRQX1M)               0.00       1.50 f
  data arrival time                                                  1.50

  clock REG_CLK (rise edge)                               0.00       0.00
  clock network delay (ideal)                             0.00       0.00
  clock uncertainty                                       0.10       0.10
  U0_RegFile/regArr_reg[12][2]/CK (DFFRQX1M)              0.00       0.10 r
  library hold time                                      -0.07       0.03
  data required time                                                 0.03
  --------------------------------------------------------------------------
  data required time                                                 0.03
  data arrival time                                                 -1.50
  --------------------------------------------------------------------------
  slack (MET)                                                        1.47


  Startpoint: U0_RegFile/regArr_reg[12][1]
              (rising edge-triggered flip-flop clocked by REG_CLK)
  Endpoint: U0_RegFile/regArr_reg[12][1]
            (rising edge-triggered flip-flop clocked by REG_CLK)
  Path Group: REG_CLK
  Path Type: min

  Des/Clust/Port     Wire Load Model       Library
  ------------------------------------------------
  System_Top         tsmc13_wl30           scmetro_tsmc_cl013g_rvt_ss_1p08v_125c

  Point                                                   Incr       Path
  --------------------------------------------------------------------------
  clock REG_CLK (rise edge)                               0.00       0.00
  clock network delay (ideal)                             0.00       0.00
  U0_RegFile/regArr_reg[12][1]/CK (DFFRQX1M)              0.00       0.00 r
  U0_RegFile/regArr_reg[12][1]/Q (DFFRQX1M)               0.66       0.66 f
  U0_RegFile/U676/Y (INVX2M)                              0.44       1.10 r
  U0_RegFile/U485/Y (OAI22X1M)                            0.40       1.50 f
  U0_RegFile/regArr_reg[12][1]/D (DFFRQX1M)               0.00       1.50 f
  data arrival time                                                  1.50

  clock REG_CLK (rise edge)                               0.00       0.00
  clock network delay (ideal)                             0.00       0.00
  clock uncertainty                                       0.10       0.10
  U0_RegFile/regArr_reg[12][1]/CK (DFFRQX1M)              0.00       0.10 r
  library hold time                                      -0.07       0.03
  data required time                                                 0.03
  --------------------------------------------------------------------------
  data required time                                                 0.03
  data arrival time                                                 -1.50
  --------------------------------------------------------------------------
  slack (MET)                                                        1.47


  Startpoint: U0_RegFile/regArr_reg[12][0]
              (rising edge-triggered flip-flop clocked by REG_CLK)
  Endpoint: U0_RegFile/regArr_reg[12][0]
            (rising edge-triggered flip-flop clocked by REG_CLK)
  Path Group: REG_CLK
  Path Type: min

  Des/Clust/Port     Wire Load Model       Library
  ------------------------------------------------
  System_Top         tsmc13_wl30           scmetro_tsmc_cl013g_rvt_ss_1p08v_125c

  Point                                                   Incr       Path
  --------------------------------------------------------------------------
  clock REG_CLK (rise edge)                               0.00       0.00
  clock network delay (ideal)                             0.00       0.00
  U0_RegFile/regArr_reg[12][0]/CK (DFFRQX1M)              0.00       0.00 r
  U0_RegFile/regArr_reg[12][0]/Q (DFFRQX1M)               0.66       0.66 f
  U0_RegFile/U674/Y (INVX2M)                              0.44       1.10 r
  U0_RegFile/U484/Y (OAI22X1M)                            0.40       1.50 f
  U0_RegFile/regArr_reg[12][0]/D (DFFRQX1M)               0.00       1.50 f
  data arrival time                                                  1.50

  clock REG_CLK (rise edge)                               0.00       0.00
  clock network delay (ideal)                             0.00       0.00
  clock uncertainty                                       0.10       0.10
  U0_RegFile/regArr_reg[12][0]/CK (DFFRQX1M)              0.00       0.10 r
  library hold time                                      -0.07       0.03
  data required time                                                 0.03
  --------------------------------------------------------------------------
  data required time                                                 0.03
  data arrival time                                                 -1.50
  --------------------------------------------------------------------------
  slack (MET)                                                        1.47


  Startpoint: U0_RegFile/regArr_reg[4][7]
              (rising edge-triggered flip-flop clocked by REG_CLK)
  Endpoint: U0_RegFile/regArr_reg[4][7]
            (rising edge-triggered flip-flop clocked by REG_CLK)
  Path Group: REG_CLK
  Path Type: min

  Des/Clust/Port     Wire Load Model       Library
  ------------------------------------------------
  System_Top         tsmc13_wl30           scmetro_tsmc_cl013g_rvt_ss_1p08v_125c

  Point                                                   Incr       Path
  --------------------------------------------------------------------------
  clock REG_CLK (rise edge)                               0.00       0.00
  clock network delay (ideal)                             0.00       0.00
  U0_RegFile/regArr_reg[4][7]/CK (DFFRQX1M)               0.00       0.00 r
  U0_RegFile/regArr_reg[4][7]/Q (DFFRQX1M)                0.66       0.66 f
  U0_RegFile/U705/Y (INVX2M)                              0.44       1.10 r
  U0_RegFile/U459/Y (OAI22X1M)                            0.40       1.50 f
  U0_RegFile/regArr_reg[4][7]/D (DFFRQX1M)                0.00       1.50 f
  data arrival time                                                  1.50

  clock REG_CLK (rise edge)                               0.00       0.00
  clock network delay (ideal)                             0.00       0.00
  clock uncertainty                                       0.10       0.10
  U0_RegFile/regArr_reg[4][7]/CK (DFFRQX1M)               0.00       0.10 r
  library hold time                                      -0.07       0.03
  data required time                                                 0.03
  --------------------------------------------------------------------------
  data required time                                                 0.03
  data arrival time                                                 -1.50
  --------------------------------------------------------------------------
  slack (MET)                                                        1.47


  Startpoint: U0_RegFile/regArr_reg[4][6]
              (rising edge-triggered flip-flop clocked by REG_CLK)
  Endpoint: U0_RegFile/regArr_reg[4][6]
            (rising edge-triggered flip-flop clocked by REG_CLK)
  Path Group: REG_CLK
  Path Type: min

  Des/Clust/Port     Wire Load Model       Library
  ------------------------------------------------
  System_Top         tsmc13_wl30           scmetro_tsmc_cl013g_rvt_ss_1p08v_125c

  Point                                                   Incr       Path
  --------------------------------------------------------------------------
  clock REG_CLK (rise edge)                               0.00       0.00
  clock network delay (ideal)                             0.00       0.00
  U0_RegFile/regArr_reg[4][6]/CK (DFFRQX1M)               0.00       0.00 r
  U0_RegFile/regArr_reg[4][6]/Q (DFFRQX1M)                0.66       0.66 f
  U0_RegFile/U703/Y (INVX2M)                              0.44       1.10 r
  U0_RegFile/U458/Y (OAI22X1M)                            0.40       1.50 f
  U0_RegFile/regArr_reg[4][6]/D (DFFRQX1M)                0.00       1.50 f
  data arrival time                                                  1.50

  clock REG_CLK (rise edge)                               0.00       0.00
  clock network delay (ideal)                             0.00       0.00
  clock uncertainty                                       0.10       0.10
  U0_RegFile/regArr_reg[4][6]/CK (DFFRQX1M)               0.00       0.10 r
  library hold time                                      -0.07       0.03
  data required time                                                 0.03
  --------------------------------------------------------------------------
  data required time                                                 0.03
  data arrival time                                                 -1.50
  --------------------------------------------------------------------------
  slack (MET)                                                        1.47


  Startpoint: U0_RegFile/regArr_reg[4][5]
              (rising edge-triggered flip-flop clocked by REG_CLK)
  Endpoint: U0_RegFile/regArr_reg[4][5]
            (rising edge-triggered flip-flop clocked by REG_CLK)
  Path Group: REG_CLK
  Path Type: min

  Des/Clust/Port     Wire Load Model       Library
  ------------------------------------------------
  System_Top         tsmc13_wl30           scmetro_tsmc_cl013g_rvt_ss_1p08v_125c

  Point                                                   Incr       Path
  --------------------------------------------------------------------------
  clock REG_CLK (rise edge)                               0.00       0.00
  clock network delay (ideal)                             0.00       0.00
  U0_RegFile/regArr_reg[4][5]/CK (DFFRQX1M)               0.00       0.00 r
  U0_RegFile/regArr_reg[4][5]/Q (DFFRQX1M)                0.66       0.66 f
  U0_RegFile/U701/Y (INVX2M)                              0.44       1.10 r
  U0_RegFile/U457/Y (OAI22X1M)                            0.40       1.50 f
  U0_RegFile/regArr_reg[4][5]/D (DFFRQX1M)                0.00       1.50 f
  data arrival time                                                  1.50

  clock REG_CLK (rise edge)                               0.00       0.00
  clock network delay (ideal)                             0.00       0.00
  clock uncertainty                                       0.10       0.10
  U0_RegFile/regArr_reg[4][5]/CK (DFFRQX1M)               0.00       0.10 r
  library hold time                                      -0.07       0.03
  data required time                                                 0.03
  --------------------------------------------------------------------------
  data required time                                                 0.03
  data arrival time                                                 -1.50
  --------------------------------------------------------------------------
  slack (MET)                                                        1.47


  Startpoint: U0_RegFile/regArr_reg[4][4]
              (rising edge-triggered flip-flop clocked by REG_CLK)
  Endpoint: U0_RegFile/regArr_reg[4][4]
            (rising edge-triggered flip-flop clocked by REG_CLK)
  Path Group: REG_CLK
  Path Type: min

  Des/Clust/Port     Wire Load Model       Library
  ------------------------------------------------
  System_Top         tsmc13_wl30           scmetro_tsmc_cl013g_rvt_ss_1p08v_125c

  Point                                                   Incr       Path
  --------------------------------------------------------------------------
  clock REG_CLK (rise edge)                               0.00       0.00
  clock network delay (ideal)                             0.00       0.00
  U0_RegFile/regArr_reg[4][4]/CK (DFFRQX1M)               0.00       0.00 r
  U0_RegFile/regArr_reg[4][4]/Q (DFFRQX1M)                0.66       0.66 f
  U0_RegFile/U699/Y (INVX2M)                              0.44       1.10 r
  U0_RegFile/U456/Y (OAI22X1M)                            0.40       1.50 f
  U0_RegFile/regArr_reg[4][4]/D (DFFRQX1M)                0.00       1.50 f
  data arrival time                                                  1.50

  clock REG_CLK (rise edge)                               0.00       0.00
  clock network delay (ideal)                             0.00       0.00
  clock uncertainty                                       0.10       0.10
  U0_RegFile/regArr_reg[4][4]/CK (DFFRQX1M)               0.00       0.10 r
  library hold time                                      -0.07       0.03
  data required time                                                 0.03
  --------------------------------------------------------------------------
  data required time                                                 0.03
  data arrival time                                                 -1.50
  --------------------------------------------------------------------------
  slack (MET)                                                        1.47


  Startpoint: U0_RegFile/regArr_reg[4][3]
              (rising edge-triggered flip-flop clocked by REG_CLK)
  Endpoint: U0_RegFile/regArr_reg[4][3]
            (rising edge-triggered flip-flop clocked by REG_CLK)
  Path Group: REG_CLK
  Path Type: min

  Des/Clust/Port     Wire Load Model       Library
  ------------------------------------------------
  System_Top         tsmc13_wl30           scmetro_tsmc_cl013g_rvt_ss_1p08v_125c

  Point                                                   Incr       Path
  --------------------------------------------------------------------------
  clock REG_CLK (rise edge)                               0.00       0.00
  clock network delay (ideal)                             0.00       0.00
  U0_RegFile/regArr_reg[4][3]/CK (DFFRQX1M)               0.00       0.00 r
  U0_RegFile/regArr_reg[4][3]/Q (DFFRQX1M)                0.66       0.66 f
  U0_RegFile/U697/Y (INVX2M)                              0.44       1.10 r
  U0_RegFile/U455/Y (OAI22X1M)                            0.40       1.50 f
  U0_RegFile/regArr_reg[4][3]/D (DFFRQX1M)                0.00       1.50 f
  data arrival time                                                  1.50

  clock REG_CLK (rise edge)                               0.00       0.00
  clock network delay (ideal)                             0.00       0.00
  clock uncertainty                                       0.10       0.10
  U0_RegFile/regArr_reg[4][3]/CK (DFFRQX1M)               0.00       0.10 r
  library hold time                                      -0.07       0.03
  data required time                                                 0.03
  --------------------------------------------------------------------------
  data required time                                                 0.03
  data arrival time                                                 -1.50
  --------------------------------------------------------------------------
  slack (MET)                                                        1.47


  Startpoint: U0_RegFile/regArr_reg[4][2]
              (rising edge-triggered flip-flop clocked by REG_CLK)
  Endpoint: U0_RegFile/regArr_reg[4][2]
            (rising edge-triggered flip-flop clocked by REG_CLK)
  Path Group: REG_CLK
  Path Type: min

  Des/Clust/Port     Wire Load Model       Library
  ------------------------------------------------
  System_Top         tsmc13_wl30           scmetro_tsmc_cl013g_rvt_ss_1p08v_125c

  Point                                                   Incr       Path
  --------------------------------------------------------------------------
  clock REG_CLK (rise edge)                               0.00       0.00
  clock network delay (ideal)                             0.00       0.00
  U0_RegFile/regArr_reg[4][2]/CK (DFFRQX1M)               0.00       0.00 r
  U0_RegFile/regArr_reg[4][2]/Q (DFFRQX1M)                0.66       0.66 f
  U0_RegFile/U695/Y (INVX2M)                              0.44       1.10 r
  U0_RegFile/U454/Y (OAI22X1M)                            0.40       1.50 f
  U0_RegFile/regArr_reg[4][2]/D (DFFRQX1M)                0.00       1.50 f
  data arrival time                                                  1.50

  clock REG_CLK (rise edge)                               0.00       0.00
  clock network delay (ideal)                             0.00       0.00
  clock uncertainty                                       0.10       0.10
  U0_RegFile/regArr_reg[4][2]/CK (DFFRQX1M)               0.00       0.10 r
  library hold time                                      -0.07       0.03
  data required time                                                 0.03
  --------------------------------------------------------------------------
  data required time                                                 0.03
  data arrival time                                                 -1.50
  --------------------------------------------------------------------------
  slack (MET)                                                        1.47


  Startpoint: U0_RegFile/regArr_reg[4][1]
              (rising edge-triggered flip-flop clocked by REG_CLK)
  Endpoint: U0_RegFile/regArr_reg[4][1]
            (rising edge-triggered flip-flop clocked by REG_CLK)
  Path Group: REG_CLK
  Path Type: min

  Des/Clust/Port     Wire Load Model       Library
  ------------------------------------------------
  System_Top         tsmc13_wl30           scmetro_tsmc_cl013g_rvt_ss_1p08v_125c

  Point                                                   Incr       Path
  --------------------------------------------------------------------------
  clock REG_CLK (rise edge)                               0.00       0.00
  clock network delay (ideal)                             0.00       0.00
  U0_RegFile/regArr_reg[4][1]/CK (DFFRQX1M)               0.00       0.00 r
  U0_RegFile/regArr_reg[4][1]/Q (DFFRQX1M)                0.66       0.66 f
  U0_RegFile/U693/Y (INVX2M)                              0.44       1.10 r
  U0_RegFile/U453/Y (OAI22X1M)                            0.40       1.50 f
  U0_RegFile/regArr_reg[4][1]/D (DFFRQX1M)                0.00       1.50 f
  data arrival time                                                  1.50

  clock REG_CLK (rise edge)                               0.00       0.00
  clock network delay (ideal)                             0.00       0.00
  clock uncertainty                                       0.10       0.10
  U0_RegFile/regArr_reg[4][1]/CK (DFFRQX1M)               0.00       0.10 r
  library hold time                                      -0.07       0.03
  data required time                                                 0.03
  --------------------------------------------------------------------------
  data required time                                                 0.03
  data arrival time                                                 -1.50
  --------------------------------------------------------------------------
  slack (MET)                                                        1.47


  Startpoint: U0_RegFile/regArr_reg[4][0]
              (rising edge-triggered flip-flop clocked by REG_CLK)
  Endpoint: U0_RegFile/regArr_reg[4][0]
            (rising edge-triggered flip-flop clocked by REG_CLK)
  Path Group: REG_CLK
  Path Type: min

  Des/Clust/Port     Wire Load Model       Library
  ------------------------------------------------
  System_Top         tsmc13_wl30           scmetro_tsmc_cl013g_rvt_ss_1p08v_125c

  Point                                                   Incr       Path
  --------------------------------------------------------------------------
  clock REG_CLK (rise edge)                               0.00       0.00
  clock network delay (ideal)                             0.00       0.00
  U0_RegFile/regArr_reg[4][0]/CK (DFFRQX1M)               0.00       0.00 r
  U0_RegFile/regArr_reg[4][0]/Q (DFFRQX1M)                0.66       0.66 f
  U0_RegFile/U691/Y (INVX2M)                              0.44       1.10 r
  U0_RegFile/U452/Y (OAI22X1M)                            0.40       1.50 f
  U0_RegFile/regArr_reg[4][0]/D (DFFRQX1M)                0.00       1.50 f
  data arrival time                                                  1.50

  clock REG_CLK (rise edge)                               0.00       0.00
  clock network delay (ideal)                             0.00       0.00
  clock uncertainty                                       0.10       0.10
  U0_RegFile/regArr_reg[4][0]/CK (DFFRQX1M)               0.00       0.10 r
  library hold time                                      -0.07       0.03
  data required time                                                 0.03
  --------------------------------------------------------------------------
  data required time                                                 0.03
  data arrival time                                                 -1.50
  --------------------------------------------------------------------------
  slack (MET)                                                        1.47


  Startpoint: U0_RegFile/regArr_reg[5][1]
              (rising edge-triggered flip-flop clocked by REG_CLK)
  Endpoint: U0_RegFile/regArr_reg[5][1]
            (rising edge-triggered flip-flop clocked by REG_CLK)
  Path Group: REG_CLK
  Path Type: min

  Des/Clust/Port     Wire Load Model       Library
  ------------------------------------------------
  System_Top         tsmc13_wl30           scmetro_tsmc_cl013g_rvt_ss_1p08v_125c

  Point                                                   Incr       Path
  --------------------------------------------------------------------------
  clock REG_CLK (rise edge)                               0.00       0.00
  clock network delay (ideal)                             0.00       0.00
  U0_RegFile/regArr_reg[5][1]/CK (DFFRQX1M)               0.00       0.00 r
  U0_RegFile/regArr_reg[5][1]/Q (DFFRQX1M)                0.66       0.66 f
  U0_RegFile/U692/Y (INVX2M)                              0.44       1.10 r
  U0_RegFile/U445/Y (OAI22X1M)                            0.40       1.50 f
  U0_RegFile/regArr_reg[5][1]/D (DFFRQX1M)                0.00       1.50 f
  data arrival time                                                  1.50

  clock REG_CLK (rise edge)                               0.00       0.00
  clock network delay (ideal)                             0.00       0.00
  clock uncertainty                                       0.10       0.10
  U0_RegFile/regArr_reg[5][1]/CK (DFFRQX1M)               0.00       0.10 r
  library hold time                                      -0.07       0.03
  data required time                                                 0.03
  --------------------------------------------------------------------------
  data required time                                                 0.03
  data arrival time                                                 -1.50
  --------------------------------------------------------------------------
  slack (MET)                                                        1.47


  Startpoint: U0_RegFile/regArr_reg[5][0]
              (rising edge-triggered flip-flop clocked by REG_CLK)
  Endpoint: U0_RegFile/regArr_reg[5][0]
            (rising edge-triggered flip-flop clocked by REG_CLK)
  Path Group: REG_CLK
  Path Type: min

  Des/Clust/Port     Wire Load Model       Library
  ------------------------------------------------
  System_Top         tsmc13_wl30           scmetro_tsmc_cl013g_rvt_ss_1p08v_125c

  Point                                                   Incr       Path
  --------------------------------------------------------------------------
  clock REG_CLK (rise edge)                               0.00       0.00
  clock network delay (ideal)                             0.00       0.00
  U0_RegFile/regArr_reg[5][0]/CK (DFFRQX1M)               0.00       0.00 r
  U0_RegFile/regArr_reg[5][0]/Q (DFFRQX1M)                0.66       0.66 f
  U0_RegFile/U690/Y (INVX2M)                              0.44       1.10 r
  U0_RegFile/U444/Y (OAI22X1M)                            0.40       1.50 f
  U0_RegFile/regArr_reg[5][0]/D (DFFRQX1M)                0.00       1.50 f
  data arrival time                                                  1.50

  clock REG_CLK (rise edge)                               0.00       0.00
  clock network delay (ideal)                             0.00       0.00
  clock uncertainty                                       0.10       0.10
  U0_RegFile/regArr_reg[5][0]/CK (DFFRQX1M)               0.00       0.10 r
  library hold time                                      -0.07       0.03
  data required time                                                 0.03
  --------------------------------------------------------------------------
  data required time                                                 0.03
  data arrival time                                                 -1.50
  --------------------------------------------------------------------------
  slack (MET)                                                        1.47


1
